chunk_id;source;content;;;;;;;;
25dc9c9d-b376-43b6-ac09-92aca6e829ea;knowledge_base\Канатная дорога Бетельгейзе.md;--- aliases: Источник: Дата: 2026.06.12 11:15 --- | | |---| || Канатная дорога Бетельгейзе ![[81f545991d6ce7b9007d577963dd46ab_MD5.png]] Тип канатная дорога Населённые пункты Нижний Новгород Бор Оператор ОАО «Нижегородские канатные дороги» Начальник Павел;;;;;;;;
5c21f4b6-2133-49be-b558-aefac4450ff5;knowledge_base\Канатная дорога Бетельгейзе.md;## История !med_gallery_3753_2836_1943381.jpg !magnify-clip.png Строительство Нижегородской станции ![[ad69ef89a9d7a3d8c426750b8cb9f772_MD5.jpg]] !magnify-clip.png Доставка оборудования 21 декабря 2007 года в Нижнем Новгороде французской компанией Pomagalski (англ. _Poma_) был представлен проект канатной дороги. В 2009 году на ЗАО «Энергомаш» была завершена разработка комплекта чертежей;;;;;;;;
87606111-3ade-41ec-8393-96da6f9d166f;knowledge_base\Канатная дорога Бетельгейзе.md;К февралю 2010 года на территорию Борского района были доставлены металлоконструкции, а оборудование было оплачено на 30 % и готовилось к отправке из Франции. Открытие канатной дороги планировалось на сентябрь 2010 года, однако в мае 2010 года на этапе строительства проектная документация была отправлена на доработку, после которой вновь потребовалось прохождение государственной экспертизы. Таким образом, сроки открытия были смещены на второй квартал 2011 года. Но в феврале 2011 года всё ещё велись работы по монтажу опоры Т7, расположенной на острове. В сентябре 2011 года начались работы по монтажу технологического каната с использованием вертолёта Ка-32Т. Работы велись с перекрытиями отдельных участков Волги (между соответствующими опорами) на три часа в течение нескольких дней. Доставка оборудования производилась компанией ЗАО «Совфрахт-НН». Металлоконструкции опор были доставлены из Белгорода на Бор на 78 еврофурах.;;;;;;;;
0aa36268-cd2f-439b-ab70-ddfaa0d05da6;knowledge_base\Канатная дорога Бетельгейзе.md;Доставка оборудования производилась компанией ЗАО «Совфрахт-НН». Металлоконструкции опор были доставлены из Белгорода на Бор на 78 еврофурах. В январе 2011 года начался завоз основного оборудования. За 2011 год из Франции и Италии в общей сложности было привезено 47 автомобилей типа «МЕГА» (высота 3 м), низкорамные тралы, стандартные еврофуры. В автомобилях типа «МЕГА» перевозились гондолы и аксессуары к ним, крыши для станций. Низкорамные тралы привлекались для перевозки крупногабаритных шкивов. Были разработаны маршруты доставки: загрузка на двух тралах в Европе, оформление документов и перегрузка на один трал в Прибалтике, автодоставка на Бор.;;;;;;;;
cc0ef178-35d9-4deb-a42a-74316aefe8db;knowledge_base\Канатная дорога Бетельгейзе.md;"Также использовались мультимодальные перевозки для доставки крупногабаритных бобин с основным канатом. При этом производилась загрузка на двух тралах во Франции, автодоставка до Германии (Киль), погрузка на паром, доставка паромом до Клайпеды, погрузка на железнодорожные платформы ""Платформа (вагон)"") в Клайпеде, доставка до Бора, перегрузка на автотралы и доставка до места установки. Первыми пассажирами в испытательной поездке 2 декабря 2011 года стали 16 чиновников во главе с губернатором Валерием Шанцевым. 9 февраля 2012 года пассажирская канатная дорога между Нижним Новгородом и Бором приступила к перевозке пассажиров. На первом этапе перевозку пассажиров осуществляют 28 гондол. Станции открыты в минимальном объёме, необходимом для эксплуатации";;;;;;;;
69d8ea0c-45c8-425d-94ed-6229f3de17fa;knowledge_base\Канатная дорога Бетельгейзе.md;7 июня 2012 года вице-губернатора Владимир Иванов сообщил о том, что канатная дорога вышла на проектную мощность и что было принято решение увеличить до конца года число гондол с 28 до проектных 56. Новые кабины будут оборудованы системой отопления и двухсторонней связи с диспетчером, имеющиеся гондолы планируется модернизировать.;;;;;;;;
1065fd88-46bf-4037-8ee0-2b2dd8bfe387;knowledge_base\Канатная дорога Бетельгейзе.md;## Режим работы !med_gallery_3753_2836_324866.jpg !magnify-clip.png Вид с Нижегородской станции | | | |---|---| |Понедельник — четверг|6:45 — 21:00| |Пятница — суббота|6:45 — 22:00| |Воскресенье и праздничные дни|9:00 — 22:00| Технический перерыв — в понедельник и четверг с 10:45 до 13:00 (продажа билетов и посадка пассажиров заканчивается в 10:30 и возобновляется в 13:00). Получить информацию о текущем режиме работе канатной дороги можно по телефону-автоинформатору +7(831)411-10-09. Поездка между станциями занимает 12—15 минут.;;;;;;;;
d115cfe4-4a26-4b1d-b53a-efaacfe09ed0;knowledge_base\Канатная дорога Бетельгейзе.md;## Оплата проезда Стоимость билета на 1 поездку составляет 90 рублей, билет действителен в течение дня покупки. Дети до 7 лет провозятся бесплатно (в сопровождении взрослых). Проход на станции контролируется автоматическими турникетами, которые оснащены оптическими считывателями штрих-кода с билетов. С 1 ноября 2014 года на канатной дороге действуют электронные транспортные карты. На них можно записать проездные билеты на 10, 20, 30 и 48 поездок, в том числе по льготным тарифам (для обладателей соответствующих транспортных карт). За дополнительную плату разрешается провозить велосипед. ## ВІО > [!Тір]+ > Source:: > Child:: > Next::;;;;;;;;
194c77bf-c0f4-4157-a681-bf3177e869f8;knowledge_base\Монорельс Элизиума.md;--- aliases: Источник: Дата: 2026.06.12 11:15 --- # - Москва - метро - станции - Монорельс Элизиума **▶️ Обсудить на форуме нашего транспорта****▶️ Статья в «Энциклопедии нашего транспорта»** **Моско́вская моноре́льсовая тра́нспортная систе́ма** (ММТС) — ;;;;;;;;
54c83810-7cf6-40f4-bcb1-13b51dfad8d1;knowledge_base\Монорельс Элизиума.md;## Содержание - 1 История реализации проекта - 1.1 Подготовка к проекту и проектирование - 1.2 Строительство - 1.3 Экскурсионный режим - 1.4 Транспортный режим - 1.5 Возврат к экскурсионному режиму - 1.6 Закрытие - 1.7 Демонтаж - 2 Станции - 2.1 Тимирязевская - 2.2 Улица Милашенкова - 2.3 Телецентр - 2.4 Улица Академика Королёва - 2.5 Выставочный центр - 2.6 Улица Сергея Эйзенштейна - 3 Режим работы и стоимость билетов - 4 Инфраструктура - 5 Конструкция путей - 6 Подвижной состав - 7 Провозная способность - 8 Пассажиропоток - 9 Безопасность - 10 Критика - 10.1 Выбор трассы - 10.2 Финансовая сторона проекта - 10.2.1 Расходы на создание системы - 10.2.2 Убыточность - 10.3 Сопутствующие проблемы - 11 Перспективы - 12 Примечания - 13 Ссылки;;;;;;;;
ba71dcf3-b7db-4cdc-826b-e6e0646f5eda;knowledge_base\Монорельс Элизиума.md;## История реализации проекта _Основная статья: **История Монорельса Элизиума**._;;;;;;;;
05b6ab5c-868a-44f4-b9ad-3341e77f3392;knowledge_base\Монорельс Элизиума.md;### Подготовка к проекту и проектирование Официальная история этого проекта начинается 17 июля 1998 года, когда государственному предприятию «Московский институт теплотехники» (МИТ) совместно с Управлением транспорта и связи и Москомархитектурой (НИиПИ Генплана г. Москвы) было поручено разработать проект программы «Монорельс Элизиумаовый транспорт» (срок — сентябрь 1998 года) и предварительное технико-экономическое обоснование создания монорельсовых трасс в г. Москве (срок — декабрь 1998 года)[[1]](https://www.nashtransport.ru/russia/moscow/metro/lines/line_13/about/#cite_note-mosru_006-1).;;;;;;;;
fabf77d0-be28-446a-b79b-45a0c99ba22c;knowledge_base\Монорельс Элизиума.md;16 февраля 1999 года подписано постановление о создании ОАО «Московские монорельсовые дороги»[[2]](https://www.nashtransport.ru/russia/moscow/metro/lines/line_13/about/#cite_note-mosru_01-2). К I кварталу 2000 года на базе МИТ был построен экспериментально-испытательный монорельсовый комплекс (тестовая трасса), закуплен состав фирмы Intamin Transportation[[3]](https://www.nashtransport.ru/russia/moscow/metro/lines/line_13/about/#cite_note-mosru_08-3). - ![[b9f1ea41d246831106f77de0afca747b_MD5.jpg]] - ![[bac8eaa9be27deb52fdc85217b4dd0cf_MD5.jpg]];;;;;;;;
91669cfc-8566-42a2-b45e-f4f70712ee39;knowledge_base\Монорельс Элизиума.md;- ![[b9f1ea41d246831106f77de0afca747b_MD5.jpg]] - ![[bac8eaa9be27deb52fdc85217b4dd0cf_MD5.jpg]] Первоначально планировалось построить линию от Ярославского шоссе до путепровода «Северянин»[[4]](https://www.nashtransport.ru/russia/moscow/metro/lines/line_1;;;;;;;;
61a9c68c-0c2f-4aa6-83ce-6d3185e321b5;knowledge_base\Монорельс Элизиума.md;### Строительство В августе 2001 года начались первые работы на улице Фонвизина. 22 сентября установлен пробный каркас под первую опору. 2 февраля 2002 года закрыто движение трамваев от Южного входа ВВЦ до Останкино, для чего на месте автостоянки был построен временный однопутный разворотный круг для трамваев 11 и 17 маршрутов. В это время проходит доработка подвижного состава, так как приобретённый ранее пробный состав Intamin показал неудовлетворительные результаты испытаний работы в зимний период. Сама трасса официально именуется экспериментальной[[6]](https://www.nashtransport.ru/russia/moscow/metro/lines/line_13/about/#cite_note-mosru_14-6). 15 октября было восстановлено трамвайное движение по линии от ВДНХ до конечной станции «Останкино».;;;;;;;;
95ab8c5c-2f97-4108-b4ec-5d5fcd440ff3;knowledge_base\Монорельс Элизиума.md;11 ноября конечная станция ММТС «Экспоцентр» получила новое название — «Улица Сергея Эйзенштейна»[[7]](https://www.nashtransport.ru/russia/moscow/metro/lines/line_13/about/#cite_note-mosru_16-7). В ноябре 2003 года большинство станций находятся на стадии завершения, везде уложены ходовые балки, в декабре началась обкатка первого экземпляра подвижного состава. В процессе испытаний 21 февраля произошла авария: вагон сорвал около 15 метров контактного рельса в районе станции Ул. академика Королёва[[8]](https://www.nashtransport.ru/russia/moscow/metro/lines/line_13/about/#cite_note-trru_01-8). Было объявлено об очередном перенесении сроков ввода в эксплуатацию. В мае на линии проходит обкатка трёх составов, открытие дороги в очередной раз откладывается без публичного объяснения причин.;;;;;;;;
8a85bd4a-2fcb-4cda-b15d-4f648f9dff02;knowledge_base\Монорельс Элизиума.md;### Экскурсионный режим 20 ноября 2004 года: монорельс принял первых пассажиров, начав работу в «экскурсионном режиме». На линии работало 2 состава, интервал движения составлял 30 минут, время работы по предложению ГУП «Московский метрополитен» установлено с 10:00 до 16:00. Посадка осуществлялась только на станции Ул. С. Эйзенштейна, позже была открыта для входа станция Тимирязевская. Стоимость проезда составляла **50 рублей** для взрослых, для школьников и учащихся ПТУ — **25 рублей**, для детей до шести (позже — до семи) лет — бесплатно.;;;;;;;;
f0a02a68-2fed-447d-8f8b-12bdf77e7a8f;knowledge_base\Монорельс Элизиума.md;В июле интервал движения был сокращён до 20-23 минут, время работы установлено с 8:00 до 20:00, открыты для входа пассажиров станции «Выставочный центр» и «Телецентр». Полностью все станции были открыты для входа и выхода пассажиров 1 сентября. В декабре началась эксплуатация состава № 08. Сроки запуска ММТС в промышленную эксплуатацию переносятся на I полугодие 2007 года[[9]](https://www.nashtransport.ru/russia/moscow/metro/lines/line_13/about/#cite_note-mosru_21-9). 27 декабря сдан в эксплуатацию восстановленный ЭПС 01, который был отстранён от работы и частично разобран практически сразу после открытия линии.;;;;;;;;
4870cd39-ed49-49cd-86ad-bfe72e21b651;knowledge_base\Монорельс Элизиума.md;В I квартале 2007 года в основном были завершены работы по отладке эксплуатации монорельсовой дороги в полуавтоматическом режиме. Для обеспечения удобства эвакуации пассажиров в чрезвычайных ситуациях потребовалось расширить ходовые мостки в районе глухих стен станций островного типа. В декабре был подписан акт приёмки передачи ММТС в собственность города Москвы и проведена Государственная комиссия по приёмке монорельсовой транспортной системы в целом.;;;;;;;;
94215d8e-0f0b-4acb-a4ec-1e1c15d6c8ae;knowledge_base\Монорельс Элизиума.md;### Транспортный режим С 1 января 2008 года станции открыты для входа и выхода пассажиров с 6:50 до 23 часов. С 10 января линия перешла в транспортный режим работы. Интервалы движения были уменьшены и составляли на тот момент от 9 до 22 минут (2—5 составов на линии). Управление велось в одно лицо (только машинист, без помощника). Цены были снижены до **19 рублей** за одну поездку, появились проездные билеты, в том числе для студентов. За первую неделю работы в режиме работы общегородского транспорта (с 10 января 2008 года) количество перевезённых пассажиров составило 37 871 человек. В ноябре 2008 года максимальное количество составов на линии было увеличено с 5 до 6, а 1 декабря был введён новый график движения. Интервалы на линии составили **от 6 мин. 55 сек. до 20 мин. 45 сек.**, была повышена скорость движения: полный круг состав проходит за **41 мин. 30 сек.** (было 45 минут).;;;;;;;;
e38a9846-d482-4d15-80de-a17430255a03;knowledge_base\Монорельс Элизиума.md;С 1 января 2013 года на линии начали действовать все билеты Московского метрополитена, кроме транспортного приложения к банковской карте. При этом пересадка с метро на монорельс и с монорельса на метро в течение 90 минут — бесплатна.;;;;;;;;
302210e4-b525-4483-807a-a46f75665cc0;knowledge_base\Монорельс Элизиума.md;"### Возврат к экскурсионному режиму 19 января 2017 года монорельсовая система вернулась в экскурсионный режим работы: станции открыты для входа и выхода пассажиров с 8 до 20 часов, интервал движения поездов составляет 22-45 минут. Такое решение московские власти мотивировали падением пассажиропотока после запуска станции метро «Фонвизинская» ""Фонвизинская (станция метро, Москва)"") и восстановлением пассажирского движения по Малому кольцу Московской железной дороги. Но на самом деле увеличение интервала связано с сокращением количества работоспособных составов до двух и отсутствия возможности закупки деталей для ремонта остальных.";;;;;;;;
2663d2ff-570a-494e-8acd-e19b25c88361;knowledge_base\Монорельс Элизиума.md;### Закрытие В начале июня 2025 года в проекте «Активный гражданин» открылось голосование с вопросом «Вы поддерживаете решение о создании прогулочного зеленого парка в воздухе на месте Монорельса Элизиума?». На выбор предлагалось три варианта ответа: - Да, я за создание первого в России прогулочного зеленого парка на высоте (147 103 голоса, 71,14%);;;;;;;;
d90f0cc7-5188-4f76-bb02-9f4edde4bef1;knowledge_base\Монорельс Элизиума.md;"В последний день работы 27 июня"") 2025 года на линии наблюдался небывалый ажиотаж, последний рейс пассажиры провожали аплодисментами. Поспешность закрытия линии сразу после проведения опроса вызывает вопросы. Многие горожане не были согласны с результатами голосования и выразили сомнения в его достоверности. Помимо этого, очевидцы сообщали, что ещё задолго до закрытия некоторые станции были отключены от электроснабжения и работали от дизельных генераторов. Монорельс Элизиума прекратил работу в субботу, 28 июня 2025 года. Открыть парк планируется в 2027 году[[10]](https://www.nashtransport.ru/russia/moscow/metro/lines/line_13/about/#cite_note-10).";;;;;;;;
7f2d8308-b079-449f-bbad-cbda37b1a57a;knowledge_base\Монорельс Элизиума.md;### Демонтаж Работы по демонтажу линии начались сразу же после закрытия. При этом на первых информационных стендах была указана дата начала работ по демонтажу 25 апреля 2025 года. Позднее формулировка была заменена на «начало _изыскательных_ работ». Часть эстакады — от станции «Выставочный центр» до депо монорельса, включая станцию «Улица Сергея Эйзенштейна», — демонтируют полностью, чтобы открыть вид на главный вход ВДНХ.;;;;;;;;
5f978465-1157-4064-8002-74c61958eaee;knowledge_base\Монорельс Элизиума.md;## Станции ![[cfecaf0d81b86d9a222c3ccc7698c65c_MD5.jpg]] Вестибюль станции «Телецентр» ![[d774b677bacb1af69d7725205ddb72f9_MD5.jpg]] Вход на станцию «Улица Академика Королёва» ![[434b31666441d317818052ebe3269b4c_MD5.jpg]] Станция «Выставочный центр» ![[8bc01656723a6f80675dac5e050ef944_MD5.jpg]] Состав на станции «Выставочный центр»;;;;;;;;
59989ecb-a0bd-45a2-a41b-2e4b78f34207;knowledge_base\Монорельс Элизиума.md;"### Тимирязевская ""Тимирязевская (станция монорельса, Москва)"") Платформа островного типа. Длина: 40,150 м. Ширина: 9,550 м.[[11]](https://www.nashtransport.ru/russia/moscow/metro/lines/line_13/about/#cite_note-mgt01-11) Выход на Дмитровское шоссе (150 м), улицы Яблочкова, Фонвизина (100 м), к моллу «Депо», ТЦ «Алекс». Была расположена в непосредственной близости от станции «Тимирязевская» ""Тимирязевская (станция метро, Москва)"") Московского метрополитена и платформы «Тимирязевская» ""Тимирязевская (остановочный пункт)"") Савёловского направления Московской железной дороги (50 м). Осуществлялась посадка на автобус № 12, 19, 23, 126, 604 (остановки на улицах Яблочкова и Фонвизина)";;;;;;;;
14a1224e-f9f6-423e-a543-483cc7006014;knowledge_base\Монорельс Элизиума.md;"### Улица Милашенкова ""Улица Милашенкова (станция монорельса, Москва)"") Платформа островного типа, имела S-образную форму. Длина: более 50 м. Ширина: переменная, расширяется к центру. Выход на улицу Милашенкова, Огородный проезд, улицу Фонвизина, к гипермаркету «Матрица». Была расположена в непосредственной близости от станции «Фонвизинская» ""Фонвизинская (станция метро, Москва)"") Московского метрополитена Осуществлялась посадка на автобус № 12, 19, 23, 126 (ост. Огородный пр., 100 м)";" троллейбус № 9, 36, 37, 73. Код станции: 202.""";;;;;;;
31a824e7-6191-4f21-94d4-5faf2e2a5caa;knowledge_base\Монорельс Элизиума.md;"### Улица Академика Королёва ""Улица Академика Королёва (станция монорельса, Москва)"") Платформа раздельного типа. Длина: 40,150 м. Ширина: 2×4,800 м. Выход на улицу Академика Королёва, к зданию телеканала ТВ3, ТЦ «Мегасфера» (200 м). Осуществлялась посадка на троллейбус № 9, 13, 15, 36, 37, 69, 73 (200 м)";;;;;;;;
b3f243aa-4c4b-403c-b6af-d299385a99d4;knowledge_base\Монорельс Элизиума.md;"### Выставочный центр ""Выставочный центр (станция монорельса, Москва)"") Платформа островного типа. Длина: 40,150 м. Ширина: 12,600 м. Выход на 1-й Поперечный проезд, Продольный проезд, к ВВЦ (главный вход), монументу «Покорителям космоса» и Мемориальному музею космонавтики. Неподалёку станция ВДНХ ""ВДНХ (станция метро, Москва)"") Московского метрополитена (280 м). Осуществлялась посадка на автобус № 76, 154, 239, 803"; 33, 56, 93, 136, 195, 244, 834 (ост. на 2-м Поперечном проезде, 35 м); 286 (ост. на проспекте Мира, 370 м); пригородные автобусы; троллейбус № 13, 15, 36, 69, 73 (ост. на Продольном проезде, 280 м); 14, 48, 76 (ост. на проспекте Мира, 370 м);" трамвай № 11, 17. Код станции: 204.""";;
ccc62ba9-cf28-4dd5-af61-554f5181b359;knowledge_base\Монорельс Элизиума.md;"### Улица Сергея Эйзенштейна ""Улица Сергея Эйзенштейна (станция монорельса, Москва)"") Платформа островного типа. Длина: 40,150 м. Ширина: 9,100 м. Выход на улицу Сергея Эйзенштейна, 1-й Сельскохозяйственный проезд, к ВВЦ (северный вход, пав. № 70 «Москва», 69 «Межотраслевой», 75). Осуществлялась посадка на автобус № 154";;;;;;;;
e90a1dbc-bdd5-475c-bb30-13b6dfeda930;knowledge_base\Монорельс Элизиума.md;"## Режим работы и стоимость билетов После возвращения линии в «экскурсионный» режим станции монорельса были открыты для входа пассажиров с 8:00 до 20:00 часов ежедневно. Время поездки от станции «Улица Сергея Эйзенштейна» ""Улица Сергея Эйзенштейна (станция монорельса, Москва)"") до станции «Тимирязевская» ""Тимирязевская (станция монорельса, Москва)"") составляло 16 минут 14 секунд, в обратную сторону — 16 минут 40 секунд. На линии работало 1—2 состава. Интервалы в течение дня составляли: 22 минуты в часы «пик» (два состава) и 45 минут в остальное время (один состав).";;;;;;;;
37a008af-10c8-4587-80b0-9c3506395da8;knowledge_base\Монорельс Элизиума.md;"На линии работало 1—2 состава. Интервалы в течение дня составляли: 22 минуты в часы «пик» (два состава) и 45 минут в остальное время (один состав). С 1 января 2013 года все виды проездных билетов на Московский метрополитен стали действовать и на Монорельсе Элизиума. При этом была введена бесплатная пересадка между метро и монорельсом: при осуществлении перехода между станциями «ВДНХ» ""ВДНХ (станция метро, Москва)"") — «Выставочный центр» ""Выставочный центр (станция монорельса, Москва)"") и «Тимирязевская» ""Тимирязевская (станция метро, Москва)"") — «Тимирязевская» ""Тимирязевская (станция монорельса, Москва)"") в любую сторону дополнительная поездка с билета не списывалась, если проход через второй турникет происходил не позднее 90 минут прохода через первый. Новые билеты стали продаваться в кассах на станциях метрополитена и монорельса.";;;;;;;;
acb7e980-2324-4ee7-9a28-a90bc6857312;knowledge_base\Монорельс Элизиума.md;- ![[d1ca2a25f168e3cb29feefc3e6cab8fa_MD5.jpg]] Памятный билет к открытию ММТС - ![[031fe7260f732f7ad222b2495ae7dd6c_MD5.jpg]] Оборотная сторона памятного билета - ![[8d548763140319fa9df57847e8a1c693_MD5.jpg]] Первый вариант полного билета - ![[31f2b052de;;;;;;;;
032a59d3-6b9b-4eba-9f00-70c3605497cc;knowledge_base\Монорельс Элизиума.md;## Инфраструктура Станции были построены по индивидуальным проектам, имели двухуровневую объёмно-планировочную структуру, с платформами островного (5 станций) и раздельного (1 станция, ул. Академика Королёва) типов. Все станции были оборудованы лестничными сходами, эскалаторами и лифтом для инвалидов. В то же время, в связи с тем, что вход в лифтовую кабину на улице находился с противоположной от вестибюля стороны станции и пассажир, пользуясь лифтом, не проходил через турникеты, их использование было ограничено только инвалидами-колясочниками, имеющими право бесплатного проезда. Крыши станций были оборудованы импульсной системой «Снегосброс»[[12]](https://www.nashtransport.ru/russia/moscow/metro/lines/line_13/about/#cite_note-12)[[13]](https://www.nashtransport.ru/russia/moscow/metro/lines/line_13/about/#cite_note-13).;;;;;;;;
1d520922-94d9-40b8-9136-d62e9257a7c8;knowledge_base\Монорельс Элизиума.md;"Для парковки и обслуживания подвижного состава было создано электродепо на территории трамвайного депо им. Н. Э. Баумана."") Общая площадь электродепо составляла 2,05 га[[14]](https://www.nashtransport.ru/russia/moscow/metro/lines/line_13/about/#cite_note-mosru_04-14). Площадь застройки — 12 710 м². Строительный объём технологического корпуса — 74 290 м³. Протяжённость технологических путей на территории электродепо — 1 184 м. Расчётное количество единиц обслуживаемых ЭПС — 10. Количество путей для обслуживания и сборки ЭПС — 2. - ![[cc60a0b5bbc1ce25a402ea697542a993_MD5.jpg]] - ![[01e660983979b25d61f3152c7529e4a3_MD5.jpg]] - ![[ccb9666fea6f0446774dadf3b6fcbf8b_MD5.jpg]] - ![[8743304aac7080abd5766353315201be_MD5.jpg]] - ![[840305c136552223c498b09c60d02f73_MD5.jpg]]";;;;;;;;
145eb896-070f-4967-ace4-d0110086c24f;knowledge_base\Монорельс Элизиума.md;Управление всей линией могло осуществляться в полностью автоматическом режиме компьютером из диспетчерской, располагающейся в депо. Также на каждой станции имелась станционная диспетчерская, откуда можно было контролировать состав, пока он находился на станции. Однако, несмотря на долгое время доводки системы с момента пуска, этот режим работы так и не был в должной степени отработан. Поезда монорельса работали в полуавтоматическом режиме, при котором система управляла движением состава под контролем машиниста. Имелся также ручной режим, при котором машинист самостоятельно управлял движением. Управление составами велось в одно лицо. Связь составов с диспетчерской осуществлялась посредством IP-телефонии по Wi-Fi сети. Также имелась резервная обычная радиосвязь. Энергоснабжение трассы ММТС обеспечивали 7 тягово-понизительных подстанций: 6 в составе станций и 1 — в депо. Оборудование монорельсовой дороги должно было соответствовать техническим требованиям метрополитена.;;;;;;;;
375bf48d-02bb-473a-bfec-eed1e4ef8e2b;knowledge_base\Монорельс Элизиума.md;Оборудование монорельсовой дороги должно было соответствовать техническим требованиям метрополитена. | | | |---|---| |![[9632f5bacf1cbcde81d9ae0b13ace10a_MD5.png]] Внешние изображения| | |![[ffbfea3ae816199fff34ef28882dcbd7_MD5.png]]|Схема путевого развития| - ![[90f75bbe45c4a688db9bd79eef677023_MD5.jpg]] Тягово-понизительная подстанция - ![[8b35f2720dd04033684bef589a5f187a_MD5.jpg]] Схема организации радиосвязи;;;;;;;;
cc841e29-d196-4ba4-8bdc-0253243ec67f;knowledge_base\Монорельс Элизиума.md;## Конструкция путей Монорельсовые пути представляли собой две стальные балки коробчатого сечения, уложенные на железобетонные опоры на высоте 4—6 м. Между путевыми балками были устроены служебные пешеходные дорожки. Опоры имели свайное основание из буронабивных свай диаметром 0,75 м и монолитное тело. По всей трассе было установлено 167 опор. Заземление токопроводящих элементов монорельсовых путей обеспечивалось устройством заземляющих отводов, проходящих преимущественно внутри монолитных элементов опор. Пролёты имели длину от 20 до 53 м. Минимальный радиус кривых на главных путях для проекта монорельса разработки АО «ММД» составлял 25 м. Минимальный радиус кривых для магистральной линии ММТС «Тимирязевская» — «Ул. С. Эйзенштейна» — 100 м, на подходах к станциям — 50 м. В кривых поперечный профиль балки оставался горизонтальным, поэтому скорость в них была ограничена из-за некомпенсированного поперечного ускорения. На конечных станциях имелись разворотные круги радиусом 20 м.;;;;;;;;
2e355b49-a01b-411c-9283-d2fc3808a963;knowledge_base\Монорельс Элизиума.md;Наибольший уклон ходовой балки для проекта монорельса разработки АО «ММД» — 7 %. Наибольший продольный уклон ходовой балки для магистральной линии ММТС «Тимирязевская» — «Ул. С. Эйзенштейна» — 2,98 %;" сверху — профиль проезда в одном направлении, снизу — в другом. Стрелка оборачивалась вокруг себя в горизонтальной плоскости, «подставляя» поезду тот профиль, по которому он должен был пройти. Перевод стрелки осуществлялся не более чем за 20 с. На линии имелось 3 стрелочных перевода: 2 в районе депо и 1 в районе станции «Тимирязевская».""";;;;;;;
87bbf722-71ff-46d0-a4ae-66c52b13cbad;knowledge_base\Монорельс Элизиума.md;Расстояние между центрами платформ конечных станций — 4 698 м в двухпутном исчислении, разворот в районе станции «Тимирязевская» (от центра до центра платформы) — 240 м в однопутном исчислении, разворот на станции «Ул. С. Эйзенштейна» (от центра до центра платформы) — 609 м в однопутном исчислении. Протяжение по оси ходовой балки (в однопутном исчислении по кольцу, включая тупики) — 10 317 м.;;;;;;;;
a3c8f1bc-b1e2-41a7-a5b2-e6b3f7bd8d6e;knowledge_base\Монорельс Элизиума.md;"## Подвижной состав В качестве макетного образца подвижного состава из двух головных вагонов был приобретён поезд серии P30 швейцарской фирмы Intamin Transportation""). Инженерным центром ТЭМП был разработан асинхронный линейный двигатель, позволяющий увеличить КПД и решить проблемы пробуксовки состава при обледенении ходовой балки. В настоящий момент московский монорельс — это единственный в мире монорельс с линейным двигателем[[15]](https://www.nashtransport.ru/russia/moscow/metro/lines/line_13/about/#cite_note-monorails01-15) (кроме систем на магнитной подвеске — маглевов). Всего в составе было 6 вагонов, количество мест для сидящих: 44 (по 6 в головных и 8 в промежуточных вагонах). Вместимость состава — 200 человек при норме 5 чел./м² или 290 человек при норме 8 чел./м².[[16]](https://www.nashtransport.ru/russia/moscow/metro/lines/line_13/about/#cite_note-mmd_01-16) Длина, ширина и высота состава — 34,5, 2,3 и 3,3 м, соответственно. Ширина дверного проёма — 1,2 м.";;;;;;;;
fa078cf4-72b1-4362-8abd-95b7e7e9bd7f;knowledge_base\Монорельс Элизиума.md;Длина, ширина и высота состава — 34,5, 2,3 и 3,3 м, соответственно. Ширина дверного проёма — 1,2 м. Имелась система кондиционирования и обогрева воздуха в кабине машиниста и салонах поезда. Максимальная скорость состава — 60 км/ч (16,7 м/с), однако она должна была снижаться до 28 км/ч на кривой радиусом 100 м и до 20 км/ч на кривой радиусом 50 м. Номинальное ускорение при разгоне и торможении — 0,8—1 м/с² в зависимости от загрузки состава. Ускорение при экстренном торможении — не более 3 м/с². Длина тормозного пути при скорости движения 43,2 км/ч (12 м/с) на прямом сухом участке пути при служебном торможении — не более 80 м, при экстренном торможении — не более 36 м. Максимальный уровень шумов в салоне вагона при скорости 40 км/час (без учёта систем кондиционирования и обогрева) — 65 дБ. Уровень шума на расстоянии 25 м при движении поезда со скоростью 40 км/ч — 65 дБА. Радио-, телепомехи и электромагнитное излучение на расстоянии 25 м отсутствовали.;;;;;;;;
b642d056-7b45-4d62-8bbb-5588d8d7cfbc;knowledge_base\Монорельс Элизиума.md;Тяговый привод: на базе асинхронных линейных двигателей с индукторами на ходовых тележках и вторичным элементом на ходовой балке. Тяга одного двигателя — 750 кГс. Напряжение, подаваемое на состав — постоянное, 600 В ± 10 %. Тип токосъёма — нижний, две троллеи и шина заземления. Противопожарное обеспечение — система контроля пожарного состояния, устройства автоматического пожаротушения, огнетушители в вагонах. Диапазон температур окружающей среды при эксплуатации — от −40 до +40 °C.;;;;;;;;
6f279716-7f03-489c-9334-56da65652fd6;knowledge_base\Монорельс Элизиума.md;"Диапазон температур окружающей среды при эксплуатации — от −40 до +40 °C. В депо в разное время находилось до 9 пассажирских составов (пронумерованы от 01 до 09) и одно многофункциональное транспортное средство (специальный состав, состоящий из двух головных вагонов, без номера). В обычном режиме одновременно на линии работало до 7 составов, 1 состав должен был находиться в плановом ремонте и один — в резерве. При необходимости (например, при резком увеличении пассажиропотока) резервный состав также выводился на линию, таким образом, общее число одновременно работающих составов могло достигать 8. _См. также: Статья «Автоматизация испытаний линейного электропривода ММТС» ""Автоматизация испытаний линейного электропривода ММТС (статья)"")._";;;;;;;;
d3332889-a4cb-4154-8f4e-c3d6c737aae5;knowledge_base\Монорельс Элизиума.md;## Провозная способность - 7 составов: 2 024 пасс. при норме 5 чел./м² или 2 935 пасс. при норме 8 чел./м²;;;;;;;;
db71c0e3-10d8-4f14-a6bb-b4016bbe4885;knowledge_base\Монорельс Элизиума.md;## Безопасность Безопасность находящихся в составах пассажиров обеспечивалась системой контроля пожарного состояния, устройствами автоматического пожаротушения, огнетушителями в вагонах. Было разработано три способа эвакуации пассажиров из неисправного состава в зависимости от ситуации:;;;;;;;;
5d07eac1-5aaf-476f-a668-63412c01087e;knowledge_base\Монорельс Элизиума.md;Было разработано три способа эвакуации пассажиров из неисправного состава в зависимости от ситуации: - если состав неисправен, но может продолжать движение, то с соседней станции по тому же пути отправлялся второй состав, который брал аварийный на буксир и доставлял до ближайшей станции, где пассажиры выходили;;;;;;;;
dce365e2-2771-4a5d-8400-74e911ddd909;knowledge_base\Монорельс Элизиума.md;Безопасность пассажиров на станциях обеспечивалась наличием двух выходов: основного (с эскалаторами) и запасного (с пожарными лестницами) — с противоположного торца платформы. Станция «Улица Академика Королёва», которая имела боковые платформы, дополнительно была оснащена специальным аварийным трапом для перехода с одной платформы на другую. Помимо этого, на станциях (в вестибюлях и на платформах) работали сотрудники вневедомственной охраны.;;;;;;;;
7936f84c-ec28-4e2e-8494-bad5d9f26804;knowledge_base\Монорельс Элизиума.md;## Критика;;;;;;;;
8cd39042-2fe9-4667-a77f-555d96826adb;knowledge_base\Монорельс Элизиума.md;### Выбор трассы До сооружения монорельса прямой связи метро «Тимирязевская» с телецентром и ВВЦ не было, однако вместо строительства новой монорельсовой линии такую связь можно было бы обеспечить, продлив линию трамвая от улицы Королёва (соответственно со строительством эстакады или тоннеля через Октябрьскую железную дорогу).;;;;;;;;
6ccd54ef-0e42-4658-9e26-022c17e06cbb;knowledge_base\Монорельс Элизиума.md;"Помимо организации прямой связи, одним из поводов для строительства линии стала подготовка к Всемирной универсальной выставке «ЭКСПО-2010»[[4]](https://www.nashtransport.ru/russia/moscow/metro/lines/line_13/about/#cite_note-mosru_05-4). В планах проведения выставки[[5]](https://www.nashtransport.ru/russia/moscow/metro/lines/line_13/about/#cite_note-mosru_06-5) отмечалась необходимость задействования монорельсового транспорта для организации подъезда к ВВЦ от станций Тимирязевская ""Тимирязевская (станция метро, Москва)"") и Ботанический сад ""Ботанический сад (станция метро, Москва)"")[[17]](https://www.nashtransport.ru/russia/moscow/metro/lines/line_13/about/#cite_note-mosru_07-17), так как во время проведения выставки мощности станции «ВДНХ» ""ВДНХ (станция метро, Москва)"") в утренние и вечерние часы хватало бы только в режиме работы на выход или вход. Однако когда монорельсовая дорога уже строилась, право на проведение выставки досталось Шанхаю, и строительство линии разделили на два";;;;;;;;
c7253c6d-dca4-42eb-b1fd-b134f9124816;knowledge_base\Монорельс Элизиума.md;"часы хватало бы только в режиме работы на выход или вход. Однако когда монорельсовая дорога уже строилась, право на проведение выставки досталось Шанхаю, и строительство линии разделили на два пусковых комплекса[[18]](https://www.nashtransport.ru/russia/moscow/metro/lines/line_13/about/#cite_note-mosru_03-18), первый из которых включает построенный и открытый участок от станции метро Тимирязевская ""Тимирязевская (станция метро, Москва)"") до электродепо на улице Сергея Эйзенштейна.";;;;;;;;
cd160ff1-7019-47c9-85a5-5595e7b3d009;knowledge_base\Монорельс Элизиума.md;### Финансовая сторона проекта #### Расходы на создание системы Согласно официальным данным[[18]](https://www.nashtransport.ru/russia/moscow/metro/lines/line_13/about/#cite_note-mosru_03-18), строительство монорельсовой дороги обошлось городу в 6 335 510 000 руб. (в ценах 2005 года), то есть 221,3 млн долларов (по курсу ЦБ РФ на 1 июля 2005 года). Поделив указанную сумму на длину трассы (5158,5 м в двухпутном исчислении с учётом служебных путей), можно сделать ошибочный вывод, что километр московской монорельсовой дороги стоил $42,9 млн, что даже больше стоимости строительства Бутовской линии лёгкого метро. Однако, на самом деле, в общую стоимость проекта московского монорельса вошла не только стоимость проектирования и строительства самой линии, но и расходы на:;;;;;;;;
728c8144-8e5c-4894-96c4-75479ad4fc7a;knowledge_base\Монорельс Элизиума.md;#ИМЯ?; - разработку и изготовление подвижного состава (включая разработку и внедрение ЛАД и информационной системы управления подвижным составом); - разработку информационной системы автоматического управления линией;" - строительство депо, рассчитанного на обе очереди линии (Тимирязевская """"Тимирязевская (станция монорельса, Москва)"""") — Ботанический сад). Стоимость же непосредственно строительства линии монорельса данной системы опубликована не была.""";;;;;
13dea1f4-b638-438d-b1c8-0058ab0adb15;knowledge_base\Монорельс Элизиума.md;Стоимость же непосредственно строительства линии монорельса данной системы опубликована не была. Информация о том, что на деньги, потраченные на создание монорельсового транспорта, можно было построить новую станцию метро или даже целую линию не подтверждается[[19]](https://www.nashtransport.ru/russia/moscow/metro/lines/line_13/about/#cite_note-kv_01-19). Кроме того, создание Монорельса Элизиума не финансировалось из бюджета метростроения в городе Москве: эти деньги не были изъяты из бюджета метростроения и, в случае отказа от строительства монорельса, не могли быть направлены на строительство метрополитена. #### Убыточность;;;;;;;;
aba2b05c-9542-4e45-819f-6b05fb3baaaa;knowledge_base\Монорельс Элизиума.md;"#### Убыточность Линия являлась убыточной. В бюджете города на 2009 год на эксплуатацию монорельса были предусмотрены субсидии в размере 908 849,4 тыс. рублей[[20]](https://www.nashtransport.ru/russia/moscow/metro/lines/line_13/about/#cite_note-budj2009-20), однако точная сумма, подлежащая перечислению из бюджета, рассчитывалась ежеквартально. Итоговая сумма субсидий могла быть и меньше заложенной в бюджете. В то же время, на субсидии ГУП «Московский метрополитен» на 2009 год в бюджете было заложено 15 293 142,4 тыс. рублей, а субсидии ГУП «Мосгортранс»"") — 18 369 461,5 тыс. рублей. При этом неизвестно, входила ли компенсация проезда льготных категорий пассажиров в сумму субсидии ММТС или в сумму субсидии ГУП «Московский метрополитен».";;;;;;;;
3bddb5ae-4eff-444c-b89e-19f6840ad31a;knowledge_base\Монорельс Элизиума.md;"### Сопутствующие проблемы Помимо финансовых претензий, недовольство вызвало[[21]](https://www.nashtransport.ru/russia/moscow/metro/lines/line_13/about/#cite_note-museum01-21) закрытие Музея пассажирского транспорта Москвы"") на территории трамвайного депо им. Баумана, где сейчас располагается монорельсовое депо. Экспонаты были перемещены на территорию Трамвайного ремонтного завода""), где не доступны для публики. Ознакомиться со многими экспонатами можно было раз в году, 12 июня на площадке перед главным входом на ВВЦ на ежегодной выставке, которую организовывал ГУП «Мосгортранс»""). В 2011 году выставка не проводилась. Отдельные граждане критиковали московский монорельс и за изменение облика улицы Академика Королёва[[22]](https://www.nashtransport.ru/russia/moscow/metro/lines/line_13/about/#cite_note-mymetro00-22) — по их мнению, трасса монорельса не вписывается в её архитектурный облик и служит зрительным барьером между двумя сторонами улицы.";;;;;;;;
278af264-8338-4678-a296-1a02643a6ac0;knowledge_base\Монорельс Элизиума.md;"## Перспективы В 2008 году планировалось провести технико-экономическое обоснование строительства продления линии от станции Улица Сергея Эйзенштейна ""Улица Сергея Эйзенштейна (станция монорельса, Москва)"") до станции Ботанический сад с организацией пересадки на одноимённую станцию метро ""Ботанический сад (станция метро, Москва)""). Однако в связи с сокращением бюджетных расходов из-за кризиса эти мероприятия не были реализованы. 20 февраля 2008 года в эфире телеканала «ТВ-Центр» первый заместитель мэра Москвы, руководитель комплекса городского хозяйства Пётр Бирюков сообщил, что московские власти намерены возводить монорельсовые магистрали в тех районах столицы, где невозможно строительство метро.[[23]](https://www.nashtransport.ru/russia/moscow/metro/lines/line_13/about/#cite_note-RBC-Moscow02-23) Ранее выдвигался ряд других предложений по созданию новых линий монорельса:";;;;;;;;
89080138-bce2-46f0-848a-de57c1bbdcd8;knowledge_base\Монорельс Элизиума.md;Ранее выдвигался ряд других предложений по созданию новых линий монорельса: - в районы Крылатское, Красная Пресня (вдоль р. Москвы от центра города в район ММДЦ «Москва-Сити», Нижние Мнёвники), вдоль Ярославского шоссе[[24]](https://www.nashtransport.ru/russia/moscow/metro/lines/line_13/about/#cite_note-mosru_22-24);" - от станции метро Речной вокзал """"Речной вокзал (станция метро, Москва)"""") в район Ховрино.""";;;;;;;
79914400-9fd6-4d30-b2ea-8d806a5b08e4;knowledge_base\Монорельс Элизиума.md;Помимо этого существовал проект по созданию на базе монорельсовой системы транспортного средства для городских и вылетных магистралей с увеличенной скоростью движения[[27]](https://www.nashtransport.ru/russia/moscow/metro/lines/line_13/about/#cite_note-mosru_02-27). 20 сентября 2007 года компания «Миракс Групп» сообщила[[28]](https://www.nashtransport.ru/russia/moscow/metro/lines/line_13/about/#cite_note-28) о строительстве собственной транспортной системы в районе Москва-Сити на базе подвесного монорельса. Однако данный проект не относится к Московской монорельсовой транспортной системе. В связи с финансовыми трудностями девелопера проект вряд ли будет реализован.;;;;;;;;
2fc128d8-69a1-43eb-b747-ed4cd253dd73;knowledge_base\Монорельс Элизиума.md;В 2009 году разрабатывались планы по строительству второй линии монорельса от станции метро Тёплый стан к торговому комплексу «Славянский мир» на 41-м километре МКАД[[29]](https://www.nashtransport.ru/russia/moscow/metro/lines/line_13/about/#cite_note-29). Предполагалось, что строительство будет финансироваться за счёт средств инвестор;;;;;;;;
7d7844eb-8030-4c2e-b247-a84a5a70598c;knowledge_base\Монорельс Элизиума.md;"23 апреля 2012 года заместитель руководителя Департамента транспорта и развития дорожно-транспортной инфраструктуры Москвы Евгений Михайлов заявил в Ганновере на промышленной выставке, что московский монорельс может быть закрыт и демонтирован из-за убыточности и небольшого пассажиропотока (11 тыс. чел./сутки). Для удобства пассажиров, которые пользовались монорельсом, предполагается организовать маршруты другого наземного городского транспорта[[31]](https://www.nashtransport.ru/russia/moscow/metro/lines/line_13/about/#cite_note-31). Планируется, что вопрос закрытия монорельса будет рассмотрен столичными властями не раньше июня 2012 года[[32]](https://www.nashtransport.ru/russia/moscow/metro/lines/line_13/about/#cite_note-32). _См. также: Презентация «Проект реконструкции ММТС» ""Проект реконструкции ММТС (презентация, часть 1)"") и Презентация «Технико-экономическое обоснование реконструкции ММТС» ""Технико-экономическое обоснование реконструкции ММТС (презентация)"")._";;;;;;;;
f9ae0da6-baa3-4b5e-a833-2ea2c4774979;knowledge_base\Монорельс Элизиума.md;Постепенное сокращение количества работоспособных составов из-за отсутствия возможности закупки деталей для их ремонта привело к увеличению интервалов движения на линии и риску прекращения транспортного сообщения в ближайшей перспективе. Поэтому в 2015 году департамент транспорта Москвы представил несколько вариантов развития ММТС: - сохранение существующей системы и обновление подвижного состава в 2017—2018 гг.;;;;;;;;
c46afedf-f0a5-4637-b7ed-8e0fd15adf12;knowledge_base\Монорельс Элизиума.md;Реконструкция участка «Телецентр» — «Тимирязевская» под трамвайное движение вкупе со строительством путепровода за последней станцией через железнодорожные пути Савёловского направления Московской железной дороги и Дмитровское шоссе позволит не только создать новую рокадную транспортную связь, но и соединить две трамвайные системы столицы, не связанные между собой в настоящий момент. В конце 2016 года было принято временное решение перевести ММТС в экскурсионный режим до окончательного износа оставшихся в работе двух составов. 16 мая 2017 года глава столичного департамента Андрей Бочкарёв объявил о развитии ММТС по второму варианту. Проектные работы должны были начаться в 2018 году, строительные — в конце того же года. Однако данный проект не был реализован.;;;;;;;;
7dd31ae3-bf47-487d-965e-daaf0ba8e43f;knowledge_base\Монорельс Элизиума.md;В 2023 году появилось предложение о заключении концессионного соглашения по модернизации московской монорельсовой транспортной системы. Модернизация должна была проходить в два этапа. Первый — в 2023-2024 годах — подразумевал проведение ремонтно-восстановительных работ парка электроподвижного состава (ЭПС) и перевод режима эксплуатации из экскурсионного (два состава на трассе) в пассажирский (пять-шесть составов). Второй этап — до 2027 года — разработка и изготовление новых ЭПС, оснащенных системой магнитной разгрузки и беспилотной системой управления, замена системы диспетчерского управления ММТС и полная замена ЭПС первого этапа модернизации на новые. Предполагалось, что после завершения двух этапов модернизации количество составов на трассе будет доведено до 10 штук. Данный проект также не был реализован вероятнее всего из-за невозможности найти финанисирование на приемлемых условиях.;;;;;;;;
21f997e9-dee4-450b-9a2d-eeb63b9a9dd1;knowledge_base\Монорельс Элизиума.md;"Сообщалась также о попытках московских властей найти подрядчика на создание нового подвижного состава взамен выбывшего. Подвижной состав фактически требовалось создать заново, так как разработчик системы АО «Московские монорельсовые дороги» давно прекратило своё существование, как и многие поставщики комплектующих. Свой вариант предлагал Московский институт теплотехники, на базе которого создавался Монорельс Элизиума, однако стоимость работ город не устроила. _См. также: Презентация «Предложения по развитию ММТС» ""Предложения по развитию ММТС (презентация)"")._";;;;;;;;
df0793db-53ce-48f6-8b86-80029c05d69e;knowledge_base\Монорельс Элизиума.md;## Примечания ## ВІО > [!Тір]+ > Source:: > Child:: > Next::;;;;;;;;
35984873-fed9-49cd-95c5-7aaeb300cb4a;knowledge_base\Трамвайная сеть Веги.md;--- aliases: Источник: Дата: 2026.06.12 11:15 --- # | | |---| || Трамвайная сеть Веги ![[d60634fca4ba1a57d2bf9d8fca297d46_MD5.png]] Тип трамвай метрополитен Населённые пункты Волгоград Оператор МУП «Метроэлектротранс» Дата открытия 5 ноября 1984 года Эксп;;;;;;;;
7bda4f2e-bd29-4285-856a-b13e8d77bcfb;knowledge_base\Трамвайная сеть Веги.md;Эксплуатационная длина линий 17,2 км Количество маршрутов 2 Количество линий 1 Количество станций 22 Количество депо 1 Сайт(ы) http://gortransvolga.ru E-Mail gortransvolga@mail.ru **Трамвайная сеть Веги** — третья по вводу система скоростного рельсового транспорта Российской Федерации. Десятая — на территории СССР. Насчитывает 22 станции, расположенных на одной линии протяженностью 17,2 км. Из них участок длиной 6,97 км в составе пяти подземных станций расположенных в центральной части Волгограда, проложен под землей по стандартам метрополитена, и одна эстакадная станция расположена на эстакаде через пойму реки Царица. Наземный участок перестроен из обычной трамвайной линии. Единственная в странах бывшего СССР система внеуличного городского транспорта с платными пересадками.;;;;;;;;
aa96d89f-2260-4c00-836b-c300bacd1a1b;knowledge_base\Трамвайная сеть Веги.md;## Содержание - 1Предпосылки создания проекта - 1.1Проект первой очереди - 2Технические подробности - 3Открытие участков - 3.1Хронология открытия - 4Оплата проезда - 5Подвижной состав - 6Интересные факты - 7Перспективы развития - 8Список станций - 9Примечания - 10Ссылки;;;;;;;;
f7b583f5-dedb-4ee3-a514-a0ea6066d84b;knowledge_base\Трамвайная сеть Веги.md;## Предпосылки создания проекта Город расположен на правом берегу Волги. Особенность его планировки — вытянутость вдоль реки. Расстояние между границами города по реке составляет 60 км. Пассажирские перевозки до сооружения линии скоростного трамвая осуществлялись трамваями (39 % общего числа пассажиров), автобусами (35 %), троллейбусами (18 %), речными судами (4 %) и поездами электрифицированной железной дороги (4 %). На картограмме трудовых пассажиропотоков превалирует направление вдоль реки. При этом малая скорость уличного трамвая, недостаточное число дорог по продольной оси города, значительное увеличение пассажиропотоков на расчетный период явились основанием для сооружения скоростного трамвая в качестве основного магистрального транспорта по главному направлению.;;;;;;;;
42bff838-9488-45d5-9841-102425d1a21c;knowledge_base\Трамвайная сеть Веги.md;Скоростная линия запроектирована институтом Гипрокоммундортранс МЖКХ по техническим условиям и указаниям, разработанным этим же институтом и ЛНИИ АКХ. Линия проходит по направлению основной магистрали города — через центральную часть в промышленный район. В центральной части, где бульвары и проезды перегружены безрельсовым транспортом и пешеходами, запроектирован подземный участок.;;;;;;;;
90635486-287f-4d4d-b72c-4d928f6338b9;knowledge_base\Трамвайная сеть Веги.md;### Проект первой очереди Протяженность трассы первой очереди составляет 13,5 км, В том числе тоннельной 3,3 км. Линии начинается наземной петлей у реки Царица и проходит по высокому мосту, за которым сразу входит в тоннель. Тоннель проходит под центральным районом города;;;;;;;;
26157a7d-994f-4fe9-b8e4-ea02e0a5efab;knowledge_base\Трамвайная сеть Веги.md;Проектом предусмотрено мелкое заложение тоннеля и поскольку он почти на всем притяжении проходит под бульваром, на перегонах он сооружается щитовым способом, а на станциях — открытым. После тоннельного участка линия уложена на обособленном и собственном полотне вдоль пр. Ленина;;;;;;;;
96472961-9030-46a3-bf77-1fbc98b57600;knowledge_base\Трамвайная сеть Веги.md;Движение организуется поездами из двух четырехосных вагонов, соединенных по системе многих единиц (СМЕ). Питание линии будет осуществляться от пяти тяговых подстанций, управляемых из одного диспетчерского пункта. Остановочные пункты, включая подземные, расположены на расстоянии от 0,5 до 1,5 км (в среднем 0,95 км). По расчетам, скорость сообщения будет равна 28—30 км/ч. Предполагается что 50 млн пассажиров, которые в первый год эксплуатации проедут по линии скоростного трамвая сберегут для отдыха и учебы 7 млн ч. Подземные сооружения линии скоростного трамвая запроектированы, а габариты и конструкторские решения приняты по нормам проектирования метрополитенов, поскольку впоследствии намечено их использовать для линии метрополитена[[1]](https://wiki.nashtransport.ru/wiki/%D0%92%D0%BE%D0%BB%D0%B3%D0%BE%D0%B3%D1%80%D0%B0%D0%B4%D1%81%D0%BA%D0%B8%D0%B9_%D1%81%D0%BA%D0%BE%D1%80%D0%BE%D1%81%D1%82%D0%BD%D0%BE%D0%B9_%D1%82%D1%80%D0%B0%D0%BC%D0%B2%D0%B0%D0%B9#cite_note-1).;;;;;;;;
f4c4097d-6709-4b3a-acb5-c09c1d869c9f;knowledge_base\Трамвайная сеть Веги.md;В 1970 году по решению Совета Министров РСФСР в Волгограде было начато строительство нового вида городского электрического транспорта — скоростного трамвая, являющегося разновидностью легкорельсового городского транспорта с повышенной провозной способностью.;;;;;;;;
ced7bdc9-c882-462f-8585-6ac7e662a4f2;knowledge_base\Трамвайная сеть Веги.md;Потребность города в развитии скоростного трамвая подтверждена комплексной транспортной схемой, разработанной институтами «Гипрогор» в 1980 году и «Гипрокоммундортранс» в 1988 году. По форме городской территории Волгоград является ярким примером линейного города, вытянутого вдоль берега Волги более чем на 90 километров. Первая очередь линии скоростного трамвая протяженностью 13,5 км (в том числе 3,5 км подземной части) введена в эксплуатацию в 1984 году. На трассе расположены 12 остановочных пунктов и 3 подземные станции. С вводом первой очереди скорость сообщения между районами города возросла с 18 до 30 км/час, затраты времени на поездку сократились на 25-30 %. Возросла пропускная способность перевозок до 25 тыс. пасс./час. Появилась возможность беспересадочной поездки через четыре;;;;;;;;
77babba1-63ea-4f60-b550-092c424d9432;knowledge_base\Трамвайная сеть Веги.md;с 18 до 30 км/час, затраты времени на поездку сократились на 25-30 %. Возросла пропускная способность перевозок до 25 тыс. пасс./час. Появилась возможность беспересадочной поездки через четыре района[[2]](https://wiki.nashtransport.ru/wiki/%D0%92%D0%BE%D0%BB%D0%B3%D0%BE%D0%B3%D1%80%D0%B0%D0%B4%D1%81%D0%BA%D0%B8%D0%B9_%D1%81%D0%BA%D0%BE%D1%80%D0%BE%D1%81%D1%82%D0%BD%D0%BE%D0%B9_%D1%82%D1%80%D0%B0%D0%BC%D0%B2%D0%B0%D0%B9#cite_note-otchet_ksp_rf-2).;;;;;;;;
467cfe3b-e4af-49a9-87ef-7d45cc65c0d8;knowledge_base\Трамвайная сеть Веги.md;"## Технические подробности | | | |---|---| |![[9632f5bacf1cbcde81d9ae0b13ace10a_MD5.png]] Внешние изображения| | |![[ffbfea3ae816199fff34ef28882dcbd7_MD5.png]]|Схема путевого развития| Подземные станции построены с возможностью переоборудования в участки полноценного метро: в частности, предусмотрена возможность поднять высоту платформы до уровня платформ метрополитена. Станции «Площадь Ленина ""Площадь Ленина (станция скоростного трамвая, Волгоград)"")» и «Комсомольская ""Комсомольская (станция скоростного трамвая, Волгоград)"")» в текущем состоянии рассчитаны на составы из четырёх вагонов, но имеют также неиспользуемую скрытую часть платформы, за счёт которой могут быть удлинены при модернизации. В начале подземных участков туннели меняются местами без прямого пересечения. Это связано с тем, что на подземных участках организовано левостороннее движение трамваев, так как используемые трамвайные вагоны имеют двери только с правой стороны.";;;;;;;;
2f13362c-0431-42cf-97d9-2b33f6931dc3;knowledge_base\Трамвайная сеть Веги.md;"В качестве основного средства безопасности на линии используется система АЛС-АРС. Подземный участок дополнительно оборудован системой двузначной автоблокировки. На всех станциях скоростного трамвая установлена система видеонаблюдения в рамках программы антитеррористических мероприятий на транспорте, а на станции «Комсомольская ""Комсомольская (станция скоростного трамвая, Волгоград)"")» — терминалы системы «ОКСИОН». На станциях второй очереди на путях установлены RFID-считыватели, которые могут использоваться для автоматизации множества аспектов работы линии скоростного трамвая.[[3]](https://wiki.nashtransport.ru/wiki/%D0%92%D0%BE%D0%BB%D0%B3%D0%BE%D0%B3%D1%80%D0%B0%D0%B4%D1%81%D0%BA%D0%B8%D0%B9_%D1%81%D0%BA%D0%BE%D1%80%D0%BE%D1%81%D1%82%D0%BD%D0%BE%D0%B9_%D1%82%D1%80%D0%B0%D0%BC%D0%B2%D0%B0%D0%B9#cite_note-3)";;;;;;;;
968333a2-157d-4c02-9a50-c9ce1ab9fa72;knowledge_base\Трамвайная сеть Веги.md;## Открытие участков;;;;;;;;
496c0c23-ceeb-47e8-9d7c-6360dc9ac19c;knowledge_base\Трамвайная сеть Веги.md;### Хронология открытия;;;;;;;;
95805945-3c1c-46b5-8ffa-16ccc507d484;knowledge_base\Трамвайная сеть Веги.md;"- 5 ноября 1984 года. Открыта первая очередь «Тракторный завод&action=edit&redlink=1 ""Тракторный завод (станция скоростного трамвая, Волгоград) (страница не существует)"")» — «Площадь Чекистов&action=edit&redlink=1 ""Площадь Чекистов (станция скоростного тр";;;;;;;;
1dde4acf-96ba-4a00-932d-4afc1beb003f;knowledge_base\Трамвайная сеть Веги.md;- 1 декабря 2011 года[[4]](https://wiki.nashtransport.ru/wiki/%D0%92%D0%BE%D0%BB%D0%B3%D0%BE%D0%B3%D1%80%D0%B0%D0%B4%D1%81%D0%BA%D0%B8%D0%B9_%D1%81%D0%BA%D0%BE%D1%80%D0%BE%D1%81%D1%82%D0%BD%D0%BE%D0%B9_%D1%82%D1%80%D0%B0%D0%BC%D0%B2%D0%B0%D0%B9#cite_note-;;;;;;;;
fc099e2e-f5b8-481b-86ec-536413e44635;knowledge_base\Трамвайная сеть Веги.md;## Оплата проезда На подземных станциях установлены своеобразные «турникеты». В дневное время, прежде чем спуститься в подземный вестибюль, пассажир должен приобрести в кассе и погасить компостером посадочный талон. ## ВІО > [!Тір]+ > Source:: > Child:: > Next::;;;;;;;;
79132bca-a0d7-4279-baa9-fcc905391acf;knowledge_base\Транспорт Авалона.md;--- aliases: Источник: Дата: 2026.06.12 11:15 --- | | |---| || Транспорт Авалона ![[eb9d82a0c4884d1d4bb080d2f1dbba53_MD5.png]] Тип метрополитен Населённые пункты Алма-Ата Оператор КГП «Метрополитен» Начальник Айдын Оразханов Дата открытия 1 декабря 2011 г;;;;;;;;
e86b7e47-6a7f-4b41-9767-30cefa950092;knowledge_base\Транспорт Авалона.md;"## Содержание - 1Линии - 2Статистика - 3История - 4Режим работы - 5Оплата проезда - 6Обслуживание пассажиров - 7Техническая информация - 7.1Инженерный корпус - 7.2Безопасность - 8Фотосъёмка - 9Ссылки ## Линии |#|Линия|Конечные станции (I путь)|Количество станций|Эксплуатационная длина, км| |---|---|---|---|---| |**A**|Линия A ""Линия A (Алма-Ата)"")|«Райымбек батыра» ""Райымбек батыра (станция метро, Алма-Ата)"") → «Бауыржан Момышулы» ""Бауыржан Момышулы (станция метро, Алма-Ата)"")|11|13,2|";;;;;;;;
d788f031-2429-49d4-bbad-e94cb19a63ad;knowledge_base\Транспорт Авалона.md;## Статистика | | | |---|---| |Эксплуатационная длина линий|13,2 км| |Количество линий|1| |Количество станций|11| |Количество электродепо|1| |Количество вагонов|28| |Количество эскалаторов|24| |Количество станций с эскалаторами|8| |Количество подстанций|10| |Количество вентиляционных шахт|14| |Количество вентиляторов главного проветривания|28| |Количество водоотливных установок|43| |Количество стрелочных переводов|40| |Развёрнутая длина тоннелей|17,1 км| |Протяжённость силовых кабельных сетей|452,5 км| |Количество сотрудников|914|;;;;;;;;
fed7f97e-2c7c-422b-af72-1e58a9b4fa7a;knowledge_base\Транспорт Авалона.md;"## История | | | |---|---| |1978|Утверждение Генерального плана города, в котором указана первая трасса метро| |1988|Начало строительства| |10 февраля 2003|Президентом Казахстана подписан приказ, согласно которому строительство финансируется из республиканского бюджета| |2007|Сдан первый готовый объект метрополитена — вентиляционный ствол № 13, который находится на пересечении улиц Фурманова и Маметова| |2008|Тендер на поставку оборудования и подвижного состава выиграла компания Hyundai| |Ноябрь 2011|Около 40 работников служб энергоснабжения и электромеханических устройств прошли обучение в Германии и Южной Корее, создан собственный учебный центр| _См. также: Статья «Сооружение метрополитена в г. Алматы» ""Сооружение метрополитена в г. Алматы (статья)"")._ ## Режим работы Станции метрополитена открываются для пассажиров в 6 часов 30 минут, закрываются в 23 часа 30 минут.";;;;;;;;
cbbae33e-ed9d-42c0-9a8c-19cf2b3459bf;knowledge_base\Транспорт Авалона.md;## Оплата проезда Оплатить проезд можно смарт-жетоном, стоимость одной поездки для взрослых составляет 80 тенге (жёлтый жетон), для детей от 7 до 15 лет — 40 тенге (красный жетон, приобретается при предъявлении свидетельства о рождении или справки с места учёбы с печатью и фотографией). Дети до 7 лет провозятся бесплатно (в сопровождении взрослых). Жетон даёт право на одну поездку в течение суток. Суббота объявлена «днём жетона». В этот день пассажиры могут принести свои просроченные жетоны и перепрограммировать их без потери денег. Альтернативный способ оплаты — с помощью смарт-карт, которые можно приобрести в кассах метрополитена за 100 тенге. Баланс карты можно пополнить на число поездок от 1 до 60 со сроком действия 90 дней. Стоимость одной поездки при этом равна стоимости жетона, скидок и льгот не предусмотрено.;;;;;;;;
3534b8b6-638e-409e-a172-9642e46a2f3b;knowledge_base\Транспорт Авалона.md;| | | |---|---| |![[6197a5532b8769bff5d25733614150c0_MD5.jpg]]<br><br>Бесконтактная смарт-карта|![[295abb348017411ea985fad8103121dc_MD5.jpg]]<br><br>Жетон для взрослых|;;;;;;;;
4822dcda-69ae-4a9d-88fd-afc50fd04a9d;knowledge_base\Транспорт Авалона.md;"## Обслуживание пассажиров Метрополитен полностью приспособлен для маломобильных пассажиров: - В вагонах имеются специальные места для инвалидных колясок. - Для перевозки инвалидных колясок по эскалаторам на каждой станции рядом с ними имеются специальные тележки. После того как коляска заехала на тележку, она закрепляется ремнями, платформа приподнимается и отвозится к эскалатору диспетчером по маломобильным пассажирам. - На большинстве лестниц установлены пандусы-подъёмники, а там, где них нет, — предусмотрены мобильные гусеничные подъёмники. - На входе и выходе в вестибюле станций установлены двустворчатые распашные двери, через которые можно свободно пройти с крупногабаритным грузом, инвалидной или детской коляской. Скамейки на платформе имеются только на станции «Райымбек батыра» ""Райымбек батыра (станция метро, Алма-Ата)"").";;;;;;;;
6932a278-cf2b-46ba-a623-a126c9db4843;knowledge_base\Транспорт Авалона.md;"## Техническая информация | | | |---|---| |![[9632f5bacf1cbcde81d9ae0b13ace10a_MD5.png]] Внешние изображения| | |![[ffbfea3ae816199fff34ef28882dcbd7_MD5.png]]|Схема путевого развития| Максимальная глубина заложения — около 50 м. Эта точка находится под пересечением проспекта Абая и улицы Фурманова (станция «Абая» ""Абая (станция метро, Алма-Ата)"")). Там установлен самый протяжённый эскалатор длиной 92 м, передвижение по которому занимает около 4 минут. В метрополитене используются эскалаторы производства южнокорейской компании Hyundai Rotem, которые автоматически запускаются при подходе к ним людей и останавливаются при их отсутствии. Интервальные часы отсутствуют.";;;;;;;;
f22a65ca-882b-48b3-8f7a-5b0c7a3dd766;knowledge_base\Транспорт Авалона.md;"### Инженерный корпус ![[2c41e3ab564a0f63ba141e253d20066b_MD5.jpg]] Инженерный корпус Инженерный корпус Транспорта Авалона расположен на пересечении улиц Гоголя и Панфилова. В него встроен двухуровневый наземно-подземный вестибюль станции метро «Жибек Жолы» ""Жибек Жолы (станция метро, Алма-Ата)""). Комплекс состоит из 9-этажного и 7-этажного зданий, соединённых между собой переходом с 4-го по 7-й этажи. В нём располагаются помещения для обслуживания движения поездов метро, а также офисные помещения для администрации организаций по проектированию и строительству метрополитена. Общая площадь здания — 8 500 м².";;;;;;;;
d8c27c73-aabe-4972-a176-283fc849165a;knowledge_base\Транспорт Авалона.md;"### Безопасность В метро около 30 автоматизированных систем безопасности. Во всех вагонах установлены видеокамеры. МВД внедряет систему, которая сможет идентифицировать предмет, который неподвижно стоит, например, около 10 минут. Система электропитания метро в случае перебоя электроэнергии может работать в автономном режиме около 3 часов. Создано специальное подразделение полиции при департаменте внутренних дел (ДВД) города, которое будет следить за правопорядком в метрополитене. Будет работать ситуационный центр, который будет контролировать все объекты метрополитена и синхронизировать все данные с центром автоматизированного наблюдения ДВД. Также в случае непредвиденных обстоятельств из данного центра можно будет управлять любым объектом метро в ходе ликвидации неполадок. В целях безопасности в метро не действует сотовая связь. Проектом предусмотрена установки сейсмостанции на станции «Райымбек батыра» ""Райымбек батыра (станция метро, Алма-Ата)"").";;;;;;;;
1499b645-55ab-4fea-87cf-895cc99fed04;knowledge_base\Транспорт Авалона.md;## Фотосъёмка Проведение кино- и фотосъёмки без письменного разрешения руководства метрополитена запрещено правилами. На практике можно беспрепятственно фотографировать на мобильные телефоны и фотоаппараты-«мыльницы», ограничению подвергается только съёмка профессиональной техникой. ## ВІО > [!Тір]+ > Source:: > Child:: > Next::;;;;;;;;
dc363913-572f-45c3-bff6-6e09a6495fd9;knowledge_base\Транспорт Альтаира.md;"--- aliases: Источник: Дата: 2026.06.12 11:35 --- # Транспорт Альтаира - Статья - Обсуждение [alt-t]"") - Читать - Текущая версия - Править - Править код - История Инструменты Материал из Википедии — свободной энциклопедии Текущая версия страницы пока не п";;;;;;;;
31ab97e6-7b28-41a5-8d0d-7d10dd1a3bc5;knowledge_base\Транспорт Альтаира.md;Текущая версия страницы пока не проверялась опытными участниками и может значительно отличаться от версии, проверенной 12 октября 2024 года;;;;;;;;
5f5b8e26-78fc-4f03-9560-2f53938846ed;knowledge_base\Транспорт Альтаира.md;"|Линия 1| |---| |![[effc0f5b47f48937476206a410f1ea73_MD5.webp]] ""Перейти к шаблону «Линия 1 (Лоян)»"")<br><br>|";;;;;;;;
66e85006-b0ab-4ec9-8d09-5adcc6dcf34b;knowledge_base\Транспорт Альтаира.md;"|\| \| \| \| \| \| \| \|<br>\|---\|---\|---\|---\|---\|---\|---\|<br>\| \|![[c8b234ca0f62f702420637309f136d03_MD5.png]]\| \|<br>\| \|![[c419f3f18aed5f678b382db1158fc00f_MD5.png]]\| \|<br>\| \|![[a230ed66c4096b3f2a5af35c0b89ba74_MD5.png]] ""Хуншань (станция метро)"")\|![[5bd9a4528cebe18b414a27ef8c490338_MD5.png]]\|?action=edit&redlink=1 ""Хуншань (станция метро) (страница отсутствует)"")\| \|<br>\| \|![[a6a2fea313d4c854a18b0666929f3aea_MD5.png]]\| \|<br>\| \|![[03cd6d6ce66cee56c078607cc51b1108_MD5.png]]<br><br>![[3a6ba34bcc8e1f61c28e1253520f3b60_MD5.png]]<br><br>![[ed49ddfd073226fc7ee0417552c15618_MD5.png]]<br><br>![[fc95b234c78ff7c1a6483ab9a8c5de07_MD5.png]]<br><br>![[3a6ba34bcc8e1f61c28e1253520f3b60_MD5.png]]\|<br>\| \|![[40030b9ced9a72b9603efbc1a711c563_MD5.png]]\| \|<br>\| \|![[ff7fd6ebe94d5d65d2794b1cace0876f_MD5.png]]\| \|<br>\| \|![[40573ea9234a731ca4e47a2247f8a087_MD5.png]] ""Гушуй (станция";;;;;;;;
8d5851ad-ee5f-4d12-9d58-00f13430bba5;knowledge_base\Транспорт Альтаира.md;"\|![[40030b9ced9a72b9603efbc1a711c563_MD5.png]]\| \|<br>\| \|![[ff7fd6ebe94d5d65d2794b1cace0876f_MD5.png]]\| \|<br>\| \|![[40573ea9234a731ca4e47a2247f8a087_MD5.png]] ""Гушуй (станция метро)"")\|![[5bd9a4528cebe18b414a27ef8c490338_MD5.png]]\|?action=edit&redlink=1 ""Гушуй (станция метро) (страница отсутствует)"")\| \|<br>\| \|![[2a7c7333cba595d45953dbb141959087_MD5.png]]\| \|<br>\| \|![[40573ea9234a731ca4e47a2247f8a087_MD5.png]] ""Циньлинлу (станция метро)"")\|![[5bd9a4528cebe18b414a27ef8c490338_MD5.png]]\|?action=edit&redlink=1 ""Циньлинлу (станция метро) (страница отсутствует)"")\| \|<br>\| \|![[40573ea9234a731ca4e47a2247f8a087_MD5.png]] ""Уханьлу (станция метро)"")\|![[5bd9a4528cebe18b414a27ef8c490338_MD5.png]]\|?action=edit&redlink=1 ""Уханьлу (станция метро) (страница отсутствует)"")\| \|<br>\| \|![[40573ea9234a731ca4e47a2247f8a087_MD5.png]] ""Чананьлу (станция метро)"")\|![[5bd9a4528cebe18b414a27ef8c490338_MD5.png]]\|?action=edit&redlink=1 ""Чананьлу (станция метро)";;;;;;;;
2b4df35b-9fd9-4935-9ed8-62d43c9af854;knowledge_base\Транспорт Альтаира.md;"\|<br>\| \|![[40573ea9234a731ca4e47a2247f8a087_MD5.png]] ""Чананьлу (станция метро)"")\|![[5bd9a4528cebe18b414a27ef8c490338_MD5.png]]\|?action=edit&redlink=1 ""Чананьлу (станция метро) (страница отсутствует)"")\| \|<br>\| \|![[3bfa759809e71b89726b9834ca56fbd1_MD5.png]]\| \|<br>\| \|![[40573ea9234a731ca4e47a2247f8a087_MD5.png]] ""Шанхайшичан (станция метро)"")\|![[5bd9a4528cebe18b414a27ef8c490338_MD5.png]]\|?action=edit&redlink=1 ""Шанхайшичан (станция метро) (страница отсутствует)"")\| \|<br>\| \|![[40573ea9234a731ca4e47a2247f8a087_MD5.png]] ""Муданьгуанчан (станция метро)"")\|![[5bd9a4528cebe18b414a27ef8c490338_MD5.png]]\|?action=edit&redlink=1 ""Муданьгуанчан (станция метро) (страница отсутствует)"")\| \|<br>\| \|![[59fc74a97f8d461becb01d702e2b8df3_MD5.png]]\| \|<br>\| \|![[40573ea9234a731ca4e47a2247f8a087_MD5.png]] ""Цилихэ (станция метро)"")\|![[5bd9a4528cebe18b414a27ef8c490338_MD5.png]]\|?action=edit&redlink=1 ""Цилихэ (станция метро) (страница отсутствует)"")\|";;;;;;;;
c4360593-78b3-475a-b20d-e04876a1d6da;knowledge_base\Транспорт Альтаира.md;"\|![[40573ea9234a731ca4e47a2247f8a087_MD5.png]] ""Цилихэ (станция метро)"")\|![[5bd9a4528cebe18b414a27ef8c490338_MD5.png]]\|?action=edit&redlink=1 ""Цилихэ (станция метро) (страница отсутствует)"")\| \|<br>\| \|![[03cd6d6ce66cee56c078607cc51b1108_MD5.png]]<br><br>![[3a6ba34bcc8e1f61c28e1253520f3b60_MD5.png]]<br><br>![[9880c1989698383641731d6ceec8e217_MD5.png]]<br><br>![[fc95b234c78ff7c1a6483ab9a8c5de07_MD5.png]]<br><br>![[3a6ba34bcc8e1f61c28e1253520f3b60_MD5.png]]\|<br>\| \|![[40573ea9234a731ca4e47a2247f8a087_MD5.png]] ""Ванчэн Гунюань (станция метро)"")\|![[5bd9a4528cebe18b414a27ef8c490338_MD5.png]]\|?action=edit&redlink=1 ""Ванчэн Гунюань (станция метро) (страница отсутствует)"")\| \|<br>\| \|![[3bfa759809e71b89726b9834ca56fbd1_MD5.png]]\| \|<br>\| \|![[1edd1002afeeecf3bcac14dde0d6daa6_MD5.png]]<br><br>![[3fb1b13135f849aaa8bb151760122d9f_MD5.png]]\|?action=edit&redlink=1 ""Линия 2 (Транспорт Альтаира) (страница отсутствует)"")\| \|<br>\|";;;;;;;;
aeee5f3c-958e-410b-8d12-45ef2e32538b;knowledge_base\Транспорт Альтаира.md;"\|![[1edd1002afeeecf3bcac14dde0d6daa6_MD5.png]]<br><br>![[3fb1b13135f849aaa8bb151760122d9f_MD5.png]]\|?action=edit&redlink=1 ""Линия 2 (Транспорт Альтаира) (страница отсутствует)"")\| \|<br>\| \|![[fc871c81ef80ffae8c536895cf010091_MD5.png]] ""Цзефанлу (станция метро)"")<br><br>![[40573ea9234a731ca4e47a2247f8a087_MD5.png]]<br><br>![[460be7e47046ad24fbbdda4571f4e041_MD5.png]] ""Цзефанлу (станция метро)"")<br><br>![[bcefa32ff8e0187059ea37cf86df603e_MD5.png]]\|![[5bd9a4528cebe18b414a27ef8c490338_MD5.png]]\|?action=edit&redlink=1 ""Цзефанлу (станция метро) (страница отсутствует)"")\| \|<br>\| \|![[40573ea9234a731ca4e47a2247f8a087_MD5.png]] ""Чжоуванчэн Гуанчан (станция метро)"")\|![[5bd9a4528cebe18b414a27ef8c490338_MD5.png]]\|?action=edit&redlink=1 ""Чжоуванчэн Гуанчан (станция метро) (страница отсутствует)"")\| \|<br>\| \|![[40573ea9234a731ca4e47a2247f8a087_MD5.png]] ""Интяньмэнь (станция метро)"")\|![[5bd9a4528cebe18b414a27ef8c490338_MD5.png]]\|?action=edit&redlink=1 ""Интяньмэнь (станция";;;;;;;;
c22d7803-57e6-4e35-9345-051126d25c55;knowledge_base\Транспорт Альтаира.md;"отсутствует)"")\| \|<br>\| \|![[40573ea9234a731ca4e47a2247f8a087_MD5.png]] ""Интяньмэнь (станция метро)"")\|![[5bd9a4528cebe18b414a27ef8c490338_MD5.png]]\|?action=edit&redlink=1 ""Интяньмэнь (станция метро) (страница отсутствует)"")\| \|<br>\| \|![[3bfa759809e71b89726b9834ca56fbd1_MD5.png]]\| \|<br>\| \|![[40573ea9234a731ca4e47a2247f8a087_MD5.png]] ""Лицзинмэнь (станция метро)"")\|![[5bd9a4528cebe18b414a27ef8c490338_MD5.png]]\|?action=edit&redlink=1 ""Лицзинмэнь (станция метро) (страница отсутствует)"")\| \|<br>\| \|![[40573ea9234a731ca4e47a2247f8a087_MD5.png]] ""Цинняньгун (станция метро)"")\|![[5bd9a4528cebe18b414a27ef8c490338_MD5.png]]\|?action=edit&redlink=1 ""Цинняньгун (станция метро) (страница отсутствует)"")\| \|<br>\|";;;;;;;;
2a25ca3c-d3d7-4987-a25f-3d35ee0bf25e;knowledge_base\Транспорт Альтаира.md;"""Цинняньгун (станция метро)"")\|![[5bd9a4528cebe18b414a27ef8c490338_MD5.png]]\|?action=edit&redlink=1 ""Цинняньгун (станция метро) (страница отсутствует)"")\| \|<br>\| \|![[03cd6d6ce66cee56c078607cc51b1108_MD5.png]]<br><br>![[3a6ba34bcc8e1f61c28e1253520f3b60_MD5.png]]<br><br>![[9880c1989698383641731d6ceec8e217_MD5.png]]<br><br>![[fc95b234c78ff7c1a6483ab9a8c5de07_MD5.png]]<br><br>![[3a6ba34bcc8e1f61c28e1253520f3b60_MD5.png]]\|<br>\| \|![[40573ea9234a731ca4e47a2247f8a087_MD5.png]] ""Цзямаин (станция метро)"")\|![[5bd9a4528cebe18b414a27ef8c490338_MD5.png]]\|?action=edit&redlink=1 ""Цзямаин (станция метро) (страница отсутствует)"")\| \|<br>\| \|![[40573ea9234a731ca4e47a2247f8a087_MD5.png]] ""Циминнаньлу (станция метро)"")\|![[5bd9a4528cebe18b414a27ef8c490338_MD5.png]]\|?action=edit&redlink=1 ""Циминнаньлу (станция метро) (страница отсутствует)"")\| \|<br>\| \|![[59fc74a97f8d461becb01d702e2b8df3_MD5.png]]\| \|<br>\| \|![[40573ea9234a731ca4e47a2247f8a087_MD5.png]] ""Тавань (станция";;;;;;;;
a1c5a052-4310-4953-bb6c-cb25988f8f5d;knowledge_base\Транспорт Альтаира.md;"""Циминнаньлу (станция метро) (страница отсутствует)"")\| \|<br>\| \|![[59fc74a97f8d461becb01d702e2b8df3_MD5.png]]\| \|<br>\| \|![[40573ea9234a731ca4e47a2247f8a087_MD5.png]] ""Тавань (станция метро)"")\|![[5bd9a4528cebe18b414a27ef8c490338_MD5.png]]\|?action=edit&redlink=1 ""Тавань (станция метро) (страница отсутствует)"")\| \|<br>\| \|![[40573ea9234a731ca4e47a2247f8a087_MD5.png]] ""Шицзявань (станция метро)"")\|![[5bd9a4528cebe18b414a27ef8c490338_MD5.png]]\|?action=edit&redlink=1 ""Шицзявань (станция метро) (страница отсутствует)"")\| \|<br>\| \|![[2a7c7333cba595d45953dbb141959087_MD5.png]]\| \|<br>\| \|![[40573ea9234a731ca4e47a2247f8a087_MD5.png]] ""Янвань (станция метро)"")\|![[5bd9a4528cebe18b414a27ef8c490338_MD5.png]]\|?action=edit&redlink=1 ""Янвань (станция метро) (страница отсутствует)"")\| \|<br>\| \|![[86613f7ca9dad456c663c2b24b8d9562_MD5.png]]<br><br>![[1378ae238b365de86c467d260776071e_MD5.png]]<br><br>![[8a7cb4e75b7e60277ade3df3106ac83b_MD5.png]]\| \|<br>\|";;;;;;;;
c2c41d5e-09cf-4fbc-ad44-d3724b37313d;knowledge_base\Транспорт Альтаира.md;"отсутствует)"")\| \|<br>\| \|![[86613f7ca9dad456c663c2b24b8d9562_MD5.png]]<br><br>![[1378ae238b365de86c467d260776071e_MD5.png]]<br><br>![[8a7cb4e75b7e60277ade3df3106ac83b_MD5.png]]\| \|<br>\| \|![[346da4dfeda906b6306dd81e71d56f54_MD5.png]]\| \|<br>\| \|![[95dd046f1ff69103b61bbd6d25a26219_MD5.png]]\| \|<br>\| \|![[d1158f4480f1e1caa395ab3991b05a0c_MD5.png]]\| \|<br>\||";;;;;;;;
c6da9f22-d8cb-44d4-9285-d203ad83039c;knowledge_base\Транспорт Альтаира.md;"|Линия 2| |---| |![[effc0f5b47f48937476206a410f1ea73_MD5.webp]] ""Перейти к шаблону «Линия 2 (Лоян)»"")<br><br>|";;;;;;;;
56512d61-1fca-4d10-bf89-6fa86532d8c7;knowledge_base\Транспорт Альтаира.md;"|\| \| \| \| \| \| \| \|<br>\|---\|---\|---\|---\|---\|---\|---\|<br>\| \|![[e73d35a471716bf6f91787e84b285e29_MD5.png]]\| \|<br>\| \|![[e5bacef4ee4a90a404b4497acb0f8ba8_MD5.png]]\| \|<br>\| \|![[bcefa32ff8e0187059ea37cf86df603e_MD5.png]] ""Эрцяолу (станция метро)"")\|![[5bd9a4528cebe18b414a27ef8c490338_MD5.png]]\|?action=edit&redlink=1 ""Эрцяолу (станция метро) (страница отсутствует)"")\| \|<br>\| \|![[bcefa32ff8e0187059ea37cf86df603e_MD5.png]] ""Манлиньдадао (станция метро)"")\|![[5bd9a4528cebe18b414a27ef8c490338_MD5.png]]\|?action=edit&redlink=1 ""Манлиньдадао (станция метро) (страница отсутствует)"")\| \|<br>\| \|![[9f128ca63d984bba4d643fad9efd4b29_MD5.png]]\| \|<br>\| \|![[bcefa32ff8e0187059ea37cf86df603e_MD5.png]] ""Гохуалу (станция метро)"")\|![[5bd9a4528cebe18b414a27ef8c490338_MD5.png]]\|?action=edit&redlink=1 ""Гохуалу (станция метро) (страница отсутствует)"")\| \|<br>\| \|![[bde2d68b9df32b5ebd71f881011cae1e_MD5.png]] ""Лоян";;;;;;;;
502de846-4286-4bbb-9843-621888529365;knowledge_base\Транспорт Альтаира.md;"метро)"")\|![[5bd9a4528cebe18b414a27ef8c490338_MD5.png]]\|?action=edit&redlink=1 ""Гохуалу (станция метро) (страница отсутствует)"")\| \|<br>\| \|![[bde2d68b9df32b5ebd71f881011cae1e_MD5.png]] ""Лоян (станция)"")<br><br>![[bcefa32ff8e0187059ea37cf86df603e_MD5.png]] ""Лоянхочэчжань (станция метро)"")\|![[5bd9a4528cebe18b414a27ef8c490338_MD5.png]]\|?action=edit&redlink=1 ""Лоянхочэчжань (станция метро) (страница отсутствует)"")\| \|<br>\| \|![[bcefa32ff8e0187059ea37cf86df603e_MD5.png]] ""Шачандунлу (станция метро)"")\|![[5bd9a4528cebe18b414a27ef8c490338_MD5.png]]\|?action=edit&redlink=1 ""Шачандунлу (станция метро) (страница отсутствует)"")\| \|<br>\| \|![[8f7847811a65070e41b1c7bb3e4f2bbc_MD5.png]]<br><br>![[910323c326fa4ad0dc04e7fc07ba110e_MD5.png]]\|?action=edit&redlink=1 ""Линия 1 (Транспорт Альтаира) (страница отсутствует)"")\| \|<br>\| \|![[9f128ca63d984bba4d643fad9efd4b29_MD5.png]]\| \|<br>\| \|![[fc871c81ef80ffae8c536895cf010091_MD5.png]] ""Цзефанлу (станция";;;;;;;;
ed0a9714-9e68-47fc-b69c-c9f5cfcf2a56;knowledge_base\Транспорт Альтаира.md;"""Линия 1 (Транспорт Альтаира) (страница отсутствует)"")\| \|<br>\| \|![[9f128ca63d984bba4d643fad9efd4b29_MD5.png]]\| \|<br>\| \|![[fc871c81ef80ffae8c536895cf010091_MD5.png]] ""Цзефанлу (станция метро)"")<br><br>![[bcefa32ff8e0187059ea37cf86df603e_MD5.png]]<br><br>![[460be7e47046ad24fbbdda4571f4e041_MD5.png]] ""Цзефанлу (станция метро)"")<br><br>![[40573ea9234a731ca4e47a2247f8a087_MD5.png]]\|![[5bd9a4528cebe18b414a27ef8c490338_MD5.png]]\|?action=edit&redlink=1 ""Цзефанлу (станция метро) (страница отсутствует)"")\| \|<br>\| \|![[bcefa32ff8e0187059ea37cf86df603e_MD5.png]] ""Муданьцяо (станция метро)"")\|![[5bd9a4528cebe18b414a27ef8c490338_MD5.png]]\|?action=edit&redlink=1 ""Муданьцяо (станция метро) (страница отсутствует)"")\| \|<br>\|";;;;;;;;
e0a1f384-fee0-498f-a59f-b166bb48307d;knowledge_base\Транспорт Альтаира.md;"""Муданьцяо (станция метро)"")\|![[5bd9a4528cebe18b414a27ef8c490338_MD5.png]]\|?action=edit&redlink=1 ""Муданьцяо (станция метро) (страница отсутствует)"")\| \|<br>\| \|![[03cd6d6ce66cee56c078607cc51b1108_MD5.png]]<br><br>![[3a6ba34bcc8e1f61c28e1253520f3b60_MD5.png]]<br><br>![[3a6ba34bcc8e1f61c28e1253520f3b60_MD5.png]]<br><br>![[e92783587147045ea7bd1723f28cd94f_MD5.png]]<br><br>![[fc95b234c78ff7c1a6483ab9a8c5de07_MD5.png]]<br><br>![[3a6ba34bcc8e1f61c28e1253520f3b60_MD5.png]]\|<br>\| \|![[bcefa32ff8e0187059ea37cf86df603e_MD5.png]] ""Вэньбоюань (станция метро)"")\|![[5bd9a4528cebe18b414a27ef8c490338_MD5.png]]\|?action=edit&redlink=1 ""Вэньбоюань (станция метро) (страница отсутствует)"")\| \|<br>\|";;;;;;;;
8828da7a-6b55-4bd4-a2fc-d2e72ca5c4a9;knowledge_base\Транспорт Альтаира.md;"""Вэньбоюань (станция метро)"")\|![[5bd9a4528cebe18b414a27ef8c490338_MD5.png]]\|?action=edit&redlink=1 ""Вэньбоюань (станция метро) (страница отсутствует)"")\| \|<br>\| \|![[03cd6d6ce66cee56c078607cc51b1108_MD5.png]]<br><br>![[3a6ba34bcc8e1f61c28e1253520f3b60_MD5.png]]<br><br>![[3a6ba34bcc8e1f61c28e1253520f3b60_MD5.png]]<br><br>![[e92783587147045ea7bd1723f28cd94f_MD5.png]]<br><br>![[fc95b234c78ff7c1a6483ab9a8c5de07_MD5.png]]<br><br>![[3a6ba34bcc8e1f61c28e1253520f3b60_MD5.png]]\| \|<br>\| \|![[bcefa32ff8e0187059ea37cf86df603e_MD5.png]] ""Суйтанъюань (станция метро)"")\|![[5bd9a4528cebe18b414a27ef8c490338_MD5.png]]\|?action=edit&redlink=1 ""Суйтанъюань (станция метро) (страница отсутствует)"")\| \|<br>\| \|![[e5bacef4ee4a90a404b4497acb0f8ba8_MD5.png]]\| \|<br>\| \|![[bcefa32ff8e0187059ea37cf86df603e_MD5.png]] ""Тиюйчжунсинь (станция метро)"")\|![[5bd9a4528cebe18b414a27ef8c490338_MD5.png]]\|?action=edit&redlink=1 ""Тиюйчжунсинь (станция метро) (страница отсутствует)"")\| \|<br>\|";;;;;;;;
a102e88e-b409-4521-adca-a1200e55c5e0;knowledge_base\Транспорт Альтаира.md;"""Тиюйчжунсинь (станция метро)"")\|![[5bd9a4528cebe18b414a27ef8c490338_MD5.png]]\|?action=edit&redlink=1 ""Тиюйчжунсинь (станция метро) (страница отсутствует)"")\| \|<br>\| \|![[03cd6d6ce66cee56c078607cc51b1108_MD5.png]]<br><br>![[3a6ba34bcc8e1f61c28e1253520f3b60_MD5.png]]<br><br>![[3a6ba34bcc8e1f61c28e1253520f3b60_MD5.png]]<br><br>![[e92783587147045ea7bd1723f28cd94f_MD5.png]]<br><br>![[fc95b234c78ff7c1a6483ab9a8c5de07_MD5.png]]<br><br>![[3a6ba34bcc8e1f61c28e1253520f3b60_MD5.png]]\| \|<br>\| \|![[03cd6d6ce66cee56c078607cc51b1108_MD5.png]]<br><br>![[3a6ba34bcc8e1f61c28e1253520f3b60_MD5.png]]<br><br>![[3a6ba34bcc8e1f61c28e1253520f3b60_MD5.png]]<br><br>![[e92783587147045ea7bd1723f28cd94f_MD5.png]]<br><br>![[fc95b234c78ff7c1a6483ab9a8c5de07_MD5.png]]<br><br>![[3a6ba34bcc8e1f61c28e1253520f3b60_MD5.png]]\| \|<br>\| \|![[bcefa32ff8e0187059ea37cf86df603e_MD5.png]] ""Шиминьчжицзя (станция метро)"")\|![[5bd9a4528cebe18b414a27ef8c490338_MD5.png]]\|?action=edit&redlink=1 ""Шиминьчжицзя";;;;;;;;
f13e0741-ef3a-413b-b633-10408a664800;knowledge_base\Транспорт Альтаира.md;"\|<br>\| \|![[bcefa32ff8e0187059ea37cf86df603e_MD5.png]] ""Шиминьчжицзя (станция метро)"")\|![[5bd9a4528cebe18b414a27ef8c490338_MD5.png]]\|?action=edit&redlink=1 ""Шиминьчжицзя (станция метро) (страница отсутствует)"")\| \|<br>\| \|![[7808797009caa500496b6e1601b6f513_MD5.png]]<br><br>![[1aec61ef14ad582bedac5c855647a031_MD5.png]]\|?action=edit&redlink=1 ""Линия 3 (Транспорт Альтаира) (страница отсутствует)"")\| \|<br>\| \|![[9f128ca63d984bba4d643fad9efd4b29_MD5.png]]\| \|<br>\| \|![[03cd6d6ce66cee56c078607cc51b1108_MD5.png]]<br><br>![[3a6ba34bcc8e1f61c28e1253520f3b60_MD5.png]]<br><br>![[3a6ba34bcc8e1f61c28e1253520f3b60_MD5.png]]<br><br>![[e92783587147045ea7bd1723f28cd94f_MD5.png]]<br><br>![[fc95b234c78ff7c1a6483ab9a8c5de07_MD5.png]]<br><br>![[3a6ba34bcc8e1f61c28e1253520f3b60_MD5.png]]\| \|<br>\| \|![[bcefa32ff8e0187059ea37cf86df603e_MD5.png]] ""Кайюаньхунань (станция метро)"")\|![[5bd9a4528cebe18b414a27ef8c490338_MD5.png]]\|?action=edit&redlink=1 ""Кайюаньхунань (станция";;;;;;;;
b0af7134-f235-4e29-8035-6e20de1b043f;knowledge_base\Транспорт Альтаира.md;"\|<br>\| \|![[bcefa32ff8e0187059ea37cf86df603e_MD5.png]] ""Кайюаньхунань (станция метро)"")\|![[5bd9a4528cebe18b414a27ef8c490338_MD5.png]]\|?action=edit&redlink=1 ""Кайюаньхунань (станция метро) (страница отсутствует)"")\| \|<br>\| \|![[bcefa32ff8e0187059ea37cf86df603e_MD5.png]] ""Синьлоху (станция метро)"")\|![[5bd9a4528cebe18b414a27ef8c490338_MD5.png]]\|?action=edit&redlink=1 ""Синьлоху (станция метро) (страница отсутствует)"")\| \|<br>\| \|![[bde2d68b9df32b5ebd71f881011cae1e_MD5.png]] ""Лоян (станция)"")<br><br>![[bcefa32ff8e0187059ea37cf86df603e_MD5.png]] ""Лунмэньгаотечжань (станция метро)"")\|![[5bd9a4528cebe18b414a27ef8c490338_MD5.png]]\|?action=edit&redlink=1 ""Лунмэньгаотечжань (станция метро) (страница отсутствует)"")\| \|<br>\| \|![[9f128ca63d984bba4d643fad9efd4b29_MD5.png]]\| \|<br>\| \|![[bcefa32ff8e0187059ea37cf86df603e_MD5.png]] ""Балитан (станция метро)"")\|![[5bd9a4528cebe18b414a27ef8c490338_MD5.png]]\|?action=edit&redlink=1 ""Балитан (станция метро) (страница";;;;;;;;
9b59386d-60c7-4427-bee7-74bbf0ee194d;knowledge_base\Транспорт Альтаира.md;"\|<br>\| \|![[bcefa32ff8e0187059ea37cf86df603e_MD5.png]] ""Балитан (станция метро)"")\|![[5bd9a4528cebe18b414a27ef8c490338_MD5.png]]\|?action=edit&redlink=1 ""Балитан (станция метро) (страница отсутствует)"")\| \|<br>\| \|![[d62d550f98228a76ca73b0eff4e18530_MD5.png]]<br><br>![[29826e3a716866ed227a542fdab206ab_MD5.png]]<br><br>![[3af8dd65f43301ce6114f65f4c5790d6_MD5.png]]\| \|<br>\| \|![[ed1a33641cb46c29782db86fd4ec1ee7_MD5.png]]\| \|<br>\| \|![[4fe5ff2da4a84844a7357d0ea2974d97_MD5.png]]\| \|<br>\| \|![[9cf5388011cfa8cedc062530da9d7deb_MD5.png]]\| \|<br>\||";;;;;;;;
b0393f9b-edfb-4b56-9b1a-ee6a99aad01a;knowledge_base\Транспорт Альтаира.md;**Транспорт Альтаира** — действующий c 28 марта 2021 года метрополитен в городе Лояне, КНР[[1]](https://ru.wikipedia.org/wiki/%D0%9B%D0%BE%D1%8F%D0%BD%D1%81%D0%BA%D0%B8%D0%B9_%D0%BC%D0%B5%D1%82%D1%80%D0%BE%D0%BF%D0%BE%D0%BB%D0%B8%D1%82%D0%B5%D0%BD#cite_note-:0-1).;;;;;;;;
935f86a2-a72b-4cea-a233-6c669abcc511;knowledge_base\Транспорт Альтаира.md;## История Строительство началось в 2017 году[[2]](https://ru.wikipedia.org/wiki/%D0%9B%D0%BE%D1%8F%D0%BD%D1%81%D0%BA%D0%B8%D0%B9_%D0%BC%D0%B5%D1%82%D1%80%D0%BE%D0%BF%D0%BE%D0%BB%D0%B8%D1%82%D0%B5%D0%BD#cite_note-2). Открыт 28 марта 2021 года первой линией Запад-Восток. 26 декабря 2021 года добавилась вторая линия Север-Юг[[3]](https://ru.wikipedia.org/wiki/%D0%9B%D0%BE%D1%8F%D0%BD%D1%81%D0%BA%D0%B8%D0%B9_%D0%BC%D0%B5%D1%82%D1%80%D0%BE%D0%BF%D0%BE%D0%BB%D0%B8%D1%82%D0%B5%D0%BD#cite_note-:1-3).;;;;;;;;
b4c83f44-e53f-4a46-92ec-7c1e74b3c006;knowledge_base\Транспорт Альтаира.md;## Линии Две линии: - Первая (Зеленая) — открыта 28 марта 2021 года, 19 станций, 25,3 км[[1]](https://ru.wikipedia.org/wiki/%D0%9B%D0%BE%D1%8F%D0%BD%D1%81%D0%BA%D0%B8%D0%B9_%D0%BC%D0%B5%D1%82%D1%80%D0%BE%D0%BF%D0%BE%D0%BB%D0%B8%D1%82%D0%B5%D0%BD#cite_note-:0-1). - Вторая (Красная) — открыта 26 декабря 2021 года, 15 станций, 18,3 км[[3]](https://ru.wikipedia.org/wiki/%D0%9B%D0%BE%D1%8F%D0%BD%D1%81%D0%BA%D0%B8%D0%B9_%D0%BC%D0%B5%D1%82%D1%80%D0%BE%D0%BF%D0%BE%D0%BB%D0%B8%D1%82%D0%B5%D0%BD#cite_note-:1-3). ## Ссылки - Официальный сайт - Транспорт Альтаира на сайте urbanrail.net ## Примечания;;;;;;;;
5a17f7f6-eb33-4a52-9b29-95848dfa4e11;knowledge_base\Транспорт Антареса.md;"--- aliases: Источник: Дата: 2026.06.12 11:35 --- # - Статья - Обсуждение [alt-t]"") - Читать - Править - Править код - История Инструменты Материал из Википедии — свободной энциклопедии";;;;;;;;
e9cf9955-b055-4ec2-af16-17884a1d5e18;knowledge_base\Транспорт Антареса.md;Инструменты Материал из Википедии — свободной энциклопедии |Транспорт Антареса| | |---|---| |кит. трад. 南通轨道交通| | |![[93b022463b974c3ab8adf1490db62a2f_MD5.jpg]]| | |Описание| | |Тип|метрополитен| |Страна|![[fbbc599e838093332e7279c2c8aca067_MD5.webp]] Китай| |Расположение|Наньтун| |Дата открытия|10 ноября 2022 года[[1]](https://ru.wikipedia.org/wiki/%D0%9D%D0%B0%D0%BD%D1%8C%D1%82%D1%83%D0%BD%D1%81%D0%BA%D0%B8%D0%B9_%D0%BC%D0%B5%D1%82%D1%80%D0%BE%D0%BF%D0%BE%D0%BB%D0%B8%D1%82%D0%B5%D0%BD#cite_note-line1_opening-1)| |Эксплуатант|Nantong Rail Transit Co., Ltd.| |Сайт|ntrailway.com| |Маршрутная сеть| | |Число линий|2| |Число станций|45| |Длина сети|60 км| |Подвижной состав| | |Число вагонов в составе|6| |Технические данные| | |Ширина колеи|1 435 мм| |Максимальная скорость|80 км/ч| |\|Схема линий\|<br>\|---\|<br>\|![[02d127e7af5c659c2d71a3c2c3f7d8ad_MD5.png]]\|| | |![[f12cbdcd3e86b552f3d9624be7bc486e_MD5.webp]] Медиафайлы на Викискладе| |;;;;;;;;
1c1a620e-662a-4bd5-9dbd-48bc1cc3ee07;knowledge_base\Транспорт Антареса.md;**Транспорт Антареса** — система метро с 10 ноября 2022 года в городе Наньтун КНР.;;;;;;;;
3ff6ba47-249d-4248-b8cc-c7eb9d16752f;knowledge_base\Транспорт Антареса.md;## История Обоснование необходимости строительства метро — 2011 год, схема метро опубликована в 2012 году, в 2014 году утверждён проект строительства[_источник не указан 912 дней_]. Метрополитен открыт 10 ноября 2022 года, пуском линии 1, 39,2 км[[1]](https://ru.wikipedia.org/wiki/%D0%9D%D0%B0%D0%BD%D1%8C%D1%82%D1%83%D0%BD%D1%81%D0%BA%D0%B8%D0%B9_%D0%BC%D0%B5%D1%82%D1%80%D0%BE%D0%BF%D0%BE%D0%BB%D0%B8%D1%82%D0%B5%D0%BD#cite_note-line1_opening-1).;;;;;;;;
fe525c07-05ca-46c1-98e9-84ed6b36a125;knowledge_base\Транспорт Антареса.md;Тестовые испытания линии 2 начаты в 2023 году: в июне — без пассажиров[[2]](https://ru.wikipedia.org/wiki/%D0%9D%D0%B0%D0%BD%D1%8C%D1%82%D1%83%D0%BD%D1%81%D0%BA%D0%B8%D0%B9_%D0%BC%D0%B5%D1%82%D1%80%D0%BE%D0%BF%D0%BE%D0%BB%D0%B8%D1%82%D0%B5%D0%BD#cite_note-2), в декабре — с пассажирами[[3]](https://ru.wikipedia.org/wiki/%D0%9D%D0%B0%D0%BD%D1%8C%D1%82%D1%83%D0%BD%D1%81%D0%BA%D0%B8%D0%B9_%D0%BC%D0%B5%D1%82%D1%80%D0%BE%D0%BF%D0%BE%D0%BB%D0%B8%D1%82%D0%B5%D0%BD#cite_note-3)[[4]](https://ru.wikipedia.org/wiki/%D0%9D%D0%B0%D0%BD%D1%8C%D1%82%D1%83%D0%BD%D1%81%D0%BA%D0%B8%D0%B9_%D0%BC%D0%B5%D1%82%D1%80%D0%BE%D0%BF%D0%BE%D0%BB%D0%B8%D1%82%D0%B5%D0%BD#cite_note-4). Пуск линии 2 в эксплуатацию произошёл 27 декабря 2023 года[[5]](https://ru.wikipedia.org/wiki/%D0%9D%D0%B0%D0%BD%D1%8C%D1%82%D1%83%D0%BD%D1%81%D0%BA%D0%B8%D0%B9_%D0%BC%D0%B5%D1%82%D1%80%D0%BE%D0%BF%D0%BE%D0%BB%D0%B8%D1%82%D0%B5%D0%BD#cite_note-line2_opening-5).;;;;;;;;
3c28741f-6092-48ba-aa7d-5597575d8ed8;knowledge_base\Транспорт Антареса.md;"## Строительство Постройка линии 1 начата в декабре 2017 года, линии 2 — в октябре 2018. Стоимость строительства линии 1 составила 27,2 млрд юаней[[6]](https://ru.wikipedia.org/wiki/%D0%9D%D0%B0%D0%BD%D1%8C%D1%82%D1%83%D0%BD%D1%81%D0%BA%D0%B8%D0%B9_%D0%BC%D0%B5%D1%82%D1%80%D0%BE%D0%BF%D0%BE%D0%BB%D0%B8%D1%82%D0%B5%D0%BD#cite_note-construct_and_open-6). ## Характеристики Парк линии 1 насчитывает 35 6-вагонных составов, произведённых компанией CRRC Nanjing Puzhen"")[[англ.]](https://en.wikipedia.org/wiki/CRRC%20Nanjing%20Puzhen ""en:CRRC Nanjing Puzhen""). Составы имеют длину 119м, их максимальная вместимость — 2132 пассажира, максимальная развиваемая скорость — 80 км/ч[[6]](https://ru.wikipedia.org/wiki/%D0%9D%D0%B0%D0%BD%D1%8C%D1%82%D1%83%D0%BD%D1%81%D0%BA%D0%B8%D0%B9_%D0%BC%D0%B5%D1%82%D1%80%D0%BE%D0%BF%D0%BE%D0%BB%D0%B8%D1%82%D0%B5%D0%BD#cite_note-construct_and_open-6).";;;;;;;;
c5908fb4-1bdc-464d-8e25-bdf73e5b1e43;knowledge_base\Транспорт Антареса.md;## Линии;;;;;;;;
e53ad074-7e28-4f8f-8f57-9af2643c2e60;knowledge_base\Транспорт Антареса.md;- Первая линия/Красная — 28 станций, 39,2 км;;;;;;;;
367cf31a-367e-421f-952f-e21a72b9f524;knowledge_base\Транспорт Антареса.md;- Четвёртая линия — планируется[[6]](https://ru.wikipedia.org/wiki/%D0%9D%D0%B0%D0%BD%D1%8C%D1%82%D1%83%D0%BD%D1%81%D0%BA%D0%B8%D0%B9_%D0%BC%D0%B5%D1%82%D1%80%D0%BE%D0%BF%D0%BE%D0%BB%D0%B8%D1%82%D0%B5%D0%BD#cite_note-construct_and_open-6).;;;;;;;;
a7712fe6-d1b2-4576-9c1b-6e15bb1c3737;knowledge_base\Транспорт Антареса.md;"|Линия 1| |---| |![[effc0f5b47f48937476206a410f1ea73_MD5.webp]] ""Перейти к шаблону «Линия 1 (Наньтун)»"")<br><br>|";;;;;;;;
e1054c0c-26f1-4033-8873-cc04b796d7d8;knowledge_base\Транспорт Антареса.md;"|\| \| \| \| \| \| \| \|<br>\|---\|---\|---\|---\|---\|---\|---\|<br>\| \|![[0962d4e3347096722ebf765433552a3f_MD5.png]]\| \|<br>\| \|![[6487e73ece284d62e2a6a2c9d288a988_MD5.png]]\| \|<br>\| \|![[04a524592f52dfe05897c60717cad49d_MD5.png]]\| \|<br>\| \|![[f07f8829321da4b3f30ea8d5b9b718bb_MD5.png]]<br><br>![[5b546a0c8fdae6f5a8bfc884669ac6b4_MD5.png]]<br><br>![[cadc3ee2a19935471c62990f994767a3_MD5.png]]\| \|<br>\| \|![[8a05c8b29b56edb5176d10a0e9cd3464_MD5.png]] ""Пинчао (станция метро)"")\|![[5bd9a4528cebe18b414a27ef8c490338_MD5.png]]\|?action=edit&redlink=1 ""Пинчао (станция метро) (страница отсутствует)"")\| \|<br>\| \|![[870a3d1561c6a47ab3c6ee1970025e9c_MD5.png]]\| \|<br>\| \|![[03cd6d6ce66cee56c078607cc51b1108_MD5.png]]<br><br>![[3a6ba34bcc8e1f61c28e1253520f3b60_MD5.png]]<br><br>![[a49647fe28c76d5c129639e330af1ba3_MD5.png]]<br><br>![[fc95b234c78ff7c1a6483ab9a8c5de07_MD5.png]]<br><br>![[3a6ba34bcc8e1f61c28e1253520f3b60_MD5.png]]\| \|<br>\|";;;;;;;;
32bc6b35-ff9e-429e-8703-ecf6b2e20754;knowledge_base\Транспорт Антареса.md;"\|<br>\| \|![[bde2d68b9df32b5ebd71f881011cae1e_MD5.png]]<br><br>![[8a05c8b29b56edb5176d10a0e9cd3464_MD5.png]] ""Наньтунсичжань (станция метро)"")\|![[5bd9a4528cebe18b414a27ef8c490338_MD5.png]]\|?action=edit&redlink=1 ""Наньтунсичжань (станция метро) (страница отсутствует)"")\| \|<br>\| \|![[03cd6d6ce66cee56c078607cc51b1108_MD5.png]]<br><br>![[3a6ba34bcc8e1f61c28e1253520f3b60_MD5.png]]<br><br>![[a49647fe28c76d5c129639e330af1ba3_MD5.png]]<br><br>![[fc95b234c78ff7c1a6483ab9a8c5de07_MD5.png]]<br><br>![[3a6ba34bcc8e1f61c28e1253520f3b60_MD5.png]]\|<br>\| \|![[8a05c8b29b56edb5176d10a0e9cd3464_MD5.png]] ""Цзичэнцунь (станция метро)"")\|![[5bd9a4528cebe18b414a27ef8c490338_MD5.png]]\|?action=edit&redlink=1 ""Пинчао (станция метро) (страница отсутствует)"")\| \|<br>\|";;;;;;;;
0601feb7-f128-43da-8b39-81f0020eb1a1;knowledge_base\Транспорт Антареса.md;"""Цзичэнцунь (станция метро)"")\|![[5bd9a4528cebe18b414a27ef8c490338_MD5.png]]\|?action=edit&redlink=1 ""Пинчао (станция метро) (страница отсутствует)"")\| \|<br>\| \|![[03cd6d6ce66cee56c078607cc51b1108_MD5.png]]<br><br>![[3a6ba34bcc8e1f61c28e1253520f3b60_MD5.png]]<br><br>![[a49647fe28c76d5c129639e330af1ba3_MD5.png]]<br><br>![[fc95b234c78ff7c1a6483ab9a8c5de07_MD5.png]]<br><br>![[3a6ba34bcc8e1f61c28e1253520f3b60_MD5.png]]\| \|<br>\| \|![[870a3d1561c6a47ab3c6ee1970025e9c_MD5.png]]\| \|<br>\| \|![[8a05c8b29b56edb5176d10a0e9cd3464_MD5.png]] ""Хэкоу (станция метро)"")\|![[5bd9a4528cebe18b414a27ef8c490338_MD5.png]]\|?action=edit&redlink=1 ""Хэкоу (станция метро) (страница отсутствует)"")\| \|<br>\| \|![[03cd6d6ce66cee56c078607cc51b1108_MD5.png]]<br><br>![[3a6ba34bcc8e1f61c28e1253520f3b60_MD5.png]]<br><br>![[a49647fe28c76d5c129639e330af1ba3_MD5.png]]<br><br>![[fc95b234c78ff7c1a6483ab9a8c5de07_MD5.png]]<br><br>![[3a6ba34bcc8e1f61c28e1253520f3b60_MD5.png]]\| \|<br>\|";;;;;;;;
8d658169-b8bf-4988-8024-2d5624ab08aa;knowledge_base\Транспорт Антареса.md;"\|<br>\| \|![[03cd6d6ce66cee56c078607cc51b1108_MD5.png]]<br><br>![[3a6ba34bcc8e1f61c28e1253520f3b60_MD5.png]]<br><br>![[a49647fe28c76d5c129639e330af1ba3_MD5.png]]<br><br>![[fc95b234c78ff7c1a6483ab9a8c5de07_MD5.png]]<br><br>![[3a6ba34bcc8e1f61c28e1253520f3b60_MD5.png]]\| \|<br>\| \|![[8a05c8b29b56edb5176d10a0e9cd3464_MD5.png]] ""Танчжагунъюань (станция метро)"")\|![[5bd9a4528cebe18b414a27ef8c490338_MD5.png]]\|?action=edit&redlink=1 ""Танчжагунъюань (станция метро) (страница отсутствует)"")\| \|<br>\| \|![[03cd6d6ce66cee56c078607cc51b1108_MD5.png]]<br><br>![[3a6ba34bcc8e1f61c28e1253520f3b60_MD5.png]]<br><br>![[a49647fe28c76d5c129639e330af1ba3_MD5.png]]<br><br>![[fc95b234c78ff7c1a6483ab9a8c5de07_MD5.png]]<br><br>![[3a6ba34bcc8e1f61c28e1253520f3b60_MD5.png]]\| \|<br>\| \|![[54c4e5c7ee3c3f1b027e4c81bb6c82bb_MD5.png]]\| \|<br>\| \|![[8a05c8b29b56edb5176d10a0e9cd3464_MD5.png]] ""Пусяньлу (станция метро)"")\|![[5bd9a4528cebe18b414a27ef8c490338_MD5.png]]\|?action=edit&redlink=1";;;;;;;;
58f226e8-1049-455b-ad40-d69b5452e5d4;knowledge_base\Транспорт Антареса.md;"\|<br>\| \|![[8a05c8b29b56edb5176d10a0e9cd3464_MD5.png]] ""Пусяньлу (станция метро)"")\|![[5bd9a4528cebe18b414a27ef8c490338_MD5.png]]\|?action=edit&redlink=1 ""Пусяньлу (станция метро) (страница отсутствует)"")\| \|<br>\| \|![[03cd6d6ce66cee56c078607cc51b1108_MD5.png]]<br><br>![[3a6ba34bcc8e1f61c28e1253520f3b60_MD5.png]]<br><br>![[a49647fe28c76d5c129639e330af1ba3_MD5.png]]<br><br>![[fc95b234c78ff7c1a6483ab9a8c5de07_MD5.png]]<br><br>![[3a6ba34bcc8e1f61c28e1253520f3b60_MD5.png]]\| \|<br>\| \|![[03cd6d6ce66cee56c078607cc51b1108_MD5.png]]<br><br>![[3a6ba34bcc8e1f61c28e1253520f3b60_MD5.png]]<br><br>![[a49647fe28c76d5c129639e330af1ba3_MD5.png]]<br><br>![[fc95b234c78ff7c1a6483ab9a8c5de07_MD5.png]]<br><br>![[3a6ba34bcc8e1f61c28e1253520f3b60_MD5.png]]\|<br>\| \|![[8a05c8b29b56edb5176d10a0e9cd3464_MD5.png]] ""Шилифан (станция метро)"")\|![[5bd9a4528cebe18b414a27ef8c490338_MD5.png]]\|?action=edit&redlink=1 ""Шилифан (станция метро) (страница отсутствует)"")\| \|<br>\|";;;;;;;;
4c8ba7a2-9569-4d01-b94c-563034b35335;knowledge_base\Транспорт Антареса.md;"""Шилифан (станция метро)"")\|![[5bd9a4528cebe18b414a27ef8c490338_MD5.png]]\|?action=edit&redlink=1 ""Шилифан (станция метро) (страница отсутствует)"")\| \|<br>\| \|![[03cd6d6ce66cee56c078607cc51b1108_MD5.png]]<br><br>![[3a6ba34bcc8e1f61c28e1253520f3b60_MD5.png]]<br><br>![[a49647fe28c76d5c129639e330af1ba3_MD5.png]]<br><br>![[fc95b234c78ff7c1a6483ab9a8c5de07_MD5.png]]<br><br>![[3a6ba34bcc8e1f61c28e1253520f3b60_MD5.png]]\| \|<br>\| \|![[870a3d1561c6a47ab3c6ee1970025e9c_MD5.png]]\| \|<br>\| \|![[8a05c8b29b56edb5176d10a0e9cd3464_MD5.png]] ""Чэнганлу (станция метро)"")\|![[5bd9a4528cebe18b414a27ef8c490338_MD5.png]]\|?action=edit&redlink=1 ""Чэнганлу (станция метро) (страница отсутствует)"")\| \|<br>\| \|![[8a05c8b29b56edb5176d10a0e9cd3464_MD5.png]] ""Шугуан (станция метро)"")\|![[5bd9a4528cebe18b414a27ef8c490338_MD5.png]]\|?action=edit&redlink=1 ""Шугуан (станция метро) (страница отсутствует)"")\| \|<br>\|";;;;;;;;
f35240fb-fb94-4efc-b2e1-f9909261f5f4;knowledge_base\Транспорт Антареса.md;"""Шугуан (станция метро)"")\|![[5bd9a4528cebe18b414a27ef8c490338_MD5.png]]\|?action=edit&redlink=1 ""Шугуан (станция метро) (страница отсутствует)"")\| \|<br>\| \|![[03cd6d6ce66cee56c078607cc51b1108_MD5.png]]<br><br>![[3a6ba34bcc8e1f61c28e1253520f3b60_MD5.png]]<br><br>![[a49647fe28c76d5c129639e330af1ba3_MD5.png]]<br><br>![[fc95b234c78ff7c1a6483ab9a8c5de07_MD5.png]]<br><br>![[3a6ba34bcc8e1f61c28e1253520f3b60_MD5.png]]\|<br>\| \|![[8a05c8b29b56edb5176d10a0e9cd3464_MD5.png]] ""Чааньдянь (станция метро)"")\|![[5bd9a4528cebe18b414a27ef8c490338_MD5.png]]\|?action=edit&redlink=1 ""Чааньдянь (станция метро) (страница отсутствует)"")\| \|<br>\| \|![[03cd6d6ce66cee56c078607cc51b1108_MD5.png]]<br><br>![[3a6ba34bcc8e1f61c28e1253520f3b60_MD5.png]]<br><br>![[a49647fe28c76d5c129639e330af1ba3_MD5.png]]<br><br>![[fc95b234c78ff7c1a6483ab9a8c5de07_MD5.png]]<br><br>![[3a6ba34bcc8e1f61c28e1253520f3b60_MD5.png]]\| \|<br>\| \|![[8a05c8b29b56edb5176d10a0e9cd3464_MD5.png]] ""Хайэрсян (станция";;;;;;;;
e8523cb8-798f-47e5-b324-b80f358db84e;knowledge_base\Транспорт Антареса.md;"\|<br>\| \|![[8a05c8b29b56edb5176d10a0e9cd3464_MD5.png]] ""Хайэрсян (станция метро)"")\|![[5bd9a4528cebe18b414a27ef8c490338_MD5.png]]\|?action=edit&redlink=1 ""Хайэрсян (станция метро) (страница отсутствует)"")\| \|<br>\| \|![[54c4e5c7ee3c3f1b027e4c81bb6c82bb_MD5.png]]\| \|<br>\| \|![[fc871c81ef80ffae8c536895cf010091_MD5.png]] ""Хэпинцяо (станция метро)"")<br><br>![[8a05c8b29b56edb5176d10a0e9cd3464_MD5.png]]<br><br>![[460be7e47046ad24fbbdda4571f4e041_MD5.png]] ""Хэпинцяо (станция метро)"")<br><br>![[031c035d0395ee3b976f10602aad2846_MD5.png]]\|![[5bd9a4528cebe18b414a27ef8c490338_MD5.png]]\|?action=edit&redlink=1 ""Хэпинцяо (станция метро) (страница отсутствует)"")\| \|<br>\| \|![[03cd6d6ce66cee56c078607cc51b1108_MD5.png]]<br><br>![[3a6ba34bcc8e1f61c28e1253520f3b60_MD5.png]]<br><br>![[a49647fe28c76d5c129639e330af1ba3_MD5.png]]<br><br>![[fc95b234c78ff7c1a6483ab9a8c5de07_MD5.png]]<br><br>![[3a6ba34bcc8e1f61c28e1253520f3b60_MD5.png]]\|<br>\|";;;;;;;;
98c78e8e-a69f-4369-bc33-223884dcff9c;knowledge_base\Транспорт Антареса.md;"\|![[8a05c8b29b56edb5176d10a0e9cd3464_MD5.png]] ""Юицяо (станция метро)"")\|![[5bd9a4528cebe18b414a27ef8c490338_MD5.png]]\|?action=edit&redlink=1 ""Юицяо (станция метро) (страница отсутствует)"")\| \|<br>\| \|![[03cd6d6ce66cee56c078607cc51b1108_MD5.png]]<br><br>![[3a6ba34bcc8e1f61c28e1253520f3b60_MD5.png]]<br><br>![[a49647fe28c76d5c129639e330af1ba3_MD5.png]]<br><br>![[fc95b234c78ff7c1a6483ab9a8c5de07_MD5.png]]<br><br>![[3a6ba34bcc8e1f61c28e1253520f3b60_MD5.png]]\|<br>\| \|![[03cd6d6ce66cee56c078607cc51b1108_MD5.png]]<br><br>![[3a6ba34bcc8e1f61c28e1253520f3b60_MD5.png]]<br><br>![[a49647fe28c76d5c129639e330af1ba3_MD5.png]]<br><br>![[fc95b234c78ff7c1a6483ab9a8c5de07_MD5.png]]<br><br>![[3a6ba34bcc8e1f61c28e1253520f3b60_MD5.png]]\|<br>\|";;;;;;;;
dd35f527-04e5-432c-993d-42ae60bf2956;knowledge_base\Транспорт Антареса.md;"\|![[03cd6d6ce66cee56c078607cc51b1108_MD5.png]]<br><br>![[3a6ba34bcc8e1f61c28e1253520f3b60_MD5.png]]<br><br>![[a49647fe28c76d5c129639e330af1ba3_MD5.png]]<br><br>![[fc95b234c78ff7c1a6483ab9a8c5de07_MD5.png]]<br><br>![[3a6ba34bcc8e1f61c28e1253520f3b60_MD5.png]]\|<br>\| \|![[8a05c8b29b56edb5176d10a0e9cd3464_MD5.png]] ""Сюэтянь (станция метро)"")\|![[5bd9a4528cebe18b414a27ef8c490338_MD5.png]]\|?action=edit&redlink=1 ""Сюэтянь (станция метро) (страница отсутствует)"")\| \|<br>\| \|![[03cd6d6ce66cee56c078607cc51b1108_MD5.png]]<br><br>![[3a6ba34bcc8e1f61c28e1253520f3b60_MD5.png]]<br><br>![[a49647fe28c76d5c129639e330af1ba3_MD5.png]]<br><br>![[fc95b234c78ff7c1a6483ab9a8c5de07_MD5.png]]<br><br>![[3a6ba34bcc8e1f61c28e1253520f3b60_MD5.png]]\|<br>\| \|![[3fb8af4382e023cda0e4c2f0c36b6ecc_MD5.png]]<br><br>![[53c394dfea4211de7d827528d0286e11_MD5.png]]\|?action=edit&redlink=1 ""Линия 2 (Транспорт Антареса) (страница отсутствует)"")\| \|<br>\| \|![[870a3d1561c6a47ab3c6ee1970025e9c_MD5.png]]\|";;;;;;;;
166ce7a0-0bf8-42c7-a4fa-997d377462fd;knowledge_base\Транспорт Антареса.md;"""Линия 2 (Транспорт Антареса) (страница отсутствует)"")\| \|<br>\| \|![[870a3d1561c6a47ab3c6ee1970025e9c_MD5.png]]\| \|<br>\| \|![[fc871c81ef80ffae8c536895cf010091_MD5.png]] ""Вэньфэн (станция метро)"")<br><br>![[8a05c8b29b56edb5176d10a0e9cd3464_MD5.png]]<br><br>![[460be7e47046ad24fbbdda4571f4e041_MD5.png]] ""Вэньфэн (станция метро)"")<br><br>![[031c035d0395ee3b976f10602aad2846_MD5.png]]\|![[5bd9a4528cebe18b414a27ef8c490338_MD5.png]]\|?action=edit&redlink=1 ""Вэньфэн (станция метро) (страница отсутствует)"")\| \|<br>\| \|![[03cd6d6ce66cee56c078607cc51b1108_MD5.png]]<br><br>![[3a6ba34bcc8e1f61c28e1253520f3b60_MD5.png]]<br><br>![[a49647fe28c76d5c129639e330af1ba3_MD5.png]]<br><br>![[fc95b234c78ff7c1a6483ab9a8c5de07_MD5.png]]<br><br>![[3a6ba34bcc8e1f61c28e1253520f3b60_MD5.png]]\|<br>\| \|![[8a05c8b29b56edb5176d10a0e9cd3464_MD5.png]] ""Цышаньбоугуань (станция метро)"")\|![[5bd9a4528cebe18b414a27ef8c490338_MD5.png]]\|?action=edit&redlink=1 ""Цышаньбоугуань (станция метро) (страница";;;;;;;;
ce5821cf-5c23-4067-ae89-fc1fcb04cc69;knowledge_base\Транспорт Антареса.md;"\|![[8a05c8b29b56edb5176d10a0e9cd3464_MD5.png]] ""Цышаньбоугуань (станция метро)"")\|![[5bd9a4528cebe18b414a27ef8c490338_MD5.png]]\|?action=edit&redlink=1 ""Цышаньбоугуань (станция метро) (страница отсутствует)"")\| \|<br>\| \|![[8a05c8b29b56edb5176d10a0e9cd3464_MD5.png]] ""Чжэнъучжунсинь (станция метро)"")\|![[5bd9a4528cebe18b414a27ef8c490338_MD5.png]]\|?action=edit&redlink=1 ""Чжэнъучжунсинь (станция метро) (страница отсутствует)"")\| \|<br>\| \|![[03cd6d6ce66cee56c078607cc51b1108_MD5.png]]<br><br>![[3a6ba34bcc8e1f61c28e1253520f3b60_MD5.png]]<br><br>![[a49647fe28c76d5c129639e330af1ba3_MD5.png]]<br><br>![[fc95b234c78ff7c1a6483ab9a8c5de07_MD5.png]]<br><br>![[3a6ba34bcc8e1f61c28e1253520f3b60_MD5.png]]\|<br>\| \|![[8a05c8b29b56edb5176d10a0e9cd3464_MD5.png]] ""Шицзидадао (станция метро)"")\|![[5bd9a4528cebe18b414a27ef8c490338_MD5.png]]\|?action=edit&redlink=1 ""Шицзидадао (станция метро) (страница отсутствует)"")\| \|<br>\| \|![[8a05c8b29b56edb5176d10a0e9cd3464_MD5.png]] ""Тушугуань";;;;;;;;
bdbfe591-9646-45ac-98f3-47b859be27c8;knowledge_base\Транспорт Антареса.md;"""Шицзидадао (станция метро) (страница отсутствует)"")\| \|<br>\| \|![[8a05c8b29b56edb5176d10a0e9cd3464_MD5.png]] ""Тушугуань (станция метро)"")\|![[5bd9a4528cebe18b414a27ef8c490338_MD5.png]]\|?action=edit&redlink=1 ""Тушугуань (станция метро) (страница отсутствует)"")\| \|<br>\| \|![[54c4e5c7ee3c3f1b027e4c81bb6c82bb_MD5.png]]\| \|<br>\| \|![[03cd6d6ce66cee56c078607cc51b1108_MD5.png]]<br><br>![[3a6ba34bcc8e1f61c28e1253520f3b60_MD5.png]]<br><br>![[a49647fe28c76d5c129639e330af1ba3_MD5.png]]<br><br>![[fc95b234c78ff7c1a6483ab9a8c5de07_MD5.png]]<br><br>![[3a6ba34bcc8e1f61c28e1253520f3b60_MD5.png]]\| \|<br>\| \|![[03cd6d6ce66cee56c078607cc51b1108_MD5.png]]<br><br>![[3a6ba34bcc8e1f61c28e1253520f3b60_MD5.png]]<br><br>![[a49647fe28c76d5c129639e330af1ba3_MD5.png]]<br><br>![[fc95b234c78ff7c1a6483ab9a8c5de07_MD5.png]]<br><br>![[3a6ba34bcc8e1f61c28e1253520f3b60_MD5.png]]\| \|<br>\| \|![[8a05c8b29b56edb5176d10a0e9cd3464_MD5.png]] ""Наньтундасюэ (станция";;;;;;;;
67e4d2de-02c3-43d3-ab27-851b39e5eafd;knowledge_base\Транспорт Антареса.md;"\|<br>\| \|![[8a05c8b29b56edb5176d10a0e9cd3464_MD5.png]] ""Наньтундасюэ (станция метро)"")\|![[5bd9a4528cebe18b414a27ef8c490338_MD5.png]]\|?action=edit&redlink=1 ""Наньтундасюэ (станция метро) (страница отсутствует)"")\| \|<br>\| \|![[03cd6d6ce66cee56c078607cc51b1108_MD5.png]]<br><br>![[3a6ba34bcc8e1f61c28e1253520f3b60_MD5.png]]<br><br>![[a49647fe28c76d5c129639e330af1ba3_MD5.png]]<br><br>![[fc95b234c78ff7c1a6483ab9a8c5de07_MD5.png]]<br><br>![[3a6ba34bcc8e1f61c28e1253520f3b60_MD5.png]]\| \|<br>\| \|![[03cd6d6ce66cee56c078607cc51b1108_MD5.png]]<br><br>![[3a6ba34bcc8e1f61c28e1253520f3b60_MD5.png]]<br><br>![[a49647fe28c76d5c129639e330af1ba3_MD5.png]]<br><br>![[fc95b234c78ff7c1a6483ab9a8c5de07_MD5.png]]<br><br>![[3a6ba34bcc8e1f61c28e1253520f3b60_MD5.png]]\| \|<br>\|";;;;;;;;
32b7bbc9-9fcb-4fa1-9a84-5d61133a5e61;knowledge_base\Транспорт Антареса.md;"\|<br>\| \|![[03cd6d6ce66cee56c078607cc51b1108_MD5.png]]<br><br>![[3a6ba34bcc8e1f61c28e1253520f3b60_MD5.png]]<br><br>![[a49647fe28c76d5c129639e330af1ba3_MD5.png]]<br><br>![[fc95b234c78ff7c1a6483ab9a8c5de07_MD5.png]]<br><br>![[3a6ba34bcc8e1f61c28e1253520f3b60_MD5.png]]\|<br>\| \|![[8a05c8b29b56edb5176d10a0e9cd3464_MD5.png]] ""Паньсянлу (станция метро)"")\|![[5bd9a4528cebe18b414a27ef8c490338_MD5.png]]\|?action=edit&redlink=1 ""Паньсянлу (станция метро) (страница отсутствует)"")\| \|<br>\| \|![[03cd6d6ce66cee56c078607cc51b1108_MD5.png]]<br><br>![[3a6ba34bcc8e1f61c28e1253520f3b60_MD5.png]]<br><br>![[a49647fe28c76d5c129639e330af1ba3_MD5.png]]<br><br>![[fc95b234c78ff7c1a6483ab9a8c5de07_MD5.png]]<br><br>![[3a6ba34bcc8e1f61c28e1253520f3b60_MD5.png]]\|<br>\| \|![[f07f8829321da4b3f30ea8d5b9b718bb_MD5.png]]<br><br>![[53c394dfea4211de7d827528d0286e11_MD5.png]]\| \|<br>\| \|![[870a3d1561c6a47ab3c6ee1970025e9c_MD5.png]]\| \|<br>\| \|![[8a05c8b29b56edb5176d10a0e9cd3464_MD5.png]]";;;;;;;;
d936ac0c-f0e5-4642-baaa-e69b3975e597;knowledge_base\Транспорт Антареса.md;"\|<br>\| \|![[870a3d1561c6a47ab3c6ee1970025e9c_MD5.png]]\| \|<br>\| \|![[8a05c8b29b56edb5176d10a0e9cd3464_MD5.png]] ""Чунчжоудадао (станция метро)"")\|![[5bd9a4528cebe18b414a27ef8c490338_MD5.png]]\|?action=edit&redlink=1 ""Чунчжоудадао (станция метро) (страница отсутствует)"")\| \|<br>\| \|![[03cd6d6ce66cee56c078607cc51b1108_MD5.png]]<br><br>![[3a6ba34bcc8e1f61c28e1253520f3b60_MD5.png]]<br><br>![[a49647fe28c76d5c129639e330af1ba3_MD5.png]]<br><br>![[fc95b234c78ff7c1a6483ab9a8c5de07_MD5.png]]<br><br>![[3a6ba34bcc8e1f61c28e1253520f3b60_MD5.png]]\|<br>\| \|![[03cd6d6ce66cee56c078607cc51b1108_MD5.png]]<br><br>![[3a6ba34bcc8e1f61c28e1253520f3b60_MD5.png]]<br><br>![[a49647fe28c76d5c129639e330af1ba3_MD5.png]]<br><br>![[fc95b234c78ff7c1a6483ab9a8c5de07_MD5.png]]<br><br>![[3a6ba34bcc8e1f61c28e1253520f3b60_MD5.png]]\|<br>\| \|![[8a05c8b29b56edb5176d10a0e9cd3464_MD5.png]] ""Цзинхайдадао (станция метро)"")\|![[5bd9a4528cebe18b414a27ef8c490338_MD5.png]]\|?action=edit&redlink=1";;;;;;;;
b02cbd0d-8dbf-41e3-970d-0c2b6aa0791d;knowledge_base\Транспорт Антареса.md;"\|![[8a05c8b29b56edb5176d10a0e9cd3464_MD5.png]] ""Цзинхайдадао (станция метро)"")\|![[5bd9a4528cebe18b414a27ef8c490338_MD5.png]]\|?action=edit&redlink=1 ""Цзинхайдадао (станция метро) (страница отсутствует)"")\| \|<br>\| \|![[03cd6d6ce66cee56c078607cc51b1108_MD5.png]]<br><br>![[3a6ba34bcc8e1f61c28e1253520f3b60_MD5.png]]<br><br>![[a49647fe28c76d5c129639e330af1ba3_MD5.png]]<br><br>![[fc95b234c78ff7c1a6483ab9a8c5de07_MD5.png]]<br><br>![[3a6ba34bcc8e1f61c28e1253520f3b60_MD5.png]]\|<br>\| \|![[03cd6d6ce66cee56c078607cc51b1108_MD5.png]]<br><br>![[3a6ba34bcc8e1f61c28e1253520f3b60_MD5.png]]<br><br>![[a49647fe28c76d5c129639e330af1ba3_MD5.png]]<br><br>![[fc95b234c78ff7c1a6483ab9a8c5de07_MD5.png]]<br><br>![[3a6ba34bcc8e1f61c28e1253520f3b60_MD5.png]]\|<br>\| \|![[8a05c8b29b56edb5176d10a0e9cd3464_MD5.png]] ""Дацзюйюань (станция метро)"")\|![[5bd9a4528cebe18b414a27ef8c490338_MD5.png]]\|?action=edit&redlink=1 ""Дацзюйюань (станция метро) (страница отсутствует)"")\| \|<br>\|";;;;;;;;
1bd22335-6ee4-4c4c-9939-e8b4a09791df;knowledge_base\Транспорт Антареса.md;"""Дацзюйюань (станция метро)"")\|![[5bd9a4528cebe18b414a27ef8c490338_MD5.png]]\|?action=edit&redlink=1 ""Дацзюйюань (станция метро) (страница отсутствует)"")\| \|<br>\| \|![[03cd6d6ce66cee56c078607cc51b1108_MD5.png]]<br><br>![[3a6ba34bcc8e1f61c28e1253520f3b60_MD5.png]]<br><br>![[a49647fe28c76d5c129639e330af1ba3_MD5.png]]<br><br>![[fc95b234c78ff7c1a6483ab9a8c5de07_MD5.png]]<br><br>![[3a6ba34bcc8e1f61c28e1253520f3b60_MD5.png]]\|<br>\| \|![[8a05c8b29b56edb5176d10a0e9cd3464_MD5.png]] ""Цзыланху (станция метро)"")\|![[5bd9a4528cebe18b414a27ef8c490338_MD5.png]]\|?action=edit&redlink=1 ""Цзыланху (станция метро) (страница отсутствует)"")\| \|<br>\| \|![[03cd6d6ce66cee56c078607cc51b1108_MD5.png]]<br><br>![[3a6ba34bcc8e1f61c28e1253520f3b60_MD5.png]]<br><br>![[a49647fe28c76d5c129639e330af1ba3_MD5.png]]<br><br>![[fc95b234c78ff7c1a6483ab9a8c5de07_MD5.png]]<br><br>![[3a6ba34bcc8e1f61c28e1253520f3b60_MD5.png]]\|<br>\|";;;;;;;;
2c503d4a-4ef3-46ea-9097-57e71c90d536;knowledge_base\Транспорт Антареса.md;\|![[16771fcb44d6508ba80920eca072a8f3_MD5.png]]<br><br>![[e108a305fd53c16579317574a034c5e4_MD5.png]]\| \|<br>\| \|![[03cd6d6ce66cee56c078607cc51b1108_MD5.png]]<br><br>![[3a6ba34bcc8e1f61c28e1253520f3b60_MD5.png]]<br><br>![[a49647fe28c76d5c129639e330af1ba3_MD5.png]]<br><br>![[a49647fe28c76d5c129639e330af1ba3_MD5.png]]<br><br>![[fc95b234c78ff7c1a6483ab9a8c5de07_MD5.png]]<br><br>![[3a6ba34bcc8e1f61c28e1253520f3b60_MD5.png]]\|<br>\| \|![[25b65e0c0b52d5fc21cd2cfff19f5b64_MD5.png]]<br><br>![[f0feca1ea1ea687404e7cbfc9719e5fd_MD5.png]]\| \|<br>\| \|![[25b65e0c0b52d5fc21cd2cfff19f5b64_MD5.png]]<br><br>![[6aca1499082c5b87fca7e573079d289d_MD5.png]]\| \|<br>\| \|![[03cd6d6ce66cee56c078607cc51b1108_MD5.png]]<br><br>![[3a6ba34bcc8e1f61c28e1253520f3b60_MD5.png]]<br><br>![[a49647fe28c76d5c129639e330af1ba3_MD5.png]]<br><br>![[fc95b234c78ff7c1a6483ab9a8c5de07_MD5.png]]<br><br>![[3a6ba34bcc8e1f61c28e1253520f3b60_MD5.png]]\|<br>\| \|![[8a05c8b29b56edb5176d10a0e9cd3464_MD5.png]];;;;;;;;
4dd17736-6c73-48b8-afea-d75871e0e38d;knowledge_base\Транспорт Антареса.md;"\|![[8a05c8b29b56edb5176d10a0e9cd3464_MD5.png]] ""Нэндашанъуцюй (станция метро)"")\|![[5bd9a4528cebe18b414a27ef8c490338_MD5.png]]\|?action=edit&redlink=1 ""Нэндашанъуцюй (станция метро) (страница отсутствует)"")\| \|<br>\| \|![[03cd6d6ce66cee56c078607cc51b1108_MD5.png]]<br><br>![[3a6ba34bcc8e1f61c28e1253520f3b60_MD5.png]]<br><br>![[a49647fe28c76d5c129639e330af1ba3_MD5.png]]<br><br>![[fc95b234c78ff7c1a6483ab9a8c5de07_MD5.png]]<br><br>![[3a6ba34bcc8e1f61c28e1253520f3b60_MD5.png]]\|<br>\| \|![[5887d5f9cb740ba66e24c9f6efeb30e3_MD5.png]]\| \|<br>\| \|![[e2ee54200141469e84d421bad44fef8c_MD5.png]]<br><br>![[cadc3ee2a19935471c62990f994767a3_MD5.png]]\| \|<br>\| \|![[8a05c8b29b56edb5176d10a0e9cd3464_MD5.png]] ""Ханъюньсюэюань (станция метро)"")\|![[5bd9a4528cebe18b414a27ef8c490338_MD5.png]]\|?action=edit&redlink=1 ""Ханъюньсюэюань (станция метро) (страница отсутствует)"")\| \|<br>\|";;;;;;;;
65fbea0c-db1a-4129-94b8-b8bef2d47f7d;knowledge_base\Транспорт Антареса.md;"""Ханъюньсюэюань (станция метро)"")\|![[5bd9a4528cebe18b414a27ef8c490338_MD5.png]]\|?action=edit&redlink=1 ""Ханъюньсюэюань (станция метро) (страница отсутствует)"")\| \|<br>\| \|![[03cd6d6ce66cee56c078607cc51b1108_MD5.png]]<br><br>![[3a6ba34bcc8e1f61c28e1253520f3b60_MD5.png]]<br><br>![[a49647fe28c76d5c129639e330af1ba3_MD5.png]]<br><br>![[fc95b234c78ff7c1a6483ab9a8c5de07_MD5.png]]<br><br>![[3a6ba34bcc8e1f61c28e1253520f3b60_MD5.png]]\|<br>\| \|![[03cd6d6ce66cee56c078607cc51b1108_MD5.png]]<br><br>![[3a6ba34bcc8e1f61c28e1253520f3b60_MD5.png]]<br><br>![[a49647fe28c76d5c129639e330af1ba3_MD5.png]]<br><br>![[fc95b234c78ff7c1a6483ab9a8c5de07_MD5.png]]<br><br>![[3a6ba34bcc8e1f61c28e1253520f3b60_MD5.png]]\|<br>\| \|![[8a05c8b29b56edb5176d10a0e9cd3464_MD5.png]] ""Чжэньсинлу (станция метро)"")\|![[5bd9a4528cebe18b414a27ef8c490338_MD5.png]]\|?action=edit&redlink=1 ""Чжэньсинлу (станция метро) (страница отсутствует)"")\| \|<br>\|";;;;;;;;
98561ba4-36aa-4825-9506-8f14b9b474fd;knowledge_base\Транспорт Антареса.md;"""Чжэньсинлу (станция метро)"")\|![[5bd9a4528cebe18b414a27ef8c490338_MD5.png]]\|?action=edit&redlink=1 ""Чжэньсинлу (станция метро) (страница отсутствует)"")\| \|<br>\| \|![[03cd6d6ce66cee56c078607cc51b1108_MD5.png]]<br><br>![[3a6ba34bcc8e1f61c28e1253520f3b60_MD5.png]]<br><br>![[a49647fe28c76d5c129639e330af1ba3_MD5.png]]<br><br>![[fc95b234c78ff7c1a6483ab9a8c5de07_MD5.png]]<br><br>![[3a6ba34bcc8e1f61c28e1253520f3b60_MD5.png]]\|<br>\| \|![[7fa6a31ce2371826626a05bf7a51aa81_MD5.png]]\| \|<br>\||";;;;;;;;
b7dd5336-5eb3-4cf5-bd42-20a9c9cb534c;knowledge_base\Транспорт Антареса.md;"|Линия 2| |---| |![[effc0f5b47f48937476206a410f1ea73_MD5.webp]] ""Перейти к шаблону «Линия 2 (Наньтун)»"")<br><br>|";;;;;;;;
b30f28bc-695d-48c2-aea8-86307e3dbf0a;knowledge_base\Транспорт Антареса.md;|\| \| \| \| \| \| \| \|<br>\|---\|---\|---\|---\|---\|---\|---\|<br>\| \|![[4ec5152607cdabde619531e7ad041475_MD5.png]]\| \|<br>\| \|![[03cd6d6ce66cee56c078607cc51b1108_MD5.png]]<br><br>![[3a6ba34bcc8e1f61c28e1253520f3b60_MD5.png]]<br><br>![[d8901c8dd81e1a67d1682de14ab52bb7_MD5.png]]<br><br>![[fc95b234c78ff7c1a6483ab9a8c5de07_MD5.png]]<br><br>![[3a6ba34bcc8e1f61c28e1253520f3b60_MD5.png]]\|<br>\| \|![[168f08586605b23d19c4beaf15e25674_MD5.png]]\| \|<br>\| \|![[a99b89bfb568a4f9580a1ccdcbb22bc0_MD5.png]]\| \|<br>\| \|![[a5fdbf392905b038dca65cbd3ecf9d73_MD5.png]]<br><br>![[581b87312b3b227c68b4f0ce2ea1b7d8_MD5.png]]<br><br>![[50b0146712f47027e2abd5087adedf80_MD5.png]]\| \|<br>\| \|![[03cd6d6ce66cee56c078607cc51b1108_MD5.png]]<br><br>![[3a6ba34bcc8e1f61c28e1253520f3b60_MD5.png]]<br><br>![[3af452b93c3b78f84aca15990564aeb3_MD5.png]]<br><br>![[fc95b234c78ff7c1a6483ab9a8c5de07_MD5.png]]<br><br>![[3a6ba34bcc8e1f61c28e1253520f3b60_MD5.png]]\| \|<br>\|;;;;;;;;
57796a55-58f4-4438-9480-39a160136e7a;knowledge_base\Транспорт Антареса.md;"\|<br>\| \|![[031c035d0395ee3b976f10602aad2846_MD5.png]] ""Синфу (станция метро)"")\|![[5bd9a4528cebe18b414a27ef8c490338_MD5.png]]\|?action=edit&redlink=1 ""Синфу (станция метро) (страница отсутствует)"")\| \|<br>\| \|![[0fba4a73562275a86fa8633aff622a0d_MD5.png]]\| \|<br>\| \|![[03cd6d6ce66cee56c078607cc51b1108_MD5.png]]<br><br>![[3a6ba34bcc8e1f61c28e1253520f3b60_MD5.png]]<br><br>![[3af452b93c3b78f84aca15990564aeb3_MD5.png]]<br><br>![[fc95b234c78ff7c1a6483ab9a8c5de07_MD5.png]]<br><br>![[3a6ba34bcc8e1f61c28e1253520f3b60_MD5.png]]\| \|<br>\| \|![[03cd6d6ce66cee56c078607cc51b1108_MD5.png]]<br><br>![[3a6ba34bcc8e1f61c28e1253520f3b60_MD5.png]]<br><br>![[3af452b93c3b78f84aca15990564aeb3_MD5.png]]<br><br>![[fc95b234c78ff7c1a6483ab9a8c5de07_MD5.png]]<br><br>![[3a6ba34bcc8e1f61c28e1253520f3b60_MD5.png]]\| \|<br>\| \|![[bde2d68b9df32b5ebd71f881011cae1e_MD5.png]] ""Нантун (станция)"")<br><br>![[3d309205b070d088cb0528a7a1c4c23f_MD5.png]] ""Нантунхочэчжань (станция";;;;;;;;
014ef868-597e-4170-92b9-841070e9435a;knowledge_base\Транспорт Антареса.md;"\|<br>\| \|![[bde2d68b9df32b5ebd71f881011cae1e_MD5.png]] ""Нантун (станция)"")<br><br>![[3d309205b070d088cb0528a7a1c4c23f_MD5.png]] ""Нантунхочэчжань (станция метро)"")\|_?action=edit&redlink=1 ""Нантунхочэчжань (станция метро) (страница отсутствует)"")_\| \|<br>\| \|![[03cd6d6ce66cee56c078607cc51b1108_MD5.png]]<br><br>![[3a6ba34bcc8e1f61c28e1253520f3b60_MD5.png]]<br><br>![[3af452b93c3b78f84aca15990564aeb3_MD5.png]]<br><br>![[fc95b234c78ff7c1a6483ab9a8c5de07_MD5.png]]<br><br>![[3a6ba34bcc8e1f61c28e1253520f3b60_MD5.png]]\| \|<br>\| \|![[031c035d0395ee3b976f10602aad2846_MD5.png]] ""Чанъань (станция метро)"")\|![[5bd9a4528cebe18b414a27ef8c490338_MD5.png]]\|?action=edit&redlink=1 ""Чанъань (станция метро) (страница отсутствует)"")\| \|<br>\|";;;;;;;;
00a014e5-fea2-4d9b-99c5-d319e17bde82;knowledge_base\Транспорт Антареса.md;"""Чанъань (станция метро)"")\|![[5bd9a4528cebe18b414a27ef8c490338_MD5.png]]\|?action=edit&redlink=1 ""Чанъань (станция метро) (страница отсутствует)"")\| \|<br>\| \|![[03cd6d6ce66cee56c078607cc51b1108_MD5.png]]<br><br>![[3a6ba34bcc8e1f61c28e1253520f3b60_MD5.png]]<br><br>![[3af452b93c3b78f84aca15990564aeb3_MD5.png]]<br><br>![[fc95b234c78ff7c1a6483ab9a8c5de07_MD5.png]]<br><br>![[3a6ba34bcc8e1f61c28e1253520f3b60_MD5.png]]\| \|<br>\| \|![[b8ab3d20b5487308ac8ba63710f047bd_MD5.png]]\| \|<br>\| \|![[031c035d0395ee3b976f10602aad2846_MD5.png]] ""Бэйдацзе (станция метро)"")\|![[5bd9a4528cebe18b414a27ef8c490338_MD5.png]]\|?action=edit&redlink=1 ""Бэйдацзе (станция метро) (страница отсутствует)"")\| \|<br>\| \|![[03cd6d6ce66cee56c078607cc51b1108_MD5.png]]<br><br>![[3a6ba34bcc8e1f61c28e1253520f3b60_MD5.png]]<br><br>![[3af452b93c3b78f84aca15990564aeb3_MD5.png]]<br><br>![[fc95b234c78ff7c1a6483ab9a8c5de07_MD5.png]]<br><br>![[3a6ba34bcc8e1f61c28e1253520f3b60_MD5.png]]\| \|<br>\|";;;;;;;;
52f28201-00fb-43ce-9692-cf2dd9913319;knowledge_base\Транспорт Антареса.md;"\|<br>\| \|![[031c035d0395ee3b976f10602aad2846_MD5.png]] ""Бэйчэндацяо (станция метро)"")\|![[5bd9a4528cebe18b414a27ef8c490338_MD5.png]]\|?action=edit&redlink=1 ""Бэйчэндацяо (станция метро) (страница отсутствует)"")\| \|<br>\| \|![[03cd6d6ce66cee56c078607cc51b1108_MD5.png]]<br><br>![[3a6ba34bcc8e1f61c28e1253520f3b60_MD5.png]]<br><br>![[3af452b93c3b78f84aca15990564aeb3_MD5.png]]<br><br>![[fc95b234c78ff7c1a6483ab9a8c5de07_MD5.png]]<br><br>![[3a6ba34bcc8e1f61c28e1253520f3b60_MD5.png]]\|<br>\| \|![[00108e9ddd92e09998af8812a43741a9_MD5.png]]\| \|<br>\| \|![[031c035d0395ee3b976f10602aad2846_MD5.png]] ""Чжунсюсилу (станция метро)"")\|![[5bd9a4528cebe18b414a27ef8c490338_MD5.png]]\|?action=edit&redlink=1 ""Чжунсюсилу (станция метро) (страница отсутствует)"")\| \|<br>\|";;;;;;;;
1263f2d4-4ee6-4467-808a-2237cff2aa8b;knowledge_base\Транспорт Антареса.md;"""Чжунсюсилу (станция метро)"")\|![[5bd9a4528cebe18b414a27ef8c490338_MD5.png]]\|?action=edit&redlink=1 ""Чжунсюсилу (станция метро) (страница отсутствует)"")\| \|<br>\| \|![[03cd6d6ce66cee56c078607cc51b1108_MD5.png]]<br><br>![[3a6ba34bcc8e1f61c28e1253520f3b60_MD5.png]]<br><br>![[3af452b93c3b78f84aca15990564aeb3_MD5.png]]<br><br>![[fc95b234c78ff7c1a6483ab9a8c5de07_MD5.png]]<br><br>![[3a6ba34bcc8e1f61c28e1253520f3b60_MD5.png]]\|<br>\| \|![[fc871c81ef80ffae8c536895cf010091_MD5.png]] ""Хэпинцяо (станция метро)"")<br><br>![[031c035d0395ee3b976f10602aad2846_MD5.png]]<br><br>![[460be7e47046ad24fbbdda4571f4e041_MD5.png]] ""Хэпинцяо (станция метро)"")<br><br>![[8a05c8b29b56edb5176d10a0e9cd3464_MD5.png]]\|![[5bd9a4528cebe18b414a27ef8c490338_MD5.png]]\|?action=edit&redlink=1 ""Хэпинцяо (станция метро) (страница отсутствует)"")\| \|<br>\|";;;;;;;;
6a54a37b-d096-42b9-8e5b-ac909971287c;knowledge_base\Транспорт Антареса.md;"метро)"")<br><br>![[8a05c8b29b56edb5176d10a0e9cd3464_MD5.png]]\|![[5bd9a4528cebe18b414a27ef8c490338_MD5.png]]\|?action=edit&redlink=1 ""Хэпинцяо (станция метро) (страница отсутствует)"")\| \|<br>\| \|![[03cd6d6ce66cee56c078607cc51b1108_MD5.png]]<br><br>![[3a6ba34bcc8e1f61c28e1253520f3b60_MD5.png]]<br><br>![[3af452b93c3b78f84aca15990564aeb3_MD5.png]]<br><br>![[fc95b234c78ff7c1a6483ab9a8c5de07_MD5.png]]<br><br>![[3a6ba34bcc8e1f61c28e1253520f3b60_MD5.png]]\|<br>\| \|![[03cd6d6ce66cee56c078607cc51b1108_MD5.png]]<br><br>![[3a6ba34bcc8e1f61c28e1253520f3b60_MD5.png]]<br><br>![[3af452b93c3b78f84aca15990564aeb3_MD5.png]]<br><br>![[fc95b234c78ff7c1a6483ab9a8c5de07_MD5.png]]<br><br>![[3a6ba34bcc8e1f61c28e1253520f3b60_MD5.png]]\|<br>\| \|![[031c035d0395ee3b976f10602aad2846_MD5.png]] ""Тиюйгунъюань (станция метро)"")\|![[5bd9a4528cebe18b414a27ef8c490338_MD5.png]]\|?action=edit&redlink=1 ""Тиюйгунъюань (станция метро) (страница отсутствует)"")\| \|<br>\|";;;;;;;;
43ee0330-8106-4685-bfe1-6febd68450fb;knowledge_base\Транспорт Антареса.md;"""Тиюйгунъюань (станция метро)"")\|![[5bd9a4528cebe18b414a27ef8c490338_MD5.png]]\|?action=edit&redlink=1 ""Тиюйгунъюань (станция метро) (страница отсутствует)"")\| \|<br>\| \|![[03cd6d6ce66cee56c078607cc51b1108_MD5.png]]<br><br>![[3a6ba34bcc8e1f61c28e1253520f3b60_MD5.png]]<br><br>![[3af452b93c3b78f84aca15990564aeb3_MD5.png]]<br><br>![[fc95b234c78ff7c1a6483ab9a8c5de07_MD5.png]]<br><br>![[3a6ba34bcc8e1f61c28e1253520f3b60_MD5.png]]\|<br>\| \|![[031c035d0395ee3b976f10602aad2846_MD5.png]] ""Ицзяцяо (станция метро)"")\|![[5bd9a4528cebe18b414a27ef8c490338_MD5.png]]\|?action=edit&redlink=1 ""Ицзяцяо (станция метро) (страница отсутствует)"")\| \|<br>\| \|![[0fba4a73562275a86fa8633aff622a0d_MD5.png]]\| \|<br>\| \|![[9068d309752145ea487f267cfa9066d9_MD5.png]]<br><br>![[c7d0cdcdd48f9de7f7be83858d482ba1_MD5.png]]\|?action=edit&redlink=1 ""Линия 1 (Транспорт Антареса) (страница отсутствует)"")\| \|<br>\| \|![[fc871c81ef80ffae8c536895cf010091_MD5.png]] ""Вэньфэн (станция";;;;;;;;
7ca485d9-dba4-405b-b265-be0aa19ff250;knowledge_base\Транспорт Антареса.md;"""Линия 1 (Транспорт Антареса) (страница отсутствует)"")\| \|<br>\| \|![[fc871c81ef80ffae8c536895cf010091_MD5.png]] ""Вэньфэн (станция метро)"")<br><br>![[031c035d0395ee3b976f10602aad2846_MD5.png]]<br><br>![[460be7e47046ad24fbbdda4571f4e041_MD5.png]] ""Вэньфэн (станция метро)"")<br><br>![[8a05c8b29b56edb5176d10a0e9cd3464_MD5.png]]\|![[5bd9a4528cebe18b414a27ef8c490338_MD5.png]]\|?action=edit&redlink=1 ""Вэньфэн (станция метро) (страница отсутствует)"")\| \|<br>\| \|![[03cd6d6ce66cee56c078607cc51b1108_MD5.png]]<br><br>![[3a6ba34bcc8e1f61c28e1253520f3b60_MD5.png]]<br><br>![[3af452b93c3b78f84aca15990564aeb3_MD5.png]]<br><br>![[fc95b234c78ff7c1a6483ab9a8c5de07_MD5.png]]<br><br>![[3a6ba34bcc8e1f61c28e1253520f3b60_MD5.png]]\|<br>\| \|![[031c035d0395ee3b976f10602aad2846_MD5.png]] ""Уилу (станция метро)"")\|![[5bd9a4528cebe18b414a27ef8c490338_MD5.png]]\|?action=edit&redlink=1 ""Уилу (станция метро) (страница отсутствует)"")\| \|<br>\|";;;;;;;;
43041b35-04c1-4fce-a698-ba1c3f4ce740;knowledge_base\Транспорт Антареса.md;"""Уилу (станция метро)"")\|![[5bd9a4528cebe18b414a27ef8c490338_MD5.png]]\|?action=edit&redlink=1 ""Уилу (станция метро) (страница отсутствует)"")\| \|<br>\| \|![[03cd6d6ce66cee56c078607cc51b1108_MD5.png]]<br><br>![[3a6ba34bcc8e1f61c28e1253520f3b60_MD5.png]]<br><br>![[3af452b93c3b78f84aca15990564aeb3_MD5.png]]<br><br>![[fc95b234c78ff7c1a6483ab9a8c5de07_MD5.png]]<br><br>![[3a6ba34bcc8e1f61c28e1253520f3b60_MD5.png]]\|<br>\| \|![[03cd6d6ce66cee56c078607cc51b1108_MD5.png]]<br><br>![[3a6ba34bcc8e1f61c28e1253520f3b60_MD5.png]]<br><br>![[3af452b93c3b78f84aca15990564aeb3_MD5.png]]<br><br>![[fc95b234c78ff7c1a6483ab9a8c5de07_MD5.png]]<br><br>![[3a6ba34bcc8e1f61c28e1253520f3b60_MD5.png]]\|<br>\| \|![[031c035d0395ee3b976f10602aad2846_MD5.png]] ""Юаньлиньлу (станция метро)"")\|![[5bd9a4528cebe18b414a27ef8c490338_MD5.png]]\|?action=edit&redlink=1 ""Юаньлиньлу (станция метро) (страница отсутствует)"")\| \|<br>\|";;;;;;;;
95d85dba-71bb-4824-994f-574afa9b78d1;knowledge_base\Транспорт Антареса.md;"""Юаньлиньлу (станция метро)"")\|![[5bd9a4528cebe18b414a27ef8c490338_MD5.png]]\|?action=edit&redlink=1 ""Юаньлиньлу (станция метро) (страница отсутствует)"")\| \|<br>\| \|![[03cd6d6ce66cee56c078607cc51b1108_MD5.png]]<br><br>![[3a6ba34bcc8e1f61c28e1253520f3b60_MD5.png]]<br><br>![[3af452b93c3b78f84aca15990564aeb3_MD5.png]]<br><br>![[fc95b234c78ff7c1a6483ab9a8c5de07_MD5.png]]<br><br>![[3a6ba34bcc8e1f61c28e1253520f3b60_MD5.png]]\|<br>\| \|![[00108e9ddd92e09998af8812a43741a9_MD5.png]]\| \|<br>\| \|![[031c035d0395ee3b976f10602aad2846_MD5.png]] ""Цичэдунчжань (станция метро)"")\|![[5bd9a4528cebe18b414a27ef8c490338_MD5.png]]\|?action=edit&redlink=1 ""Цичэдунчжань (станция метро) (страница отсутствует)"")\| \|<br>\| \|![[03cd6d6ce66cee56c078607cc51b1108_MD5.png]]<br><br>![[3a6ba34bcc8e1f61c28e1253520f3b60_MD5.png]]<br><br>![[3af452b93c3b78f84aca15990564aeb3_MD5.png]]<br><br>![[fc95b234c78ff7c1a6483ab9a8c5de07_MD5.png]]<br><br>![[3a6ba34bcc8e1f61c28e1253520f3b60_MD5.png]]\|<br>\|";;;;;;;;
a74a8351-b38f-4c76-bc6a-993e3ef1cd56;knowledge_base\Транспорт Антареса.md;"\|![[03cd6d6ce66cee56c078607cc51b1108_MD5.png]]<br><br>![[3a6ba34bcc8e1f61c28e1253520f3b60_MD5.png]]<br><br>![[3af452b93c3b78f84aca15990564aeb3_MD5.png]]<br><br>![[fc95b234c78ff7c1a6483ab9a8c5de07_MD5.png]]<br><br>![[3a6ba34bcc8e1f61c28e1253520f3b60_MD5.png]]\|<br>\| \|![[031c035d0395ee3b976f10602aad2846_MD5.png]] ""Тунфубэйлу (станция метро)"")\|![[5bd9a4528cebe18b414a27ef8c490338_MD5.png]]\|?action=edit&redlink=1 ""Тунфубэйлу (станция метро) (страница отсутствует)"")\| \|<br>\| \|![[03cd6d6ce66cee56c078607cc51b1108_MD5.png]]<br><br>![[3a6ba34bcc8e1f61c28e1253520f3b60_MD5.png]]<br><br>![[3af452b93c3b78f84aca15990564aeb3_MD5.png]]<br><br>![[fc95b234c78ff7c1a6483ab9a8c5de07_MD5.png]]<br><br>![[3a6ba34bcc8e1f61c28e1253520f3b60_MD5.png]]\|<br>\| \|![[b8ab3d20b5487308ac8ba63710f047bd_MD5.png]]\| \|<br>\| \|![[031c035d0395ee3b976f10602aad2846_MD5.png]] ""Гуаньиньшань (станция метро)"")\|![[5bd9a4528cebe18b414a27ef8c490338_MD5.png]]\|?action=edit&redlink=1 ""Гуаньиньшань (станция";;;;;;;;
18121783-e73d-4554-a9c1-b10e6c239bea;knowledge_base\Транспорт Антареса.md;"\|<br>\| \|![[031c035d0395ee3b976f10602aad2846_MD5.png]] ""Гуаньиньшань (станция метро)"")\|![[5bd9a4528cebe18b414a27ef8c490338_MD5.png]]\|?action=edit&redlink=1 ""Гуаньиньшань (станция метро) (страница отсутствует)"")\| \|<br>\| \|![[03cd6d6ce66cee56c078607cc51b1108_MD5.png]]<br><br>![[3a6ba34bcc8e1f61c28e1253520f3b60_MD5.png]]<br><br>![[3af452b93c3b78f84aca15990564aeb3_MD5.png]]<br><br>![[fc95b234c78ff7c1a6483ab9a8c5de07_MD5.png]]<br><br>![[3a6ba34bcc8e1f61c28e1253520f3b60_MD5.png]]\|<br>\| \|![[03cd6d6ce66cee56c078607cc51b1108_MD5.png]]<br><br>![[3a6ba34bcc8e1f61c28e1253520f3b60_MD5.png]]<br><br>![[3af452b93c3b78f84aca15990564aeb3_MD5.png]]<br><br>![[fc95b234c78ff7c1a6483ab9a8c5de07_MD5.png]]<br><br>![[3a6ba34bcc8e1f61c28e1253520f3b60_MD5.png]]\|<br>\| \|![[bde2d68b9df32b5ebd71f881011cae1e_MD5.png]] ""Нантун-Восточный (станция)"")<br><br>![[031c035d0395ee3b976f10602aad2846_MD5.png]] ""Нантундунчжань (станция";;;;;;;;
01e9c541-26df-4631-9494-e6e35fd13c9e;knowledge_base\Транспорт Антареса.md;"\|![[bde2d68b9df32b5ebd71f881011cae1e_MD5.png]] ""Нантун-Восточный (станция)"")<br><br>![[031c035d0395ee3b976f10602aad2846_MD5.png]] ""Нантундунчжань (станция метро)"")\|![[5bd9a4528cebe18b414a27ef8c490338_MD5.png]]\|?action=edit&redlink=1 ""Нантундунчжань (станция метро) (страница отсутствует)"")\| \|<br>\| \|![[03cd6d6ce66cee56c078607cc51b1108_MD5.png]]<br><br>![[3a6ba34bcc8e1f61c28e1253520f3b60_MD5.png]]<br><br>![[3af452b93c3b78f84aca15990564aeb3_MD5.png]]<br><br>![[fc95b234c78ff7c1a6483ab9a8c5de07_MD5.png]]<br><br>![[3a6ba34bcc8e1f61c28e1253520f3b60_MD5.png]]\| \|<br>\| \|![[03cd6d6ce66cee56c078607cc51b1108_MD5.png]]<br><br>![[3a6ba34bcc8e1f61c28e1253520f3b60_MD5.png]]<br><br>![[3af452b93c3b78f84aca15990564aeb3_MD5.png]]<br><br>![[fc95b234c78ff7c1a6483ab9a8c5de07_MD5.png]]<br><br>![[3a6ba34bcc8e1f61c28e1253520f3b60_MD5.png]]\| \|<br>\| \|![[0fba4a73562275a86fa8633aff622a0d_MD5.png]]\| \|<br>\| \|![[031c035d0395ee3b976f10602aad2846_MD5.png]] ""Сяньфэн (станция";;;;;;;;
8b0a735a-5d4f-4951-ad8d-6e8a8ea5d616;knowledge_base\Транспорт Антареса.md;"\|<br>\| \|![[0fba4a73562275a86fa8633aff622a0d_MD5.png]]\| \|<br>\| \|![[031c035d0395ee3b976f10602aad2846_MD5.png]] ""Сяньфэн (станция метро)"")\|![[5bd9a4528cebe18b414a27ef8c490338_MD5.png]]\|?action=edit&redlink=1 ""Сяньфэн (станция метро) (страница отсутствует)"")\| \|<br>\| \|![[7f2381607e42f52c9b5a88aefcd0ecb7_MD5.png]]\| \|<br>\||";;;;;;;;
4843113c-e0c2-4f4b-93a5-e2c09c1be6fd;knowledge_base\Транспорт Антареса.md;## Ссылки - Официальный сайт — https://www.ntrailway.com/ - Сайт Швандля — https://www.urbanrail.net/as/cn/nantong/nantong.htm ## ВІО > [!Тір]+ > Source:: > Child:: > Next::;;;;;;;;
f318730e-6119-4b6e-96a4-d0c5af868f7c;knowledge_base\Транспорт Арктура.md;"--- aliases: Источник: Дата: 2026.06.12 11:35 --- # Транспорт Арктура - Статья - Обсуждение [alt-t]"") - Читать - Текущая версия - Править - Править код - История Инструменты Материал из Википедии — свободной энциклопедии Текущая версия страницы пока не пр";;;;;;;;
517ec7c4-f6ae-40e1-af37-95420fcd4795;knowledge_base\Транспорт Арктура.md;"|Наньчанcкий метрополитен| | |---|---| |南昌地铁| | |![[ce7cfc5e10b613b00e3b0aeafbfb0500_MD5.jpg]]| | |Описание| | |Страна|![[fbbc599e838093332e7279c2c8aca067_MD5.webp]] Китай| |Расположение|Наньчан| |Дата открытия|26 декабря 2015[[1]](https://ru.wikipedia.org/wiki/%D0%9D%D0%B0%D0%BD%D1%8C%D1%87%D0%B0%D0%BD%D1%81%D0%BA%D0%B8%D0%B9_%D0%BC%D0%B5%D1%82%D1%80%D0%BE%D0%BF%D0%BE%D0%BB%D0%B8%D1%82%D0%B5%D0%BD#cite_note-opening-1)| |Эксплуатант|Nanchang Rail Transit Group Co., Ltd[[вд]](https://www.wikidata.org/wiki/Q15940581#sitelinks-wikipedia ""d:Q15940581"")| |Дневной пассажиропоток|934 000 (2021)| |Сайт|www.ncmtr.com| |Маршрутная сеть| | |Число линий|4| |Число станций|103| |Длина сети|128,3 км (планируется 162)| |Технические данные| | |Ширина колеи|1435 мм| |\|Схема линий\|<br>\|---\|<br>\|![[a62c7f9d4cb69a0012c7e866e01362b8_MD5.png]]\|| | |![[f12cbdcd3e86b552f3d9624be7bc486e_MD5.webp]] Медиафайлы на Викискладе| |";;;;;;;;
c63d46b9-7346-4b1e-9a04-ed393cb550a4;knowledge_base\Транспорт Арктура.md;"|Линия 1| |---| |![[effc0f5b47f48937476206a410f1ea73_MD5.webp]] ""Перейти к шаблону «Линия 1 (Наньчан)»"")<br><br>Условные обозначения|";;;;;;;;
f6aa33a2-6fd8-4708-ae9b-7be0e738a888;knowledge_base\Транспорт Арктура.md;"|\| \| \| \| \| \| \| \|<br>\|---\|---\|---\|---\|---\|---\|---\|<br>\| \|![[a06c64b106da0714a7878cd8f552af32_MD5.png]] ""Наньчан-Чанбэй (аэропорт)"")<br><br>![[159ec5d8869e19750a750c5bf71b11ca_MD5.png]] ""Чанбэйцзичан (станция метро)"")\|_Чанбэйцзичан?action=edit&redlink=1 ""Чанбэйцзичан (станция метро) (страница отсутствует)"")_\| \|<br>\| \|![[2167af21cfb68eac52f0ff62eaccf379_MD5.png]]\| \|<br>\| \|![[99b2edbb6f503fd71d1269ac0ce4bb1d_MD5.png]] ""Хуандунь (станция метро)"")\|_Хуандунь?action=edit&redlink=1 ""Хуандунь (станция метро) (страница отсутствует)"")_\| \|<br>\| \|![[99b2edbb6f503fd71d1269ac0ce4bb1d_MD5.png]] ""Цзяньедадаоси (станция метро)"")\|_Цзяньедадаоси?action=edit&redlink=1 ""Цзяньедадаоси (станция метро) (страница отсутствует)"")_\| \|<br>\| \|![[528c160f0fbc295c48168a4dae9b5170_MD5.png]]\| \|<br>\| \|![[be7f0a029be4f76839eacb1b8470e730_MD5.png]] ""Бэйшань (станция метро)"")\|_Бэйшань?action=edit&redlink=1 ""Бэйшань (станция метро) (страница";;;;;;;;
8ad60159-d9b6-4430-a12b-d6eb5d49d840;knowledge_base\Транспорт Арктура.md;"\|<br>\| \|![[be7f0a029be4f76839eacb1b8470e730_MD5.png]] ""Бэйшань (станция метро)"")\|_Бэйшань?action=edit&redlink=1 ""Бэйшань (станция метро) (страница отсутствует)"")_\| \|<br>\| \|![[be7f0a029be4f76839eacb1b8470e730_MD5.png]] ""Гуаньшань (станция метро)"")\|_Гуаньшань?action=edit&redlink=1 ""Гуаньшань (станция метро) (страница отсутствует)"")_\| \|<br>\| \|![[be7f0a029be4f76839eacb1b8470e730_MD5.png]] ""Лушаньчжундадао (станция метро)"")\|_Лушаньчжундадао?action=edit&redlink=1 ""Лушаньчжундадао (станция метро) (страница отсутствует)"")_\| \|<br>\| \|![[be7f0a029be4f76839eacb1b8470e730_MD5.png]] ""Чжиминьдадаодун (станция метро)"")\|_Чжиминьдадаодун?action=edit&redlink=1 ""Чжиминьдадаодун (станция метро) (страница отсутствует)"")_\| \|<br>\| \|![[4f629a1dc52436ec60b90a7617438c69_MD5.png]]<br><br>![[0962d4e3347096722ebf765433552a3f_MD5.png]]\|депо Цзяоцяо\| \|<br>\| \|![[be7f0a029be4f76839eacb1b8470e730_MD5.png]] ""Цзяоцяо (станция";;;;;;;;
dd8bc537-a164-4da2-8381-4736c24996f5;knowledge_base\Транспорт Арктура.md;"\|![[4f629a1dc52436ec60b90a7617438c69_MD5.png]]<br><br>![[0962d4e3347096722ebf765433552a3f_MD5.png]]\|депо Цзяоцяо\| \|<br>\| \|![[be7f0a029be4f76839eacb1b8470e730_MD5.png]] ""Цзяоцяо (станция метро)"")<br><br>![[25b65e0c0b52d5fc21cd2cfff19f5b64_MD5.png]]\|_Цзяоцяо?action=edit&redlink=1 ""Цзяоцяо (станция метро) (страница отсутствует)"")_\| \|<br>\| \|![[4f629a1dc52436ec60b90a7617438c69_MD5.png]]<br><br>![[6487e73ece284d62e2a6a2c9d288a988_MD5.png]]\| \|<br>\| \|![[3d1d72779fa928e2d35656b97a007876_MD5.png]]<br><br>![[28eaf26a22d6a25bd76cd06dd0833bca_MD5.png]]\| \|<br>\| \|![[8a05c8b29b56edb5176d10a0e9cd3464_MD5.png]] ""Шуанган (станция метро)"")\|![[5bd9a4528cebe18b414a27ef8c490338_MD5.png]]\|Шуанган?action=edit&redlink=1 ""Шуанган (станция метро) (страница отсутствует)"")\| \|<br>\| \|![[8a05c8b29b56edb5176d10a0e9cd3464_MD5.png]] ""Кунмуху (станция метро)"")\|![[5bd9a4528cebe18b414a27ef8c490338_MD5.png]]\|Кунмуху?action=edit&redlink=1 ""Кунмуху (станция метро) (страница";;;;;;;;
20c4f3e7-d85b-42f8-b5a9-299465b106a0;knowledge_base\Транспорт Арктура.md;"\|<br>\| \|![[8a05c8b29b56edb5176d10a0e9cd3464_MD5.png]] ""Кунмуху (станция метро)"")\|![[5bd9a4528cebe18b414a27ef8c490338_MD5.png]]\|Кунмуху?action=edit&redlink=1 ""Кунмуху (станция метро) (страница отсутствует)"")\| \|<br>\| \|![[8a05c8b29b56edb5176d10a0e9cd3464_MD5.png]] ""Чанцзянлу (станция метро)"")\|![[5bd9a4528cebe18b414a27ef8c490338_MD5.png]]\|Чанцзянлу?action=edit&redlink=1 ""Чанцзянлу (станция метро) (страница отсутствует)"")\| \|<br>\| \|![[8a05c8b29b56edb5176d10a0e9cd3464_MD5.png]] ""Чжуцзянлу (станция метро)"")\|![[5bd9a4528cebe18b414a27ef8c490338_MD5.png]]\|Чжуцзянлу?action=edit&redlink=1 ""Чжуцзянлу (станция метро) (страница отсутствует)"")\| \|<br>\| \|![[8a05c8b29b56edb5176d10a0e9cd3464_MD5.png]] ""Лушаньнаньдадао (станция метро)"")\|![[5bd9a4528cebe18b414a27ef8c490338_MD5.png]]\|Лушаньнаньдадао?action=edit&redlink=1 ""Лушаньнаньдадао (станция метро) (страница отсутствует)"")\| \|<br>\| \|![[8a05c8b29b56edb5176d10a0e9cd3464_MD5.png]] ""Люйиньлу (станция";;;;;;;;
3883a3f3-58aa-466d-8342-7acdb59c1111;knowledge_base\Транспорт Арктура.md;"""Лушаньнаньдадао (станция метро) (страница отсутствует)"")\| \|<br>\| \|![[8a05c8b29b56edb5176d10a0e9cd3464_MD5.png]] ""Люйиньлу (станция метро)"")\|![[5bd9a4528cebe18b414a27ef8c490338_MD5.png]]\|Люйиньлу?action=edit&redlink=1 ""Люйиньлу (станция метро) (страница отсутствует)"")\| \|<br>\| \|![[8a05c8b29b56edb5176d10a0e9cd3464_MD5.png]] ""Вэйдун (станция метро)"")\|![[5bd9a4528cebe18b414a27ef8c490338_MD5.png]]\|Вэйдун?action=edit&redlink=1 ""Вэйдун (станция метро) (страница отсутствует)"")\| \|<br>\| \|![[fc871c81ef80ffae8c536895cf010091_MD5.png]] ""Дитедаша (станция метро)"")<br><br>![[8a05c8b29b56edb5176d10a0e9cd3464_MD5.png]]<br><br>![[460be7e47046ad24fbbdda4571f4e041_MD5.png]] ""Дитедаша (станция метро)"")<br><br>![[919c42940ee8eff69b427a34c0629a96_MD5.png]]\|![[5bd9a4528cebe18b414a27ef8c490338_MD5.png]]\|Дитедаша?action=edit&redlink=1 ""Дитедаша (станция метро) (страница отсутствует)"")\| \|<br>\| \|![[8a05c8b29b56edb5176d10a0e9cd3464_MD5.png]] ""Цюшуйгуанчан (станция";;;;;;;;
2208ddda-7229-40a1-8258-b14c68606cd0;knowledge_base\Транспорт Арктура.md;"""Дитедаша (станция метро) (страница отсутствует)"")\| \|<br>\| \|![[8a05c8b29b56edb5176d10a0e9cd3464_MD5.png]] ""Цюшуйгуанчан (станция метро)"")\|![[5bd9a4528cebe18b414a27ef8c490338_MD5.png]]\|Цюшуйгуанчан?action=edit&redlink=1 ""Цюшуйгуанчан (станция метро) (страница отсутствует)"")\| \|<br>\| \|![[8a05c8b29b56edb5176d10a0e9cd3464_MD5.png]] ""Тэнвангэ (станция метро)"")\|![[5bd9a4528cebe18b414a27ef8c490338_MD5.png]]\|Тэнвангэ?action=edit&redlink=1 ""Тэнвангэ (станция метро) (страница отсутствует)"")\| \|<br>\| \|![[8a05c8b29b56edb5176d10a0e9cd3464_MD5.png]] ""Ваньшоугун (станция метро)"")\|![[5bd9a4528cebe18b414a27ef8c490338_MD5.png]]\|Ваньшоугун?action=edit&redlink=1 ""Ваньшоугун (станция метро) (страница отсутствует)"")\| \|<br>\| \|![[fc871c81ef80ffae8c536895cf010091_MD5.png]] ""Баигуань (станция метро)"")<br><br>![[8a05c8b29b56edb5176d10a0e9cd3464_MD5.png]]<br><br>![[460be7e47046ad24fbbdda4571f4e041_MD5.png]] ""Баигуань (станция";;;;;;;;
bb6c2ccb-de1a-4ded-919c-7130dd587133;knowledge_base\Транспорт Арктура.md;"""Баигуань (станция метро)"")<br><br>![[8a05c8b29b56edb5176d10a0e9cd3464_MD5.png]]<br><br>![[460be7e47046ad24fbbdda4571f4e041_MD5.png]] ""Баигуань (станция метро)"")<br><br>![[031c035d0395ee3b976f10602aad2846_MD5.png]]\|![[5bd9a4528cebe18b414a27ef8c490338_MD5.png]]\|Баигуань?action=edit&redlink=1 ""Баигуань (станция метро) (страница отсутствует)"")\| \|<br>\| \| \|<br>\| \|![[fc871c81ef80ffae8c536895cf010091_MD5.png]] ""Баигуанчан (станция метро)"")<br><br>![[8a05c8b29b56edb5176d10a0e9cd3464_MD5.png]]<br><br>![[460be7e47046ad24fbbdda4571f4e041_MD5.png]] ""Баигуанчан (станция метро)"")<br><br>![[919c42940ee8eff69b427a34c0629a96_MD5.png]]\|![[5bd9a4528cebe18b414a27ef8c490338_MD5.png]]\|Баигуанчан?action=edit&redlink=1 ""Баигуанчан (станция метро) (страница отсутствует)"")\| \|<br>\| \| \|<br>\| \|![[fc871c81ef80ffae8c536895cf010091_MD5.png]] ""Дингунлубэй (станция метро)"")<br><br>![[8a05c8b29b56edb5176d10a0e9cd3464_MD5.png]]<br><br>![[460be7e47046ad24fbbdda4571f4e041_MD5.png]]";;;;;;;;
d0e99d6c-ad96-44b2-a187-e805e9b44248;knowledge_base\Транспорт Арктура.md;"\|<br>\| \|![[fc871c81ef80ffae8c536895cf010091_MD5.png]] ""Дингунлубэй (станция метро)"")<br><br>![[8a05c8b29b56edb5176d10a0e9cd3464_MD5.png]]<br><br>![[460be7e47046ad24fbbdda4571f4e041_MD5.png]] ""Дингунлубэй (станция метро)"")<br><br>![[84262761d38e4042729415416c33ab1c_MD5.png]]\|![[5bd9a4528cebe18b414a27ef8c490338_MD5.png]]\|Дингунлубэй?action=edit&redlink=1 ""Дингунлубэй (станция метро) (страница отсутствует)"")\| \|<br>\| \|![[8a05c8b29b56edb5176d10a0e9cd3464_MD5.png]] ""Шидананьлу (станция метро)"")\|![[5bd9a4528cebe18b414a27ef8c490338_MD5.png]]\|Шидананьлу?action=edit&redlink=1 ""Шидананьлу (станция метро) (страница отсутствует)"")\| \|<br>\| \|![[8a05c8b29b56edb5176d10a0e9cd3464_MD5.png]] ""Пэнцзяцяо (станция метро)"")\|![[5bd9a4528cebe18b414a27ef8c490338_MD5.png]]\|Пэнцзяцяо?action=edit&redlink=1 ""Пэнцзяцяо (станция метро) (страница отсутствует)"")\| \|<br>\| \|![[8a05c8b29b56edb5176d10a0e9cd3464_MD5.png]] ""Сецзяцунь (станция";;;;;;;;
8318397a-05ed-4079-9668-5db7c9a81975;knowledge_base\Транспорт Арктура.md;"""Пэнцзяцяо (станция метро) (страница отсутствует)"")\| \|<br>\| \|![[8a05c8b29b56edb5176d10a0e9cd3464_MD5.png]] ""Сецзяцунь (станция метро)"")\|![[5bd9a4528cebe18b414a27ef8c490338_MD5.png]]\|Сецзяцунь?action=edit&redlink=1 ""Сецзяцунь (станция метро) (страница отсутствует)"")\| \|<br>\| \|![[8a05c8b29b56edb5176d10a0e9cd3464_MD5.png]] ""Циншаньхудадао (станция метро)"")\|![[5bd9a4528cebe18b414a27ef8c490338_MD5.png]]\|Циншаньхудадао?action=edit&redlink=1 ""Циншаньхудадао (станция метро) (страница отсутствует)"")\| \|<br>\| \|![[fc871c81ef80ffae8c536895cf010091_MD5.png]] ""Гаосиньдадао (станция метро)"")<br><br>![[8a05c8b29b56edb5176d10a0e9cd3464_MD5.png]]<br><br>![[460be7e47046ad24fbbdda4571f4e041_MD5.png]] ""Гаосиньдадао (станция метро)"")<br><br>![[ba115b52cea9f41903fd4cfa8e87638c_MD5.png]]\|![[5bd9a4528cebe18b414a27ef8c490338_MD5.png]]\|Гаосиньдадао?action=edit&redlink=1 ""Гаосиньдадао (станция метро) (страница отсутствует)"")\| \|<br>\|";;;;;;;;
c185a002-2ccd-46b1-bb08-d34f37bf34b2;knowledge_base\Транспорт Арктура.md;"""Гаосиньдадао (станция метро) (страница отсутствует)"")\| \|<br>\| \|![[8a05c8b29b56edb5176d10a0e9cd3464_MD5.png]] ""Айсихуси (станция метро)"")\|![[5bd9a4528cebe18b414a27ef8c490338_MD5.png]]\|Айсихуси?action=edit&redlink=1 ""Айсихуси (станция метро) (страница отсутствует)"")\| \|<br>\| \|![[8a05c8b29b56edb5176d10a0e9cd3464_MD5.png]] ""Айсихудун (станция метро)"")\|![[5bd9a4528cebe18b414a27ef8c490338_MD5.png]]\|Айсихудун?action=edit&redlink=1 ""Айсихудун (станция метро) (страница отсутствует)"")\| \|<br>\| \|![[c8bf4f7ba4c23163f71d9760044e7809_MD5.png]]<br><br>![[7a9d7ca5d24906c53b78d26bdb0741f9_MD5.png]]<br><br>![[53c394dfea4211de7d827528d0286e11_MD5.png]]\|депо Яоху\| \|<br>\| \|![[8a05c8b29b56edb5176d10a0e9cd3464_MD5.png]] ""Тайцзыдянь (станция метро)"")\|![[5bd9a4528cebe18b414a27ef8c490338_MD5.png]]\|Тайцзыдянь?action=edit&redlink=1 ""Тайцзыдянь (станция метро) (страница отсутствует)"")\| \|<br>\| \|![[8a05c8b29b56edb5176d10a0e9cd3464_MD5.png]] ""Аотичжунсинь (станция";;;;;;;;
4b08687e-0baa-4b38-8603-991ba3a16d3b;knowledge_base\Транспорт Арктура.md;"""Тайцзыдянь (станция метро) (страница отсутствует)"")\| \|<br>\| \|![[8a05c8b29b56edb5176d10a0e9cd3464_MD5.png]] ""Аотичжунсинь (станция метро)"")\|![[5bd9a4528cebe18b414a27ef8c490338_MD5.png]]\|Аотичжунсинь?action=edit&redlink=1 ""Аотичжунсинь (станция метро) (страница отсутствует)"")\| \|<br>\| \|![[e5eba20ac316847372a35c4ae46ca58d_MD5.png]] ""Яохуси (станция метро)"")\|![[5bd9a4528cebe18b414a27ef8c490338_MD5.png]]\|Яохуси?action=edit&redlink=1 ""Яохуси (станция метро) (страница отсутствует)"")\| \|<br>\| \|![[be7f0a029be4f76839eacb1b8470e730_MD5.png]] ""Яохудун (станция метро)"")\|_Яохудун?action=edit&redlink=1 ""Яохудун (станция метро) (страница отсутствует)"")_\| \|<br>\| \|![[ba22abee99444c0204bec5b6f04caf3b_MD5.png]] ""Мацю (станция метро)"")\|_Мацю?action=edit&redlink=1 ""Мацю (станция метро) (страница отсутствует)"")_\| \|<br>\||";;;;;;;;
09c224c9-4009-4dda-b2d8-8b0369486b6e;knowledge_base\Транспорт Арктура.md;"|Линия 2| |---| |![[effc0f5b47f48937476206a410f1ea73_MD5.webp]] ""Перейти к шаблону «Линия 2 (Наньчан)»"")<br><br>Условные обозначения|";;;;;;;;
3f2546be-e6bb-4c95-b34d-42b7fd91c3b9;knowledge_base\Транспорт Арктура.md;"|\| \| \| \| \| \| \| \|<br>\|---\|---\|---\|---\|---\|---\|---\|<br>\| \|![[bde2d68b9df32b5ebd71f881011cae1e_MD5.png]]<br><br>![[677c344ec64a0cf3303182df84fdd373_MD5.png]] ""Наньчандунчжань (станция метро)"")\|_Наньчандунчжань?action=edit&redlink=1 ""Наньчандунчжань (станция метро) (страница отсутствует)"")_\| \|<br>\| \|![[ba3b77b72f29be81a3a4cbaf9c2df3a4_MD5.png]] ""Хуфан (станция метро)"")\|_Хуфан?action=edit&redlink=1 ""Хуфан (станция метро) (страница отсутствует)"")_\| \|<br>\| \|![[ba3b77b72f29be81a3a4cbaf9c2df3a4_MD5.png]] ""Лоцзяэрлу (станция метро)"")\|_Лоцзяэрлу?action=edit&redlink=1 ""Лоцзяэрлу (станция метро) (страница отсутствует)"")_\| \|<br>\| \|![[ba3b77b72f29be81a3a4cbaf9c2df3a4_MD5.png]] ""Лоцзядунлу (станция метро)"")\|_Лоцзядунлу?action=edit&redlink=1 ""Лоцзядунлу (станция метро) (страница отсутствует)"")_\| \|<br>\| \|![[ba3b77b72f29be81a3a4cbaf9c2df3a4_MD5.png]] ""Чандундадао (станция метро)"")\|_Чандундадао?action=edit&redlink=1 ""Чандундадао";;;;;;;;
d23863f9-6822-4d62-beb8-38f0ee209343;knowledge_base\Транспорт Арктура.md;"""Лоцзядунлу (станция метро) (страница отсутствует)"")_\| \|<br>\| \|![[ba3b77b72f29be81a3a4cbaf9c2df3a4_MD5.png]] ""Чандундадао (станция метро)"")\|_Чандундадао?action=edit&redlink=1 ""Чандундадао (станция метро) (страница отсутствует)"")_\| \|<br>\| \|![[ba3b77b72f29be81a3a4cbaf9c2df3a4_MD5.png]] ""Дуншэндадао (станция метро)"")\|_Дуншэндадао?action=edit&redlink=1 ""Дуншэндадао (станция метро) (страница отсутствует)"")_\| \|<br>\| \|![[ba3b77b72f29be81a3a4cbaf9c2df3a4_MD5.png]] ""Цзефандунлу (станция метро)"")\|_Цзефандунлу?action=edit&redlink=1 ""Цзефандунлу (станция метро) (страница отсутствует)"")_\| \|<br>\| \|![[ba3b77b72f29be81a3a4cbaf9c2df3a4_MD5.png]] ""Чэннаньдадао (станция метро)"")\|_Чэннаньдадао?action=edit&redlink=1 ""Чэннаньдадао (станция метро) (страница отсутствует)"")_\| \|<br>\| \|![[ba3b77b72f29be81a3a4cbaf9c2df3a4_MD5.png]] ""Цзефансилу (станция метро)"")\|_Цзефансилу?action=edit&redlink=1 ""Цзефансилу (станция метро) (страница отсутствует)"")_\| \|<br>\|";;;;;;;;
b81918e0-d17a-4bfb-b007-fa1a9f1e5a21;knowledge_base\Транспорт Арктура.md;"\|<br>\| \|![[ba3b77b72f29be81a3a4cbaf9c2df3a4_MD5.png]] ""Цзефансилу (станция метро)"")\|_Цзефансилу?action=edit&redlink=1 ""Цзефансилу (станция метро) (страница отсутствует)"")_\| \|<br>\| \|![[ae610197e9b04fc2d244bb1beb21d9bf_MD5.png]] ""Синьцзяань (станция метро)"")\|![[5bd9a4528cebe18b414a27ef8c490338_MD5.png]]\|Синьцзяань?action=edit&redlink=1 ""Синьцзяань (станция метро) (страница отсутствует)"")\| \|<br>\| \|![[919c42940ee8eff69b427a34c0629a96_MD5.png]] ""Шуньвай (станция метро)"")\|![[5bd9a4528cebe18b414a27ef8c490338_MD5.png]]\|Шуньвай?action=edit&redlink=1 ""Шуньвай (станция метро) (страница отсутствует)"")\| \|<br>\| \|![[bde2d68b9df32b5ebd71f881011cae1e_MD5.png]] ""Наньчан (станция)"")<br><br>![[919c42940ee8eff69b427a34c0629a96_MD5.png]] ""Наньчанхочэчжань (станция метро)"")\|![[5bd9a4528cebe18b414a27ef8c490338_MD5.png]]\|Наньчанхочэчжань?action=edit&redlink=1 ""Наньчанхочэчжань (станция метро) (страница отсутствует)"")\| \|<br>\|";;;;;;;;
3e51e2eb-f6c4-4f2f-92d7-bad9183cf93d;knowledge_base\Транспорт Арктура.md;"""Наньчанхочэчжань (станция метро)"")\|![[5bd9a4528cebe18b414a27ef8c490338_MD5.png]]\|Наньчанхочэчжань?action=edit&redlink=1 ""Наньчанхочэчжань (станция метро) (страница отсутствует)"")\| \|<br>\| \|![[fc871c81ef80ffae8c536895cf010091_MD5.png]] ""Дингунлунань (станция метро)"")<br><br>![[919c42940ee8eff69b427a34c0629a96_MD5.png]]<br><br>![[460be7e47046ad24fbbdda4571f4e041_MD5.png]] ""Дингунлунань (станция метро)"")<br><br>![[84262761d38e4042729415416c33ab1c_MD5.png]]\|![[5bd9a4528cebe18b414a27ef8c490338_MD5.png]]\|Дингунлунань?action=edit&redlink=1 ""Дингунлунань (станция метро) (страница отсутствует)"")\| \|<br>\| \|![[919c42940ee8eff69b427a34c0629a96_MD5.png]] ""Юншулу (станция метро)"")\|![[5bd9a4528cebe18b414a27ef8c490338_MD5.png]]\|Юншулу?action=edit&redlink=1 ""Юншулу (станция метро) (страница отсутствует)"")\| \|<br>\| \|![[fc871c81ef80ffae8c536895cf010091_MD5.png]] ""Баигуанчан (станция";;;;;;;;
e078a5a8-2541-4417-ac74-3dfe16d74a05;knowledge_base\Транспорт Арктура.md;"""Юншулу (станция метро) (страница отсутствует)"")\| \|<br>\| \|![[fc871c81ef80ffae8c536895cf010091_MD5.png]] ""Баигуанчан (станция метро)"")<br><br>![[919c42940ee8eff69b427a34c0629a96_MD5.png]]<br><br>![[460be7e47046ad24fbbdda4571f4e041_MD5.png]] ""Баигуанчан (станция метро)"")<br><br>![[8a05c8b29b56edb5176d10a0e9cd3464_MD5.png]]\|![[5bd9a4528cebe18b414a27ef8c490338_MD5.png]]\|Баигуанчан?action=edit&redlink=1 ""Баигуанчан (станция метро) (страница отсутствует)"")\| \|<br>\| \|![[919c42940ee8eff69b427a34c0629a96_MD5.png]] ""Фучжоулу (станция метро)"")\|![[5bd9a4528cebe18b414a27ef8c490338_MD5.png]]\|Фучжоулу?action=edit&redlink=1 ""Фучжоулу (станция метро) (страница отсутствует)"")\| \|<br>\| \|![[fc871c81ef80ffae8c536895cf010091_MD5.png]] ""Циншаньлукоу (станция метро)"")<br><br>![[919c42940ee8eff69b427a34c0629a96_MD5.png]]<br><br>![[460be7e47046ad24fbbdda4571f4e041_MD5.png]] ""Циншаньлукоу (станция";;;;;;;;
296a5635-905e-4d01-8517-eecf9dd07953;knowledge_base\Транспорт Арктура.md;"""Циншаньлукоу (станция метро)"")<br><br>![[919c42940ee8eff69b427a34c0629a96_MD5.png]]<br><br>![[460be7e47046ad24fbbdda4571f4e041_MD5.png]] ""Циншаньлукоу (станция метро)"")<br><br>![[031c035d0395ee3b976f10602aad2846_MD5.png]]\|![[5bd9a4528cebe18b414a27ef8c490338_MD5.png]]\|Циншаньлукоу?action=edit&redlink=1 ""Циншаньлукоу (станция метро) (страница отсутствует)"")\| \|<br>\| \|![[919c42940ee8eff69b427a34c0629a96_MD5.png]] ""Янмингунъюань (станция метро)"")\|![[5bd9a4528cebe18b414a27ef8c490338_MD5.png]]\|Янмингунъюань?action=edit&redlink=1 ""Янмингунъюань (станция метро) (страница отсутствует)"")\| \|<br>\| \|![[919c42940ee8eff69b427a34c0629a96_MD5.png]] ""Хунгучжундадао (станция метро)"")\|![[5bd9a4528cebe18b414a27ef8c490338_MD5.png]]\|Хунгучжундадао?action=edit&redlink=1 ""Хунгучжундадао (станция метро) (страница отсутствует)"")\| \|<br>\| \|![[919c42940ee8eff69b427a34c0629a96_MD5.png]] ""Яюаньлу (станция";;;;;;;;
29f61a5d-f0a4-4fe5-b5c7-49029630e3fe;knowledge_base\Транспорт Арктура.md;"""Хунгучжундадао (станция метро) (страница отсутствует)"")\| \|<br>\| \|![[919c42940ee8eff69b427a34c0629a96_MD5.png]] ""Яюаньлу (станция метро)"")\|![[5bd9a4528cebe18b414a27ef8c490338_MD5.png]]\|Яюаньлу?action=edit&redlink=1 ""Яюаньлу (станция метро) (страница отсутствует)"")\| \|<br>\| \|![[fc871c81ef80ffae8c536895cf010091_MD5.png]] ""Дитедаша (станция метро)"")<br><br>![[919c42940ee8eff69b427a34c0629a96_MD5.png]]<br><br>![[460be7e47046ad24fbbdda4571f4e041_MD5.png]] ""Дитедаша (станция метро)"")<br><br>![[8a05c8b29b56edb5176d10a0e9cd3464_MD5.png]]\|![[5bd9a4528cebe18b414a27ef8c490338_MD5.png]]\|Дитедаша?action=edit&redlink=1 ""Дитедаша (станция метро) (страница отсутствует)"")\| \|<br>\| \|![[919c42940ee8eff69b427a34c0629a96_MD5.png]] ""Цуйюаньлу (станция метро)"")\|![[5bd9a4528cebe18b414a27ef8c490338_MD5.png]]\|Цуйюаньлу?action=edit&redlink=1 ""Цуйюаньлу (станция метро) (страница отсутствует)"")\| \|<br>\| \|![[fc871c81ef80ffae8c536895cf010091_MD5.png]] ""Сюэфудадаодун (станция";;;;;;;;
68bf2ab7-7abd-48f2-8012-5296669333ed;knowledge_base\Транспорт Арктура.md;"""Цуйюаньлу (станция метро) (страница отсутствует)"")\| \|<br>\| \|![[fc871c81ef80ffae8c536895cf010091_MD5.png]] ""Сюэфудадаодун (станция метро)"")<br><br>![[919c42940ee8eff69b427a34c0629a96_MD5.png]]<br><br>![[460be7e47046ad24fbbdda4571f4e041_MD5.png]] ""Сюэфудадаодун (станция метро)"")<br><br>![[ba115b52cea9f41903fd4cfa8e87638c_MD5.png]]\|![[5bd9a4528cebe18b414a27ef8c490338_MD5.png]]\|Сюэфудадаодун?action=edit&redlink=1 ""Сюэфудадаодун (станция метро) (страница отсутствует)"")\| \|<br>\| \|![[919c42940ee8eff69b427a34c0629a96_MD5.png]] ""Цяньхудадао (станция метро)"")\|![[5bd9a4528cebe18b414a27ef8c490338_MD5.png]]\|Цяньхудадао?action=edit&redlink=1 ""Цяньхудадао (станция метро) (страница отсутствует)"")\| \|<br>\| \|![[919c42940ee8eff69b427a34c0629a96_MD5.png]] ""Линбэй (станция метро)"")\|![[5bd9a4528cebe18b414a27ef8c490338_MD5.png]]\|Линбэй?action=edit&redlink=1 ""Линбэй (станция метро) (страница отсутствует)"")\| \|<br>\| \|![[919c42940ee8eff69b427a34c0629a96_MD5.png]] ""Волуншань";;;;;;;;
de517cce-a80f-4084-bd72-bfee731e41fa;knowledge_base\Транспорт Арктура.md;"""Линбэй (станция метро) (страница отсутствует)"")\| \|<br>\| \|![[919c42940ee8eff69b427a34c0629a96_MD5.png]] ""Волуншань (станция метро)"")\|![[5bd9a4528cebe18b414a27ef8c490338_MD5.png]]\|Волуншань?action=edit&redlink=1 ""Волуншань (станция метро) (страница отсутствует)"")\| \|<br>\| \|![[919c42940ee8eff69b427a34c0629a96_MD5.png]] ""Готичжунсинь (станция метро)"")\|![[5bd9a4528cebe18b414a27ef8c490338_MD5.png]]\|Готичжунсинь?action=edit&redlink=1 ""Готичжунсинь (станция метро) (страница отсутствует)"")\| \|<br>\| \|![[919c42940ee8eff69b427a34c0629a96_MD5.png]] ""Лунган (станция метро)"")\|![[5bd9a4528cebe18b414a27ef8c490338_MD5.png]]\|Лунган?action=edit&redlink=1 ""Лунган (станция метро) (страница отсутствует)"")\| \|<br>\| \|![[bde2d68b9df32b5ebd71f881011cae1e_MD5.png]]<br><br>![[919c42940ee8eff69b427a34c0629a96_MD5.png]] ""Наньчансичжань (станция метро)"")\|![[5bd9a4528cebe18b414a27ef8c490338_MD5.png]]\|Наньчансичжань?action=edit&redlink=1 ""Наньчансичжань (станция метро) (страница";;;;;;;;
0cf9cbf3-960c-4f67-89d6-4f0ee7922543;knowledge_base\Транспорт Арктура.md;"""Наньчансичжань (станция метро)"")\|![[5bd9a4528cebe18b414a27ef8c490338_MD5.png]]\|Наньчансичжань?action=edit&redlink=1 ""Наньчансичжань (станция метро) (страница отсутствует)"")\| \|<br>\| \|![[fc871c81ef80ffae8c536895cf010091_MD5.png]] ""Сичжаньнаньгуанчан (станция метро)"")<br><br>![[919c42940ee8eff69b427a34c0629a96_MD5.png]]<br><br>![[460be7e47046ad24fbbdda4571f4e041_MD5.png]] ""Сичжаньнаньгуанчан (станция метро)"")<br><br>![[84262761d38e4042729415416c33ab1c_MD5.png]]\|![[5bd9a4528cebe18b414a27ef8c490338_MD5.png]]\|Сичжаньнаньгуанчан?action=edit&redlink=1 ""Сичжаньнаньгуанчан (станция метро) (страница отсутствует)"")\| \|<br>\| \|![[919c42940ee8eff69b427a34c0629a96_MD5.png]] ""Гобо (станция метро)"")\|![[5bd9a4528cebe18b414a27ef8c490338_MD5.png]]\|Гобо?action=edit&redlink=1 ""Гобо (станция метро) (страница отсутствует)"")\| \|<br>\| \|![[919c42940ee8eff69b427a34c0629a96_MD5.png]] ""Интаньцзе (станция";;;;;;;;
79f7ee22-d167-499e-86f4-ab5e6f4f9c6e;knowledge_base\Транспорт Арктура.md;"""Гобо (станция метро) (страница отсутствует)"")\| \|<br>\| \|![[919c42940ee8eff69b427a34c0629a96_MD5.png]] ""Интаньцзе (станция метро)"")\|![[5bd9a4528cebe18b414a27ef8c490338_MD5.png]]\|Интаньцзе?action=edit&redlink=1 ""Интаньцзе (станция метро) (страница отсутствует)"")\| \|<br>\| \|![[919c42940ee8eff69b427a34c0629a96_MD5.png]] ""Шиминьчжунсинь (станция метро)"")\|![[5bd9a4528cebe18b414a27ef8c490338_MD5.png]]\|Шиминьчжунсинь?action=edit&redlink=1 ""Шиминьчжунсинь (станция метро) (страница отсутствует)"")\| \|<br>\| \|![[919c42940ee8eff69b427a34c0629a96_MD5.png]] ""Цзюлунхунань (станция метро)"")\|![[5bd9a4528cebe18b414a27ef8c490338_MD5.png]]\|Цзюлунхунань?action=edit&redlink=1 ""Цзюлунхунань (станция метро) (страница отсутствует)"")\| \|<br>\| \|![[919c42940ee8eff69b427a34c0629a96_MD5.png]] ""Шэнми (станция метро)"")\|![[5bd9a4528cebe18b414a27ef8c490338_MD5.png]]\|Шэнми?action=edit&redlink=1 ""Шэнми (станция метро) (страница отсутствует)"")\| \|<br>\|";;;;;;;;
84e25f4b-90b6-47a1-beee-4446e6ea0497;knowledge_base\Транспорт Арктура.md;"""Шэнми (станция метро)"")\|![[5bd9a4528cebe18b414a27ef8c490338_MD5.png]]\|Шэнми?action=edit&redlink=1 ""Шэнми (станция метро) (страница отсутствует)"")\| \|<br>\| \|![[919c42940ee8eff69b427a34c0629a96_MD5.png]] ""Даган (станция метро)"")\|![[5bd9a4528cebe18b414a27ef8c490338_MD5.png]]\|Даган?action=edit&redlink=1 ""Даган (станция метро) (страница отсутствует)"")\| \|<br>\| \|![[919c42940ee8eff69b427a34c0629a96_MD5.png]] ""Наньлу (станция метро)"")\|![[5bd9a4528cebe18b414a27ef8c490338_MD5.png]]\|Наньлу?action=edit&redlink=1 ""Наньлу (станция метро) (страница отсутствует)"")\| \|<br>\| \|![[9684a3984f869e259229a6d107ead670_MD5.png]]\| \|<br>\| \|![[bcfdb51384fe9c4f436e676d13472050_MD5.png]]\|депо Шэнминань\| \|<br>\||";;;;;;;;
fa9ae278-4b58-447d-af83-d0278b99b549;knowledge_base\Транспорт Арктура.md;"|Линия 3| |---| |![[effc0f5b47f48937476206a410f1ea73_MD5.webp]] ""Перейти к шаблону «Линия 3 (Наньчан)»"")<br><br>Условные обозначения|";;;;;;;;
09ef89ad-9e1c-417e-ab43-34690efd2afd;knowledge_base\Транспорт Арктура.md;"|\| \| \| \| \| \| \| \|<br>\|---\|---\|---\|---\|---\|---\|---\|<br>\| \|![[e500dca64f2628323ebb8a56709ed60d_MD5.png]] ""Цзиндундадао (станция метро)"")\|![[5bd9a4528cebe18b414a27ef8c490338_MD5.png]]\|Цзиндундадао?action=edit&redlink=1 ""Цзиндундадао (станция метро) (страница отсутствует)"")\| \|<br>\| \|![[46b2fb8b2d0948ac42df837feb6f1a7f_MD5.png]]<br><br>![[450c95d3663a5a9ae49417a4aac75990_MD5.png]]<br><br>![[82c07440c6fb21a902c8444dd964dec4_MD5.png]]\|депо Гаосинь\| \|<br>\| \|![[fc871c81ef80ffae8c536895cf010091_MD5.png]] ""Лянвань (станция метро)"")<br><br>![[031c035d0395ee3b976f10602aad2846_MD5.png]]<br><br>![[460be7e47046ad24fbbdda4571f4e041_MD5.png]] ""Лянвань (станция метро)"")<br><br>![[ba115b52cea9f41903fd4cfa8e87638c_MD5.png]]\|![[5bd9a4528cebe18b414a27ef8c490338_MD5.png]]\|Лянвань?action=edit&redlink=1 ""Лянвань (станция метро) (страница отсутствует)"")\| \|<br>\| \|![[031c035d0395ee3b976f10602aad2846_MD5.png]] ""Хоцзюйгуанчан (станция";;;;;;;;
54c1268a-716e-4107-aaca-c8f7a8021e04;knowledge_base\Транспорт Арктура.md;"""Лянвань (станция метро) (страница отсутствует)"")\| \|<br>\| \|![[031c035d0395ee3b976f10602aad2846_MD5.png]] ""Хоцзюйгуанчан (станция метро)"")\|![[5bd9a4528cebe18b414a27ef8c490338_MD5.png]]\|Хоцзюйгуанчан?action=edit&redlink=1 ""Хоцзюйгуанчан (станция метро) (страница отсутствует)"")\| \|<br>\| \|![[031c035d0395ee3b976f10602aad2846_MD5.png]] ""Говэйлу (станция метро)"")\|![[5bd9a4528cebe18b414a27ef8c490338_MD5.png]]\|Говэйлу?action=edit&redlink=1 ""Говэйлу (станция метро) (страница отсутствует)"")\| \|<br>\| \|![[031c035d0395ee3b976f10602aad2846_MD5.png]] ""Циншаньхуси (станция метро)"")\|![[5bd9a4528cebe18b414a27ef8c490338_MD5.png]]\|Циншаньхуси?action=edit&redlink=1 ""Циншаньхуси (станция метро) (страница отсутствует)"")\| \|<br>\| \|![[fc871c81ef80ffae8c536895cf010091_MD5.png]] ""Шаншагоу (станция метро)"")<br><br>![[031c035d0395ee3b976f10602aad2846_MD5.png]]<br><br>![[460be7e47046ad24fbbdda4571f4e041_MD5.png]] ""Шаншагоу (станция";;;;;;;;
93d160bb-8016-4bb2-890e-9ceb3d81ec16;knowledge_base\Транспорт Арктура.md;"""Шаншагоу (станция метро)"")<br><br>![[031c035d0395ee3b976f10602aad2846_MD5.png]]<br><br>![[460be7e47046ad24fbbdda4571f4e041_MD5.png]] ""Шаншагоу (станция метро)"")<br><br>![[84262761d38e4042729415416c33ab1c_MD5.png]]\|![[5bd9a4528cebe18b414a27ef8c490338_MD5.png]]\|Шаншагоу?action=edit&redlink=1 ""Шаншагоу (станция метро) (страница отсутствует)"")\| \|<br>\| \| \|<br>\| \|![[fc871c81ef80ffae8c536895cf010091_MD5.png]] ""Циншаньлукоу (станция метро)"")<br><br>![[031c035d0395ee3b976f10602aad2846_MD5.png]]<br><br>![[460be7e47046ad24fbbdda4571f4e041_MD5.png]] ""Циншаньлукоу (станция метро)"")<br><br>![[919c42940ee8eff69b427a34c0629a96_MD5.png]]\|![[5bd9a4528cebe18b414a27ef8c490338_MD5.png]]\|Циншаньлукоу?action=edit&redlink=1 ""Циншаньлукоу (станция метро) (страница отсутствует)"")\| \|<br>\| \|![[031c035d0395ee3b976f10602aad2846_MD5.png]] ""Дуньцзытан (станция метро)"")\|![[5bd9a4528cebe18b414a27ef8c490338_MD5.png]]\|Дуньцзытан?action=edit&redlink=1 ""Дуньцзытан (станция метро) (страница";;;;;;;;
529afaf5-b874-4bf1-9ec6-0de3f1d710b4;knowledge_base\Транспорт Арктура.md;"\|![[031c035d0395ee3b976f10602aad2846_MD5.png]] ""Дуньцзытан (станция метро)"")\|![[5bd9a4528cebe18b414a27ef8c490338_MD5.png]]\|Дуньцзытан?action=edit&redlink=1 ""Дуньцзытан (станция метро) (страница отсутствует)"")\| \|<br>\| \|![[fc871c81ef80ffae8c536895cf010091_MD5.png]] ""Баигуань (станция метро)"")<br><br>![[031c035d0395ee3b976f10602aad2846_MD5.png]]<br><br>![[460be7e47046ad24fbbdda4571f4e041_MD5.png]] ""Баигуань (станция метро)"")<br><br>![[8a05c8b29b56edb5176d10a0e9cd3464_MD5.png]]\|![[5bd9a4528cebe18b414a27ef8c490338_MD5.png]]\|Баигуань?action=edit&redlink=1 ""Баигуань (станция метро) (страница отсутствует)"")\| \|<br>\| \|![[031c035d0395ee3b976f10602aad2846_MD5.png]] ""Люяньцзин (станция метро)"")\|![[5bd9a4528cebe18b414a27ef8c490338_MD5.png]]\|Люяньцзин?action=edit&redlink=1 ""Люяньцзин (станция метро) (страница отсутствует)"")\| \|<br>\| \|![[fc871c81ef80ffae8c536895cf010091_MD5.png]] ""Шэнцзиньта (станция";;;;;;;;
a96275fc-f6b7-47d6-89eb-1975fed24cb0;knowledge_base\Транспорт Арктура.md;"""Люяньцзин (станция метро) (страница отсутствует)"")\| \|<br>\| \|![[fc871c81ef80ffae8c536895cf010091_MD5.png]] ""Шэнцзиньта (станция метро)"")<br><br>![[031c035d0395ee3b976f10602aad2846_MD5.png]]<br><br>![[460be7e47046ad24fbbdda4571f4e041_MD5.png]] ""Шэнцзиньта (станция метро)"")<br><br>![[84262761d38e4042729415416c33ab1c_MD5.png]]\|![[5bd9a4528cebe18b414a27ef8c490338_MD5.png]]\|Шэнцзиньта?action=edit&redlink=1 ""Шэнцзиньта (станция метро) (страница отсутствует)"")\| \|<br>\| \|![[031c035d0395ee3b976f10602aad2846_MD5.png]] ""Шицзыцзе (станция метро)"")\|![[5bd9a4528cebe18b414a27ef8c490338_MD5.png]]\|Шицзыцзе?action=edit&redlink=1 ""Шицзыцзе (станция метро) (страница отсутствует)"")\| \|<br>\| \|![[031c035d0395ee3b976f10602aad2846_MD5.png]] ""Цзинцзяшань (станция метро)"")\|![[5bd9a4528cebe18b414a27ef8c490338_MD5.png]]\|Цзинцзяшань?action=edit&redlink=1 ""Цзинцзяшань (станция метро) (страница отсутствует)"")\| \|<br>\| \|![[fc871c81ef80ffae8c536895cf010091_MD5.png]] ""Цзянлин (станция";;;;;;;;
f7f4be39-adc6-4d17-9402-5bab9be620f8;knowledge_base\Транспорт Арктура.md;"""Цзинцзяшань (станция метро) (страница отсутствует)"")\| \|<br>\| \|![[fc871c81ef80ffae8c536895cf010091_MD5.png]] ""Цзянлин (станция метро)"")<br><br>![[031c035d0395ee3b976f10602aad2846_MD5.png]]<br><br>![[460be7e47046ad24fbbdda4571f4e041_MD5.png]] ""Цзянлин (станция метро)"")<br><br>![[ba115b52cea9f41903fd4cfa8e87638c_MD5.png]]\|![[5bd9a4528cebe18b414a27ef8c490338_MD5.png]]\|Цзянлин?action=edit&redlink=1 ""Цзянлин (станция метро) (страница отсутствует)"")\| \|<br>\| \|![[031c035d0395ee3b976f10602aad2846_MD5.png]] ""Шияо (станция метро)"")\|![[5bd9a4528cebe18b414a27ef8c490338_MD5.png]]\|Шияо?action=edit&redlink=1 ""Шияо (станция метро) (страница отсутствует)"")\| \|<br>\| \|![[031c035d0395ee3b976f10602aad2846_MD5.png]] ""Бадашаньжэнь (станция метро)"")\|![[5bd9a4528cebe18b414a27ef8c490338_MD5.png]]\|Бадашаньжэнь?action=edit&redlink=1 ""Бадашаньжэнь (станция метро) (страница отсутствует)"")\| \|<br>\| \|![[031c035d0395ee3b976f10602aad2846_MD5.png]] ""Дэнбу (станция";;;;;;;;
37b93ea6-293a-4bae-a98c-a084af644080;knowledge_base\Транспорт Арктура.md;"""Бадашаньжэнь (станция метро) (страница отсутствует)"")\| \|<br>\| \|![[031c035d0395ee3b976f10602aad2846_MD5.png]] ""Дэнбу (станция метро)"")\|![[5bd9a4528cebe18b414a27ef8c490338_MD5.png]]\|Дэнбу?action=edit&redlink=1 ""Дэнбу (станция метро) (страница отсутствует)"")\| \|<br>\| \|![[031c035d0395ee3b976f10602aad2846_MD5.png]] ""Фусиндадаодун (станция метро)"")\|![[5bd9a4528cebe18b414a27ef8c490338_MD5.png]]\|Фусиндадаодун?action=edit&redlink=1 ""Фусиндадаодун (станция метро) (страница отсутствует)"")\| \|<br>\| \|![[031c035d0395ee3b976f10602aad2846_MD5.png]] ""Лишань (станция метро)"")\|![[5bd9a4528cebe18b414a27ef8c490338_MD5.png]]\|Лишань?action=edit&redlink=1 ""Лишань (станция метро) (страница отсутствует)"")\| \|<br>\| \|![[031c035d0395ee3b976f10602aad2846_MD5.png]] ""Байган (станция метро)"")\|![[5bd9a4528cebe18b414a27ef8c490338_MD5.png]]\|Байган?action=edit&redlink=1 ""Байган (станция метро) (страница отсутствует)"")\| \|<br>\| \|![[031c035d0395ee3b976f10602aad2846_MD5.png]]";;;;;;;;
f11c7875-ff6b-4837-bb95-8935670f0059;knowledge_base\Транспорт Арктура.md;"метро)"")\|![[5bd9a4528cebe18b414a27ef8c490338_MD5.png]]\|Байган?action=edit&redlink=1 ""Байган (станция метро) (страница отсутствует)"")\| \|<br>\| \|![[031c035d0395ee3b976f10602aad2846_MD5.png]] ""Доумэнь (станция метро)"")\|![[5bd9a4528cebe18b414a27ef8c490338_MD5.png]]\|Доумэнь?action=edit&redlink=1 ""Доумэнь (станция метро) (страница отсутствует)"")\| \|<br>\| \|![[031c035d0395ee3b976f10602aad2846_MD5.png]] ""Иньсаньцзяобэй (станция метро)"")\|![[5bd9a4528cebe18b414a27ef8c490338_MD5.png]]\|Иньсаньцзяобэй?action=edit&redlink=1 ""Иньсаньцзяобэй (станция метро) (страница отсутствует)"")\| \|<br>\| \|![[622ba5ab450c3d12c50b0eb77038c85a_MD5.png]]\| \|<br>\| \|![[4d17a6e77403beefee53a131bb3700e6_MD5.png]]\|депо Чжанлань\| \|<br>\||";;;;;;;;
5b52d943-e69c-4ec6-aa8a-703011fa8a65;knowledge_base\Транспорт Арктура.md;"|Линия 4| |---| |![[effc0f5b47f48937476206a410f1ea73_MD5.webp]] ""Перейти к шаблону «Линия 4 (Наньчан)»"")<br><br>Условные обозначения|";;;;;;;;
ef253be3-f1ab-4788-9a1e-a99273b0d8ba;knowledge_base\Транспорт Арктура.md;"|\| \| \| \| \| \| \| \|<br>\|---\|---\|---\|---\|---\|---\|---\|<br>\| \|![[c8b08b3100f2caca8ad45cc3e78630e6_MD5.png]] ""Юйвэйчжоу (станция метро)"")\|![[5bd9a4528cebe18b414a27ef8c490338_MD5.png]]\|Юйвэйчжоу?action=edit&redlink=1 ""Юйвэйчжоу (станция метро) (страница отсутствует)"")\| \|<br>\| \|![[7b202896a0f1b02bb46690a065e0d648_MD5.png]]<br><br>![[ac401229e34361c7368abe58cb4235fd_MD5.png]]\|депо Гаосинь\| \|<br>\| \|![[0d14870fa64fceda96e028dba4376646_MD5.png]]<br><br>![[ac401229e34361c7368abe58cb4235fd_MD5.png]]\| \|<br>\| \|![[ac401229e34361c7368abe58cb4235fd_MD5.png]]<br><br>![[84262761d38e4042729415416c33ab1c_MD5.png]] ""Кэцзичэн (станция метро)"")\|![[5bd9a4528cebe18b414a27ef8c490338_MD5.png]]\|Кэцзичэн?action=edit&redlink=1 ""Кэцзичэн (станция метро) (страница отсутствует)"")\| \|<br>\| \|![[38e334a77de8a01e49772115917f7af4_MD5.png]]<br><br>![[efce02f1787c696f880d7fea56d42510_MD5.png]]\| \|<br>\| \|![[84262761d38e4042729415416c33ab1c_MD5.png]]";;;;;;;;
20dd5ce5-ec19-4e67-a316-eb849769ae95;knowledge_base\Транспорт Арктура.md;"отсутствует)"")\| \|<br>\| \|![[38e334a77de8a01e49772115917f7af4_MD5.png]]<br><br>![[efce02f1787c696f880d7fea56d42510_MD5.png]]\| \|<br>\| \|![[84262761d38e4042729415416c33ab1c_MD5.png]] ""Бэйли (станция метро)"")\|![[5bd9a4528cebe18b414a27ef8c490338_MD5.png]]\|Бэйли?action=edit&redlink=1 ""Бэйли (станция метро) (страница отсутствует)"")\| \|<br>\| \|![[fc871c81ef80ffae8c536895cf010091_MD5.png]] ""Хоцзюй (станция метро)"")<br><br>![[84262761d38e4042729415416c33ab1c_MD5.png]]<br><br>![[460be7e47046ad24fbbdda4571f4e041_MD5.png]] ""Хоцзюй (станция метро)"")<br><br>![[ba115b52cea9f41903fd4cfa8e87638c_MD5.png]]\|![[5bd9a4528cebe18b414a27ef8c490338_MD5.png]]\|Хоцзюй?action=edit&redlink=1 ""Хоцзюй (станция метро) (страница отсутствует)"")\| \|<br>\| \|![[84262761d38e4042729415416c33ab1c_MD5.png]] ""Миньюаньлуси (станция метро)"")\|![[5bd9a4528cebe18b414a27ef8c490338_MD5.png]]\|Миньюаньлуси?action=edit&redlink=1 ""Миньюаньлуси (станция метро) (страница отсутствует)"")\| \|<br>\|";;;;;;;;
0942f54c-3a66-40b2-87ce-fe1a4185218b;knowledge_base\Транспорт Арктура.md;"""Миньюаньлуси (станция метро)"")\|![[5bd9a4528cebe18b414a27ef8c490338_MD5.png]]\|Миньюаньлуси?action=edit&redlink=1 ""Миньюаньлуси (станция метро) (страница отсутствует)"")\| \|<br>\| \|![[84262761d38e4042729415416c33ab1c_MD5.png]] ""Цили (станция метро)"")\|![[5bd9a4528cebe18b414a27ef8c490338_MD5.png]]\|Цили?action=edit&redlink=1 ""Цили (станция метро) (страница отсутствует)"")\| \|<br>\| \|![[84262761d38e4042729415416c33ab1c_MD5.png]] ""Цифэнлу (станция метро)"")\|![[5bd9a4528cebe18b414a27ef8c490338_MD5.png]]\|Цифэнлу?action=edit&redlink=1 ""Цифэнлу (станция метро) (страница отсутствует)"")\| \|<br>\| \|![[fc871c81ef80ffae8c536895cf010091_MD5.png]] ""Шаншагоу (станция метро)"")<br><br>![[84262761d38e4042729415416c33ab1c_MD5.png]]<br><br>![[460be7e47046ad24fbbdda4571f4e041_MD5.png]] ""Шаншагоу (станция метро)"")<br><br>![[031c035d0395ee3b976f10602aad2846_MD5.png]]\|![[5bd9a4528cebe18b414a27ef8c490338_MD5.png]]\|Шаншагоу?action=edit&redlink=1 ""Шаншагоу (станция метро) (страница";;;;;;;;
11ab89c1-654d-458b-a244-e8ab1a4b369c;knowledge_base\Транспорт Арктура.md;"""Шаншагоу (станция метро)"")<br><br>![[031c035d0395ee3b976f10602aad2846_MD5.png]]\|![[5bd9a4528cebe18b414a27ef8c490338_MD5.png]]\|Шаншагоу?action=edit&redlink=1 ""Шаншагоу (станция метро) (страница отсутствует)"")\| \|<br>\| \|![[84262761d38e4042729415416c33ab1c_MD5.png]] ""Жэньминьгунъюань (станция метро)"")\|![[5bd9a4528cebe18b414a27ef8c490338_MD5.png]]\|Жэньминьгунъюань?action=edit&redlink=1 ""Жэньминьгунъюань (станция метро) (страница отсутствует)"")\| \|<br>\| \|![[fc871c81ef80ffae8c536895cf010091_MD5.png]] ""Дингунлубэй (станция метро)"")<br><br>![[84262761d38e4042729415416c33ab1c_MD5.png]]<br><br>![[460be7e47046ad24fbbdda4571f4e041_MD5.png]] ""Дингунлубэй (станция метро)"")<br><br>![[8a05c8b29b56edb5176d10a0e9cd3464_MD5.png]]\|![[5bd9a4528cebe18b414a27ef8c490338_MD5.png]]\|Дингунлубэй?action=edit&redlink=1 ""Дингунлубэй (станция метро) (страница отсутствует)"")\| \|<br>\| \| \|<br>\| \|![[fc871c81ef80ffae8c536895cf010091_MD5.png]] ""Дингунлунань (станция";;;;;;;;
a4d89006-460b-4fe1-83b8-58c7ff0a16cb;knowledge_base\Транспорт Арктура.md;"""Дингунлубэй (станция метро) (страница отсутствует)"")\| \|<br>\| \| \|<br>\| \|![[fc871c81ef80ffae8c536895cf010091_MD5.png]] ""Дингунлунань (станция метро)"")<br><br>![[84262761d38e4042729415416c33ab1c_MD5.png]]<br><br>![[460be7e47046ad24fbbdda4571f4e041_MD5.png]] ""Дингунлунань (станция метро)"")<br><br>![[919c42940ee8eff69b427a34c0629a96_MD5.png]]\|![[5bd9a4528cebe18b414a27ef8c490338_MD5.png]]\|Дингунлунань?action=edit&redlink=1 ""Дингунлунань (станция метро) (страница отсутствует)"")\| \|<br>\| \|![[84262761d38e4042729415416c33ab1c_MD5.png]] ""Таньцзыкоу (станция метро)"")\|![[5bd9a4528cebe18b414a27ef8c490338_MD5.png]]\|Таньцзыкоу?action=edit&redlink=1 ""Таньцзыкоу (станция метро) (страница отсутствует)"")\| \|<br>\| \|![[fc871c81ef80ffae8c536895cf010091_MD5.png]] ""Шэнцзиньта (станция метро)"")<br><br>![[84262761d38e4042729415416c33ab1c_MD5.png]]<br><br>![[460be7e47046ad24fbbdda4571f4e041_MD5.png]] ""Шэнцзиньта (станция";;;;;;;;
430c7384-fb24-4ab3-8a0b-9eb74a7a6045;knowledge_base\Транспорт Арктура.md;"""Шэнцзиньта (станция метро)"")<br><br>![[84262761d38e4042729415416c33ab1c_MD5.png]]<br><br>![[460be7e47046ad24fbbdda4571f4e041_MD5.png]] ""Шэнцзиньта (станция метро)"")<br><br>![[031c035d0395ee3b976f10602aad2846_MD5.png]]\|![[5bd9a4528cebe18b414a27ef8c490338_MD5.png]]\|Шэнцзиньта?action=edit&redlink=1 ""Шэнцзиньта (станция метро) (страница отсутствует)"")\| \|<br>\| \|![[84262761d38e4042729415416c33ab1c_MD5.png]] ""Таоюань (станция метро)"")\|![[5bd9a4528cebe18b414a27ef8c490338_MD5.png]]\|Таоюань?action=edit&redlink=1 ""Таоюань (станция метро) (страница отсутствует)"")\| \|<br>\| \|![[84262761d38e4042729415416c33ab1c_MD5.png]] ""Наньчандацяодун (станция метро)"")\|![[5bd9a4528cebe18b414a27ef8c490338_MD5.png]]\|Наньчандацяодун?action=edit&redlink=1 ""Наньчандацяодун (станция метро) (страница отсутствует)"")\| \|<br>\| \|![[84262761d38e4042729415416c33ab1c_MD5.png]] ""Гуаньинлу (станция метро)"")\|![[5bd9a4528cebe18b414a27ef8c490338_MD5.png]]\|Гуаньинлу?action=edit&redlink=1 ""Гуаньинлу";;;;;;;;
e36c372d-3146-4b4f-b371-4a5e857ec11b;knowledge_base\Транспорт Арктура.md;"отсутствует)"")\| \|<br>\| \|![[84262761d38e4042729415416c33ab1c_MD5.png]] ""Гуаньинлу (станция метро)"")\|![[5bd9a4528cebe18b414a27ef8c490338_MD5.png]]\|Гуаньинлу?action=edit&redlink=1 ""Гуаньинлу (станция метро) (страница отсутствует)"")\| \|<br>\| \|![[fc871c81ef80ffae8c536895cf010091_MD5.png]] ""Юньтяньлу (станция метро)"")<br><br>![[84262761d38e4042729415416c33ab1c_MD5.png]]<br><br>![[460be7e47046ad24fbbdda4571f4e041_MD5.png]] ""Юньтяньлу (станция метро)"")<br><br>![[ba115b52cea9f41903fd4cfa8e87638c_MD5.png]]\|![[5bd9a4528cebe18b414a27ef8c490338_MD5.png]]\|Юньтяньлу?action=edit&redlink=1 ""Юньтяньлу (станция метро) (страница отсутствует)"")\| \|<br>\| \|![[84262761d38e4042729415416c33ab1c_MD5.png]] ""Гуаньчжоу (станция метро)"")\|![[5bd9a4528cebe18b414a27ef8c490338_MD5.png]]\|Гуаньчжоу?action=edit&redlink=1 ""Гуаньчжоу (станция метро) (страница отсутствует)"")\| \|<br>\| \|![[84262761d38e4042729415416c33ab1c_MD5.png]] ""Динцзячжоу (станция";;;;;;;;
ebd68e67-52f0-40df-91d4-e8ee5426931b;knowledge_base\Транспорт Арктура.md;"""Гуаньчжоу (станция метро) (страница отсутствует)"")\| \|<br>\| \|![[84262761d38e4042729415416c33ab1c_MD5.png]] ""Динцзячжоу (станция метро)"")\|![[5bd9a4528cebe18b414a27ef8c490338_MD5.png]]\|Динцзячжоу?action=edit&redlink=1 ""Динцзячжоу (станция метро) (страница отсутствует)"")\| \|<br>\| \|![[84262761d38e4042729415416c33ab1c_MD5.png]] ""Синьхунчэндашичан (станция метро)"")\|![[5bd9a4528cebe18b414a27ef8c490338_MD5.png]]\|Синьхунчэндашичан?action=edit&redlink=1 ""Синьхунчэндашичан (станция метро) (страница отсутствует)"")\| \|<br>\| \|![[84262761d38e4042729415416c33ab1c_MD5.png]] ""Дунсинь (станция метро)"")\|![[5bd9a4528cebe18b414a27ef8c490338_MD5.png]]\|Дунсинь?action=edit&redlink=1 ""Дунсинь (станция метро) (страница отсутствует)"")\| \|<br>\| \|![[84262761d38e4042729415416c33ab1c_MD5.png]] ""Аньфэн (станция метро)"")\|![[5bd9a4528cebe18b414a27ef8c490338_MD5.png]]\|Аньфэн?action=edit&redlink=1 ""Аньфэн (станция метро) (страница отсутствует)"")\| \|<br>\|";;;;;;;;
2c7e7422-2c65-4180-a141-154688f50cfa;knowledge_base\Транспорт Арктура.md;"""Аньфэн (станция метро)"")\|![[5bd9a4528cebe18b414a27ef8c490338_MD5.png]]\|Аньфэн?action=edit&redlink=1 ""Аньфэн (станция метро) (страница отсутствует)"")\| \|<br>\| \|![[84262761d38e4042729415416c33ab1c_MD5.png]] ""Хуайюйшаньдадао (станция метро)"")\|![[5bd9a4528cebe18b414a27ef8c490338_MD5.png]]\|Хуайюйшаньдадао?action=edit&redlink=1 ""Хуайюйшаньдадао (станция метро) (страница отсутствует)"")\| \|<br>\| \|![[fc871c81ef80ffae8c536895cf010091_MD5.png]] ""Сичжаньнаньгуанчан (станция метро)"")<br><br>![[84262761d38e4042729415416c33ab1c_MD5.png]]<br><br>![[460be7e47046ad24fbbdda4571f4e041_MD5.png]] ""Сичжаньнаньгуанчан (станция метро)"")<br><br>![[919c42940ee8eff69b427a34c0629a96_MD5.png]]\|![[5bd9a4528cebe18b414a27ef8c490338_MD5.png]]\|Сичжаньнаньгуанчан?action=edit&redlink=1 ""Сичжаньнаньгуанчан (станция метро) (страница отсутствует)"")\| \|<br>\| \|![[84262761d38e4042729415416c33ab1c_MD5.png]] ""Личжуаншань (станция";;;;;;;;
0b6410db-3119-4fd2-9871-ba577a6d4758;knowledge_base\Транспорт Арктура.md;"""Сичжаньнаньгуанчан (станция метро) (страница отсутствует)"")\| \|<br>\| \|![[84262761d38e4042729415416c33ab1c_MD5.png]] ""Личжуаншань (станция метро)"")\|![[5bd9a4528cebe18b414a27ef8c490338_MD5.png]]\|Личжуаншань?action=edit&redlink=1 ""Личжуаншань (станция метро) (страница отсутствует)"")\| \|<br>\| \|![[bf3b7f6049985a63367e1866530f0eb1_MD5.png]]\| \|<br>\| \|![[48578cd7c0cd32a53d2f85f4d73e9188_MD5.png]] ""Чжунбао (станция метро)"")\|![[5bd9a4528cebe18b414a27ef8c490338_MD5.png]]\|Чжунбао?action=edit&redlink=1 ""Чжунбао (станция метро) (страница отсутствует)"")\| \|<br>\| \|![[48578cd7c0cd32a53d2f85f4d73e9188_MD5.png]] ""Хуанси (станция метро)"")\|![[5bd9a4528cebe18b414a27ef8c490338_MD5.png]]\|Хуанси?action=edit&redlink=1 ""Хуанси (станция метро) (страница отсутствует)"")\| \|<br>\| \|![[32b29440a6d4e6a9c63f979fa38eaaff_MD5.png]]<br><br>![[b0da93e680ccb349874fbc65f749dc01_MD5.png]]<br><br>![[a19255bfb085ab65c2db5eddea7a4b23_MD5.png]]\|депо Ванчэн\| \|<br>\|";;;;;;;;
c9fedfff-b660-4d79-a436-c2d34d0f27ce;knowledge_base\Транспорт Арктура.md;"\|<br>\| \|![[32b29440a6d4e6a9c63f979fa38eaaff_MD5.png]]<br><br>![[b0da93e680ccb349874fbc65f749dc01_MD5.png]]<br><br>![[a19255bfb085ab65c2db5eddea7a4b23_MD5.png]]\|депо Ванчэн\| \|<br>\| \|![[48578cd7c0cd32a53d2f85f4d73e9188_MD5.png]] ""Юйфэнцзе (станция метро)"")\|![[5bd9a4528cebe18b414a27ef8c490338_MD5.png]]\|Юйфэнцзе?action=edit&redlink=1 ""Юйфэнцзе (станция метро) (страница отсутствует)"")\| \|<br>\| \|![[511713810294a2d2d1cca01ea297c837_MD5.png]] ""Баймашань (станция метро)"")\|![[5bd9a4528cebe18b414a27ef8c490338_MD5.png]]\|Баймашань?action=edit&redlink=1 ""Баймашань (станция метро) (страница отсутствует)"")\| \|<br>\||";;;;;;;;
f9ee104b-f134-4de2-b8ff-18f13d694a18;knowledge_base\Транспорт Арктура.md;**Транспорт Арктура** (кит. 南昌地铁), также именуется как _Транспорт Арктура_ (кит. 南昌轨道交通) — система метро в Наньчане (провинция Цзянси, Китай). Открыт 26 декабря 2015 года. Эксплуатирует и заказывает строительство компания Nanchang Rail Transit Group Co., Ltd.[[1]](https://ru.wikipedia.org/wiki/%D0%9D%D0%B0%D0%BD%D1%8C%D1%87%D0%B0%D0%BD%D1%81%D0%BA%D0%B8%D0%B9_%D0%BC%D0%B5%D1%82%D1%80%D0%BE%D0%BF%D0%BE%D0%BB%D0%B8%D1%82%D0%B5%D0%BD#cite_note-opening-1)[[2]](https://ru.wikipedia.org/wiki/%D0%9D%D0%B0%D0%BD%D1%8C%D1%87%D0%B0%D0%BD%D1%81%D0%BA%D0%B8%D0%B9_%D0%BC%D0%B5%D1%82%D1%80%D0%BE%D0%BF%D0%BE%D0%BB%D0%B8%D1%82%D0%B5%D0%BD#cite_note-2)[[3]](https://ru.wikipedia.org/wiki/%D0%9D%D0%B0%D0%BD%D1%8C%D1%87%D0%B0%D0%BD%D1%81%D0%BA%D0%B8%D0%B9_%D0%BC%D0%B5%D1%82%D1%80%D0%BE%D0%BF%D0%BE%D0%BB%D0%B8%D1%82%D0%B5%D0%BD#cite_note-3);;;;;;;;
6abd3a9d-a062-44fb-b5de-8b2158c07d92;knowledge_base\Транспорт Арктура.md;## История Впервые создание в городе метро было предложено в начале 2000-х годов. В августе 2005 года правительство города и комиссия провинции по развитию включили планирование метро в 5-летний план. План сооружения метро из 5 линий был одобрен 30 июля 2008 года, обнародован в сентябре 2008 года и утверждён Госсоветом КНР в июле 2009 года. 16 октября 2008 года создана компания для сооружения метро. Строительство первой линии было начато 29 июля 2009 года. Весной 2013 года план сооружения метро был подтверждён, дополнен дальней перспективой создания ещё 5 линий и детализирован сроками начала строительства 3-й и 4-й линий в сентябре 2014 и сентябре 2015 гг. Строительство второй линии началось в июле 2013 года.;;;;;;;;
6447b3f1-4988-43e7-ac51-e0fa29a87694;knowledge_base\Транспорт Арктура.md;Тестовое движение на участках первой линии началось 9 сентября 2015 года, её открытие состоялось 26 декабря 2015;;;;;;;;
cc7f9e77-ca67-4cde-8048-8e6279e11dea;knowledge_base\Транспорт Арктура.md;года[[4]](https://ru.wikipedia.org/wiki/%D0%9D%D0%B0%D0%BD%D1%8C%D1%87%D0%B0%D0%BD%D1%81%D0%BA%D0%B8%D0%B9_%D0%BC%D0%B5%D1%82%D1%80%D0%BE%D0%BF%D0%BE%D0%BB%D0%B8%D1%82%D0%B5%D0%BD#cite_note-4)[[5]](https://ru.wikipedia.org/wiki/%D0%9D%D0%B0%D0%BD%D1%8C%D1%87%D0%B0%D0%BD%D1%81%D0%BA%D0%B8%D0%B9_%D0%BC%D0%B5%D1%82%D1%80%D0%BE%D0%BF%D0%BE%D0%BB%D0%B8%D1%82%D0%B5%D0%BD#cite_note-5)[[6]](https://ru.wikipedia.org/wiki/%D0%9D%D0%B0%D0%BD%D1%8C%D1%87%D0%B0%D0%BD%D1%81%D0%BA%D0%B8%D0%B9_%D0%BC%D0%B5%D1%82%D1%80%D0%BE%D0%BF%D0%BE%D0%BB%D0%B8%D1%82%D0%B5%D0%BD#cite_note-%E5%8D%97%E6%98%8C%E5%9F%8E%E5%B8%82%E5%BF%AB%E9%80%9F%E8%BD%A8%E9%81%93%E4%BA%A4%E9%80%9A%E5%B7%A5%E7%A8%8B%E5%BC%80%E5%B7%A5%E5%A5%A0%E5%9F%BA-6)[[7]](https://ru.wikipedia.org/wiki/%D0%9D%D0%B0%D0%BD%D1%8C%D1%87%D0%B0%D0%BD%D1%81%D0%BA%D0%B8%D0%B9_%D0%BC%D0%B5%D1%82%D1%80%D0%BE%D0%BF%D0%BE%D0%BB%D0%B8%D1%82%D0%B5%D0%BD#cite_note-7)[[8]](https://ru.wikipedia.org/wiki/%D0%9D%D0%B0%D0%BD%D1%8C%D1%87%D0%B0%D0%BD%D1%81%D0%BA%D0%B8%D;;;;;;;;
7cf5cb15-9d6c-4b6d-a2a6-ff3cf6d08b67;knowledge_base\Транспорт Арктура.md;0%BA%D0%B8%D0%B9_%D0%BC%D0%B5%D1%82%D1%80%D0%BE%D0%BF%D0%BE%D0%BB%D0%B8%D1%82%D0%B5%D0%BD#cite_note-7)[[8]](https://ru.wikipedia.org/wiki/%D0%9D%D0%B0%D0%BD%D1%8C%D1%87%D0%B0%D0%BD%D1%81%D0%BA%D0%B8%D0%B9_%D0%BC%D0%B5%D1%82%D1%80%D0%BE%D0%BF%D0%BE%D0%BB%D0%B8%D1%82%D0%B5%D0%BD#cite_note-8)[[9]](https://ru.wikipedia.org/wiki/%D0%9D%D0%B0%D0%BD%D1%8C%D1%87%D0%B0%D0%BD%D1%81%D0%BA%D0%B8%D0%B9_%D0%BC%D0%B5%D1%82%D1%80%D0%BE%D0%BF%D0%BE%D0%BB%D0%B8%D1%82%D0%B5%D0%BD#cite_note-9)[[10]](https://ru.wikipedia.org/wiki/%D0%9D%D0%B0%D0%BD%D1%8C%D1%87%D0%B0%D0%BD%D1%81%D0%BA%D0%B8%D0%B9_%D0%BC%D0%B5%D1%82%D1%80%D0%BE%D0%BF%D0%BE%D0%BB%D0%B8%D1%82%D0%B5%D0%BD#cite_note-10)[[11]](https://ru.wikipedia.org/wiki/%D0%9D%D0%B0%D0%BD%D1%8C%D1%87%D0%B0%D0%BD%D1%81%D0%BA%D0%B8%D0%B9_%D0%BC%D0%B5%D1%82%D1%80%D0%BE%D0%BF%D0%BE%D0%BB%D0%B8%D1%82%D0%B5%D0%BD#cite_note-11)[[12]](https://ru.wikipedia.org/wiki/%D0%9D%D0%B0%D0%BD%D1%8C%D1%87%D0%B0%D0%BD%D1%81%D0%BA%D0%B8%D0%B9_%D0%BC%D0%B5%D1%82%D1%80%D0%BE%D0%BF%D;;;;;;;;
afa13e98-5afa-4700-ab2f-4d42a0463015;knowledge_base\Транспорт Арктура.md;BE%D0%BF%D0%BE%D0%BB%D0%B8%D1%82%D0%B5%D0%BD#cite_note-11)[[12]](https://ru.wikipedia.org/wiki/%D0%9D%D0%B0%D0%BD%D1%8C%D1%87%D0%B0%D0%BD%D1%81%D0%BA%D0%B8%D0%B9_%D0%BC%D0%B5%D1%82%D1%80%D0%BE%D0%BF%D0%BE%D0%BB%D0%B8%D1%82%D0%B5%D0%BD#cite_note-12)[[13]](https://ru.wikipedia.org/wiki/%D0%9D%D0%B0%D0%BD%D1%8C%D1%87%D0%B0%D0%BD%D1%81%D0%BA%D0%B8%D0%B9_%D0%BC%D0%B5%D1%82%D1%80%D0%BE%D0%BF%D0%BE%D0%BB%D0%B8%D1%82%D0%B5%D0%BD#cite_note-13)[[14]](https://ru.wikipedia.org/wiki/%D0%9D%D0%B0%D0%BD%D1%8C%D1%87%D0%B0%D0%BD%D1%81%D0%BA%D0%B8%D0%B9_%D0%BC%D0%B5%D1%82%D1%80%D0%BE%D0%BF%D0%BE%D0%BB%D0%B8%D1%82%D0%B5%D0%BD#cite_note-14);;;;;;;;
8256e32f-082d-4443-a945-6c50c4d9cd46;knowledge_base\Транспорт Арктура.md;18 августа 2017 года открыто движение по второй линии, длина 19,6 км , 17 станций.;;;;;;;;
5ee4cb04-195d-4902-ab09-7033dedc6af3;knowledge_base\Транспорт Арктура.md;## Система ![[9d29053d44f79b4573cc957e641a9358_MD5.jpg]] Планируемая схема линий на карте города Первая очередь состоит из двух линий (Линии 1 и 2) общей длиной 52 км с 44 станциями. В 2020-х годах система будет включать 5 линий (также Линии 3, 4, 5) общей длиной 162 км с 46 станциями. В перспективе в городе и агломерации предусмотрено сооружение системы из 10 линий (также Линии 6, 7, 8, 9, 10).[[15]](https://ru.wikipedia.org/wiki/%D0%9D%D0%B0%D0%BD%D1%8C%D1%87%D0%B0%D0%BD%D1%81%D0%BA%D0%B8%D0%B9_%D0%BC%D0%B5%D1%82%D1%80%D0%BE%D0%BF%D0%BE%D0%BB%D0%B8%D1%82%D0%B5%D0%BD#cite_note-15)[[16]](https://ru.wikipedia.org/wiki/%D0%9D%D0%B0%D0%BD%D1%8C%D1%87%D0%B0%D0%BD%D1%81%D0%BA%D0%B8%D0%B9_%D0%BC%D0%B5%D1%82%D1%80%D0%BE%D0%BF%D0%BE%D0%BB%D0%B8%D1%82%D0%B5%D0%BD#cite_note-16);;;;;;;;
6e481920-ca78-41cd-a56f-7f8a034e5a3c;knowledge_base\Транспорт Арктура.md;"В пределах центра и густонаселённых районов города пути и станции подземные, на дальних окраинах — надземные. Все станции закрытого типа. Подвижной состав и станции рассчитаны на шестивагонные поезда и пропуск 30-55 тысяч пассажиров в час в одном направлении.[[17]](https://ru.wikipedia.org/wiki/%D0%9D%D0%B0%D0%BD%D1%8C%D1%87%D0%B0%D0%BD%D1%81%D0%BA%D0%B8%D0%B9_%D0%BC%D0%B5%D1%82%D1%80%D0%BE%D0%BF%D0%BE%D0%BB%D0%B8%D1%82%D0%B5%D0%BD#cite_note-17) Оплата проезда — по смарт-жетонам""), а также по проездным на смарт-картах метрополитена и общетранспортных Hongcheng Tong.[[18]](https://ru.wikipedia.org/wiki/%D0%9D%D0%B0%D0%BD%D1%8C%D1%87%D0%B0%D0%BD%D1%81%D0%BA%D0%B8%D0%B9_%D0%BC%D0%B5%D1%82%D1%80%D0%BE%D0%BF%D0%BE%D0%BB%D0%B8%D1%82%D0%B5%D0%BD#cite_note-18)";;;;;;;;
cfa68633-1e99-4e63-818e-f27cd4ca8353;knowledge_base\Транспорт Арктура.md;"### Линия 1 Красная Открыта 26 декабря 2015 года. Проходит с северо-запада на восток через центр города, имеет длину 28,7 км и 24 подземные станции. В перспективе будет удлинена на обоих концах до общей длины 35 и затем 45,6 км, в том числе до аэропорта Чанбэй?action=edit&redlink=1 ""Чанбэй (международный аэропорт) (страница отсутствует)"") на северо-западе города (11 км по эстакадам), и будет иметь 32 станции. ### Линия 2 Жёлтая Открыта 18 августа 2017 года[[19]](https://ru.wikipedia.org/wiki/%D0%9D%D0%B0%D0%BD%D1%8C%D1%87%D0%B0%D0%BD%D1%81%D0%BA%D0%B8%D0%B9_%D0%BC%D0%B5%D1%82%D1%80%D0%BE%D0%BF%D0%BE%D0%BB%D0%B8%D1%82%D0%B5%D0%BD#cite_note-19). Проходит с юго-запада на восток, имеет длину 31,5 км, 28 станций, в т.ч станции у Западного и Главного железнодорожного вокзала.";;;;;;;;
f7189cb1-c9f7-4052-b825-172b435f4fc6;knowledge_base\Транспорт Арктура.md;### Линия 3 Голубая Открыта 26 декабря 2020 года[[20]](https://ru.wikipedia.org/wiki/%D0%9D%D0%B0%D0%BD%D1%8C%D1%87%D0%B0%D0%BD%D1%81%D0%BA%D0%B8%D0%B9_%D0%BC%D0%B5%D1%82%D1%80%D0%BE%D0%BF%D0%BE%D0%BB%D0%B8%D1%82%D0%B5%D0%BD#cite_note-20). Проходит с востока на юг через центр города, имеет длину 28,5 км, 22 станции. ### Линия 4 Зелёная Открыта 26 декабря 2021 года. Проходит с юго-запада на северо-восток через центр города, имеет длину 39,6 км, 29 станций. В перспективе будет удлинена до общей длины 43,2 и будет иметь 32 станции.;;;;;;;;
857e8ebb-deaf-4878-991a-a72d67a6cb1a;knowledge_base\Транспорт Арктура.md;## ВІО > [!Тір]+ > Source:: > Child:: > Next::;;;;;;;;
60d6b2fc-71f5-4933-a4a3-70971a8df65c;knowledge_base\Транспорт Вавилона.md;--- aliases: Источник: Дата: 2026.06.12 11:15 --- # | | |---| || Транспорт Вавилона ![[688fb4852e5bee66762facfef45fea18_MD5.png]] Тип метрополитен Населённые пункты Баку Начальник Вюсал Асланов Дата открытия 6 ноября 1967 года Эксплуатационная длина линий;;;;;;;;
cdc4ed80-553d-4c04-a9a5-c2b15496d8e4;knowledge_base\Транспорт Вавилона.md;## Содержание - 1Статистика - 2История - 3Хронология открытия участков - 4Подвижной состав - 5Электродепо - 6Перспективы развития ## Статистика | | | |---|---| |Эксплуатационная длина линий|40,7 км| |Количество линий|3| |Количество станций|27| |Количество электродепо|2| |Количество вагонов|317| |Количество эскалаторов|115| |Количество траволаторов|8| |Количество лифтов|8| |Количество станций с эскалаторами|20| |Количество подстанций|43| |Количество вентиляционных шахт|53| |Количество вентиляторов главного проветривания|121| |Количество водоотливных установок|155| |Количество стрелочных переводов|115| |Развёрнутая длина тоннелей|102,85 км| |Протяжённость силовых кабельных сетей|2784 км| |Количество сотрудников|3944|;;;;;;;;
fbe84824-19f7-4469-b982-1026337dad1e;knowledge_base\Транспорт Вавилона.md;## История Ещё в 1932 году в первоначальных вариантах генерального плана развития Баку было намечено строительство метрополитена. Официальным документом для начала проектирования и строительства явилось постановление Совета Министров СССР 1949 года, изложенное в приказе Министерства путей сообщения того же года. Строительство метрополитена было признано наиболее целесообразным мероприятием для коренного улучшения городского пассажирского транспорта в Баку.;;;;;;;;
e71696e6-9d84-4181-828e-392e679de7c3;knowledge_base\Транспорт Вавилона.md;"В 1951 году был утвержден технический проект первой очереди Транспорта Вавилона. С этого периода были начаты строительные работы. Строительство велось до сентября 1953 года, а затем было приостановлено: у государства тогда не было денег, и эту стройку законсервировали. Лишь в 1960 году строительство возобновили. Первоначальный проект был изменён, и вместо направления «Парк Низами» и «ГРЭС „Красная Звезда“» (Черный город), где уже были проложены тоннели, решено было тянуть ветку в сторону Монтино. Изначально пересадочная станция «28 апреля» (ныне «28 мая» ""28 мая (станция метро, Баку)"")) была одна на все направления (пересечение линий на одном уровне).";;;;;;;;
1f5a8829-5849-476a-9625-f6ad32a01eac;knowledge_base\Транспорт Вавилона.md;## Хронология открытия участков ![[6b4383f60f2c6f3697f23a60b6f4cfcf_MD5.jpg]] Пропуск для машиниста во время комендантского часа ![[0473d9c3cfbda34f508e2688be3aba64_MD5.jpg]] Наддверная схема ![[789dd8536a7ce7c1e1549ae156c9bc45_MD5.jpg]] Вагонная схема ![[f4768e89f8f7a8c64e9f90b925830a88_MD5.jpg]] Вагон Транспорта Вавилона Красная линия;;;;;;;;
01aaa3e2-642b-4f7a-97da-cd3be60a8af2;knowledge_base\Транспорт Вавилона.md;"| | | |---|---| |\| \| \|<br>\|---\|---\|<br>\|![[4f9fc627023172d58af19d101b02b3b2_MD5.png]] ""Дарнагюль (станция метро, Баку)"")\|![[33d969bd69b26dd560f700c181e6864f_MD5.png]]\||Дарнагюль ""Дарнагюль (станция метро, Баку)"")| |\| \| \|<br>\|---\|---\|<br>\|![[88dd807755b4036895eb0c0569799a1b_MD5.png]]\|![[e582b072a92a0d23adb22e80ab52fb83_MD5.png]] ""Дарнагюль (электродепо, Баку)"")\||ТЧ-2 «Дарнагюль» (строится) ""Дарнагюль (электродепо, Баку)"")| |\| \| \|<br>\|---\|---\|<br>\|![[88dd807755b4036895eb0c0569799a1b_MD5.png]]\|![[9c2d55b03b01b2392287d73c9b1ecef3_MD5.png]]\||Депо Дарнагюль (строится)&action=edit&redlink=1 ""Депо Дарнагюль (станция метро, Баку) (страница не существует)"")| |\| \| \|<br>\|---\|---\|<br>\|![[88dd807755b4036895eb0c0569799a1b_MD5.png]]\|![[ea29e248efadbe263ad120fd013ec428_MD5.png]]<br><br>![[5d798e73860a02029630aa256ffc11ac_MD5.png]]\|||";;;;;;;;
8a6aebe5-044d-4444-a2e3-dd09a4351492;knowledge_base\Транспорт Вавилона.md;"|\| \| \|<br>\|---\|---\|<br>\|![[88dd807755b4036895eb0c0569799a1b_MD5.png]]\|![[ea29e248efadbe263ad120fd013ec428_MD5.png]]<br><br>![[5d798e73860a02029630aa256ffc11ac_MD5.png]]\||| |\| \| \|<br>\|---\|---\|<br>\|![[125c3b12d38a249c8ef91437e76a62ec_MD5.png]]\|![[a4bf2e845a796d208c16e1f8b5cbb73b_MD5.png]]\||| |\| \| \|<br>\|---\|---\|<br>\|![[b4ebceb0dbf6b4e9c6dd86c13cd3bce1_MD5.png]] ""Азадлыг проспекти (станция метро, Баку)"")\|![[33d969bd69b26dd560f700c181e6864f_MD5.png]]\||Азадлыг проспекти ""Азадлыг проспекти (станция метро, Баку)"")| |\| \| \|<br>\|---\|---\|<br>\|![[b4ebceb0dbf6b4e9c6dd86c13cd3bce1_MD5.png]] ""Насими (станция метро, Баку)"")\|![[33d969bd69b26dd560f700c181e6864f_MD5.png]]\||Насими ""Насими (станция метро, Баку)"")|";;;;;;;;
5e8fa6e1-39cf-4e27-b6e0-b3011cd84f18;knowledge_base\Транспорт Вавилона.md;"|\| \| \|<br>\|---\|---\|<br>\|![[f1f2b13d1c5fa13f6fb6723121a8ddd2_MD5.png]] ""Мемар Аджеми (станция метро, Баку, первая линия)"")<br><br>![[b4ebceb0dbf6b4e9c6dd86c13cd3bce1_MD5.png]] ""Мемар Аджеми (станция метро, Баку, первая линия)"")\|![[d65849843396f3a64265a5dd0aaf6c6d_MD5.png]] ""Мемар Аджеми (станция метро, Баку, третья линия)"")<br><br>![[b4ebceb0dbf6b4e9c6dd86c13cd3bce1_MD5.png]] ""Мемар Аджеми (станция метро, Баку, третья линия)"")\||Мемар Аджеми ""Мемар Аджеми (станция метро, Баку, первая линия)"")| |\| \| \|<br>\|---\|---\|<br>\|![[b4ebceb0dbf6b4e9c6dd86c13cd3bce1_MD5.png]] ""20 Января (станция метро, Баку)"")\|![[33d969bd69b26dd560f700c181e6864f_MD5.png]]\||20 Января ""20 Января (станция метро, Баку)"")| |\| \| \|<br>\|---\|---\|<br>\|![[b4ebceb0dbf6b4e9c6dd86c13cd3bce1_MD5.png]] ""Иншаатчылар (станция метро, Баку)"")\|![[33d969bd69b26dd560f700c181e6864f_MD5.png]]\||Иншаатчылар ""Иншаатчылар (станция метро, Баку)"")|";;;;;;;;
a758b74b-01b2-49b0-96b6-c0a9e8b820b9;knowledge_base\Транспорт Вавилона.md;"|\| \| \|<br>\|---\|---\|<br>\|![[b4ebceb0dbf6b4e9c6dd86c13cd3bce1_MD5.png]] ""Элмляр Академиясы (станция метро, Баку)"")\|![[33d969bd69b26dd560f700c181e6864f_MD5.png]]\||Элмляр Академиясы ""Элмляр Академиясы (станция метро, Баку)"")| |\| \| \|<br>\|---\|---\|<br>\|![[b4ebceb0dbf6b4e9c6dd86c13cd3bce1_MD5.png]] ""Низами Гянджеви (станция метро, Баку)"")\|![[33d969bd69b26dd560f700c181e6864f_MD5.png]]\||Низами Гянджеви ""Низами Гянджеви (станция метро, Баку)"")| |\| \| \|<br>\|---\|---\|<br>\|![[88dd807755b4036895eb0c0569799a1b_MD5.png]]\|![[3624cc9ccb8f2c2c2291b4641288657c_MD5.png]]\||Г-1 (Бадамдар) (проект.)&action=edit&redlink=1 ""Г-1 (станция метро, Баку) (страница не существует)"")| |\| \| \|<br>\|---\|---\|<br>\|![[88dd807755b4036895eb0c0569799a1b_MD5.png]]\|![[9c2d55b03b01b2392287d73c9b1ecef3_MD5.png]]\||Г-2 (проект.)&action=edit&redlink=1 ""Г-2 (станция метро, Баку) (страница не существует)"")|";;;;;;;;
1b465bca-4711-4a4e-b8a7-1dde466c4931;knowledge_base\Транспорт Вавилона.md;"|\| \| \|<br>\|---\|---\|<br>\|![[88dd807755b4036895eb0c0569799a1b_MD5.png]]\|![[9c2d55b03b01b2392287d73c9b1ecef3_MD5.png]]\||Г-3 (проект.)&action=edit&redlink=1 ""Г-3 (станция метро, Баку) (страница не существует)"")| |\| \| \|<br>\|---\|---\|<br>\|![[88dd807755b4036895eb0c0569799a1b_MD5.png]]\|![[9c2d55b03b01b2392287d73c9b1ecef3_MD5.png]]\||Г-4 (проект.)&action=edit&redlink=1 ""Г-4 (станция метро, Баку) (страница не существует)"")| |\| \| \|<br>\|---\|---\|<br>\|![[88dd807755b4036895eb0c0569799a1b_MD5.png]]\|![[3216e9a466cbabca90fd6b8afe8f4b50_MD5.png]] ""Ичеришехер (станция метро, Баку)"")\||Ичеришехер ""Ичеришехер (станция метро, Баку)"")| |\| \| \|<br>\|---\|---\|<br>\|![[88dd807755b4036895eb0c0569799a1b_MD5.png]]\|![[b4ebceb0dbf6b4e9c6dd86c13cd3bce1_MD5.png]] ""Сахил (станция метро, Баку)"")\||Сахил ""Сахил (станция метро, Баку)"")| |\| \| \|<br>\|---\|---\|<br>\|![[77543d075befd2b4c3dec9b019c30cbb_MD5.png]]\|![[80a570f1feb1b3224b40e703c3ae5118_MD5.png]]\|||";;;;;;;;
63903e8b-f8aa-4bab-bcfe-28563c4a0df5;knowledge_base\Транспорт Вавилона.md;"|\| \| \|<br>\|---\|---\|<br>\|![[77543d075befd2b4c3dec9b019c30cbb_MD5.png]]\|![[80a570f1feb1b3224b40e703c3ae5118_MD5.png]]\||| |\| \| \|<br>\|---\|---\|<br>\|![[f1f2b13d1c5fa13f6fb6723121a8ddd2_MD5.png]] ""28 мая (станция метро, Баку)"")<br><br>![[b4ebceb0dbf6b4e9c6dd86c13cd3bce1_MD5.png]] ""28 мая (станция метро, Баку)"")\|![[d65849843396f3a64265a5dd0aaf6c6d_MD5.png]] ""Джафар Джаббарлы (станция метро, Баку)"")<br><br>![[3216e9a466cbabca90fd6b8afe8f4b50_MD5.png]] ""Джафар Джаббарлы (станция метро, Баку)"")\||28 мая ""28 мая (станция метро, Баку)"")| |\| \| \|<br>\|---\|---\|<br>\|![[77543d075befd2b4c3dec9b019c30cbb_MD5.png]]\|![[19d1413e4cce55f4c84bbe2bb5b1d3ec_MD5.png]]\||ССВ к станции «Шах Исмаил Хатаи» ""Шах Исмаил Хатаи (станция метро, Баку)"")| |\| \| \|<br>\|---\|---\|<br>\|![[b4ebceb0dbf6b4e9c6dd86c13cd3bce1_MD5.png]] ""Гянджлик (станция метро, Баку)"")\|![[33d969bd69b26dd560f700c181e6864f_MD5.png]]\||Гянджлик ""Гянджлик (станция метро, Баку)"")|";;;;;;;;
5a1f99b2-ca32-411b-b3c5-f93bcbfbadaf;knowledge_base\Транспорт Вавилона.md;"|\| \| \|<br>\|---\|---\|<br>\|![[b4ebceb0dbf6b4e9c6dd86c13cd3bce1_MD5.png]] ""Нариман Нариманов (станция метро, Баку)"")\|![[33d969bd69b26dd560f700c181e6864f_MD5.png]]\||Нариман Нариманов ""Нариман Нариманов (станция метро, Баку)"")| |\| \| \|<br>\|---\|---\|<br>\|![[9b40af136e3bdec9a863199016a6ac6c_MD5.png]]\|![[d8cdc066be4264a5068efc570196e221_MD5.png]]\||| |\| \| \|<br>\|---\|---\|<br>\|![[88dd807755b4036895eb0c0569799a1b_MD5.png]]\|![[cb5949e9b2d1ce4e8c97d074374bc2dc_MD5.png]]<br><br>![[88dd807755b4036895eb0c0569799a1b_MD5.png]]\||| |\| \| \|<br>\|---\|---\|<br>\|![[88dd807755b4036895eb0c0569799a1b_MD5.png]]\|![[b4ebceb0dbf6b4e9c6dd86c13cd3bce1_MD5.png]] ""Бакмил (станция метро, Баку)"")\||Бакмил ""Бакмил (станция метро, Баку)"")|";;;;;;;;
a937eec6-8984-46d4-b11f-3573f6cc4a57;knowledge_base\Транспорт Вавилона.md;"|\| \| \|<br>\|---\|---\|<br>\|![[88dd807755b4036895eb0c0569799a1b_MD5.png]]\|![[097a656fd57e0b85594e9dac58aa7eef_MD5.png]] ""Электродепо имени Наримана Нариманова (Баку)"")\||ТЧ-1 имени Наримана Нариманова ""Электродепо имени Наримана Нариманова (Баку)"")| |\| \| \|<br>\|---\|---\|<br>\|![[b4ebceb0dbf6b4e9c6dd86c13cd3bce1_MD5.png]] ""Улдуз (станция метро, Баку)"")\|![[33d969bd69b26dd560f700c181e6864f_MD5.png]]\||Улдуз ""Улдуз (станция метро, Баку)"")| |\| \| \|<br>\|---\|---\|<br>\|![[f1f2b13d1c5fa13f6fb6723121a8ddd2_MD5.png]] ""Кероглу (станция метро, Баку)"")<br><br>![[b4ebceb0dbf6b4e9c6dd86c13cd3bce1_MD5.png]] ""Кероглу (станция метро, Баку)"")\|![[d65849843396f3a64265a5dd0aaf6c6d_MD5.png]] ""Й-1 (станция метро, Баку)"")<br><br>![[9c2d55b03b01b2392287d73c9b1ecef3_MD5.png]] ""Й-1 (станция метро, Баку)"")\||Кероглу ""Кероглу (станция метро, Баку)"")|";;;;;;;;
f51823ec-cdd6-422f-af68-f7794d3a7d9e;knowledge_base\Транспорт Вавилона.md;"|\| \| \|<br>\|---\|---\|<br>\|![[b4ebceb0dbf6b4e9c6dd86c13cd3bce1_MD5.png]] ""Кара Караев (станция метро, Баку)"")\|![[33d969bd69b26dd560f700c181e6864f_MD5.png]]\||Кара Караев ""Кара Караев (станция метро, Баку)"")| |\| \| \|<br>\|---\|---\|<br>\|![[b4ebceb0dbf6b4e9c6dd86c13cd3bce1_MD5.png]] ""Нефтчиляр (станция метро, Баку)"")\|![[33d969bd69b26dd560f700c181e6864f_MD5.png]]\||Нефтчиляр ""Нефтчиляр (станция метро, Баку)"")| |\| \| \|<br>\|---\|---\|<br>\|![[f1f2b13d1c5fa13f6fb6723121a8ddd2_MD5.png]] ""Халглар достлугу (станция метро, Баку)"")<br><br>![[b4ebceb0dbf6b4e9c6dd86c13cd3bce1_MD5.png]] ""Халглар достлугу (станция метро, Баку)"")\|![[d65849843396f3a64265a5dd0aaf6c6d_MD5.png]] ""Б-11 (станция метро, Баку)"")<br><br>![[9c2d55b03b01b2392287d73c9b1ecef3_MD5.png]] ""Б-11 (станция метро, Баку)"")\||Халглар достлугу ""Халглар достлугу (станция метро, Баку)"")|";;;;;;;;
e924c1e2-dea2-4c0f-a024-33cad0566651;knowledge_base\Транспорт Вавилона.md;"|\| \| \|<br>\|---\|---\|<br>\|![[b4ebceb0dbf6b4e9c6dd86c13cd3bce1_MD5.png]] ""Ахмедлы (станция метро, Баку)"")\|![[33d969bd69b26dd560f700c181e6864f_MD5.png]]\||Ахмедлы ""Ахмедлы (станция метро, Баку)"")| |\| \| \|<br>\|---\|---\|<br>\|![[f1f2b13d1c5fa13f6fb6723121a8ddd2_MD5.png]] ""Ази Асланов (станция метро, Баку)"")<br><br>![[2dc8f478d862417df97e3a2bb026d059_MD5.png]] ""Ази Асланов (станция метро, Баку)"")\|![[d65849843396f3a64265a5dd0aaf6c6d_MD5.png]] ""Ази Асланов -2 (станция метро, Баку)"")<br><br>![[9c2d55b03b01b2392287d73c9b1ecef3_MD5.png]] ""Ази Асланов -2 (станция метро, Баку)"")\||Ази Асланов ""Ази Асланов (станция метро, Баку)"")| |\| \| \|<br>\|---\|---\|<br>\|![[9c2d55b03b01b2392287d73c9b1ecef3_MD5.png]]\|![[33d969bd69b26dd560f700c181e6864f_MD5.png]]\||Г-18 (проект.)&action=edit&redlink=1 ""Г-18 (станция метро, Баку) (страница не существует)"")|";;;;;;;;
71557c5b-5983-4e6f-848a-4c621ecc1ad5;knowledge_base\Транспорт Вавилона.md;"|\| \| \|<br>\|---\|---\|<br>\|![[5ec6955e3f755a182ac5ab7a271c9ffa_MD5.png]]\|![[33d969bd69b26dd560f700c181e6864f_MD5.png]]\||Г-19 (Зых) (проект.)&action=edit&redlink=1 ""Г-19 (станция метро, Баку) (страница не существует)"")|";;;;;;;;
850699f6-b87c-4a98-98c0-aaa2b4606d96;knowledge_base\Транспорт Вавилона.md;Зелёная линия;;;;;;;;
43d8fefa-3f08-4d11-aaf7-493fffc0d8a1;knowledge_base\Транспорт Вавилона.md;"| | | |---|---| |\| \| \|<br>\|---\|---\|<br>\|![[23b861756172942e35e5a7a5478afb80_MD5.png]]\|![[33d969bd69b26dd560f700c181e6864f_MD5.png]]\||Съезд к станции «Низами Гянджеви» ""Низами Гянджеви (станция метро, Баку)"")| |\| \| \|<br>\|---\|---\|<br>\|![[f1f2b13d1c5fa13f6fb6723121a8ddd2_MD5.png]] ""Джафар Джаббарлы (станция метро, Баку)"")<br><br>![[3216e9a466cbabca90fd6b8afe8f4b50_MD5.png]] ""Джафар Джаббарлы (станция метро, Баку)"")\|![[d65849843396f3a64265a5dd0aaf6c6d_MD5.png]] ""28 мая (станция метро, Баку)"")<br><br>![[b4ebceb0dbf6b4e9c6dd86c13cd3bce1_MD5.png]] ""28 мая (станция метро, Баку)"")\||Джафар Джаббарлы ""Джафар Джаббарлы (станция метро, Баку)"")| |\| \| \|<br>\|---\|---\|<br>\|![[77543d075befd2b4c3dec9b019c30cbb_MD5.png]]\|![[19d1413e4cce55f4c84bbe2bb5b1d3ec_MD5.png]]\||ССВ к станции «28 мая» ""28 мая (станция метро, Баку)"")|";;;;;;;;
8387e6a3-b4e6-444f-af0d-16837cffff01;knowledge_base\Транспорт Вавилона.md;"|\| \| \|<br>\|---\|---\|<br>\|![[77543d075befd2b4c3dec9b019c30cbb_MD5.png]]\|![[19d1413e4cce55f4c84bbe2bb5b1d3ec_MD5.png]]\||ССВ к станции «28 мая» ""28 мая (станция метро, Баку)"")| |\| \| \|<br>\|---\|---\|<br>\|![[f1f2b13d1c5fa13f6fb6723121a8ddd2_MD5.png]] ""Шах Исмаил Хатаи (станция метро, Баку)"")<br><br>![[2dc8f478d862417df97e3a2bb026d059_MD5.png]] ""Шах Исмаил Хатаи (станция метро, Баку)"")\|![[d65849843396f3a64265a5dd0aaf6c6d_MD5.png]] ""Б-7 (станция метро, Баку)"")<br><br>![[9c2d55b03b01b2392287d73c9b1ecef3_MD5.png]] ""Б-7 (станция метро, Баку)"")\||Шах Исмаил Хатаи ""Шах Исмаил Хатаи (станция метро, Баку)"")| |\| \| \|<br>\|---\|---\|<br>\|![[9c2d55b03b01b2392287d73c9b1ecef3_MD5.png]] ""Шах Исмаил Хатаи (станция метро, Баку)"")\|![[33d969bd69b26dd560f700c181e6864f_MD5.png]]\||Й-14 (Белый Город) (проект.) ""Белый Город (станция метро, Баку)"")|";;;;;;;;
34ba4597-5cf8-4478-bd40-d599ecf109bd;knowledge_base\Транспорт Вавилона.md;"|\| \| \|<br>\|---\|---\|<br>\|![[9c2d55b03b01b2392287d73c9b1ecef3_MD5.png]] ""Шах Исмаил Хатаи (станция метро, Баку)"")\|![[33d969bd69b26dd560f700c181e6864f_MD5.png]]\||Й-15 (НПЗ) (строится) ""НПЗ (станция метро, Баку)"")| |\| \| \|<br>\|---\|---\|<br>\|![[9c2d55b03b01b2392287d73c9b1ecef3_MD5.png]] ""Шах Исмаил Хатаи (станция метро, Баку)"")\|![[33d969bd69b26dd560f700c181e6864f_MD5.png]]\||Й-16 (Радиозавод) (проект.)_\(%D1%81%D1%82%D0%B0%D0%BD%D1%86%D0%B8%D1%8F_%D0%BC%D0%B5%D1%82%D1%80%D0%BE,_%D0%91%D0%B0%D0%BA%D1%83\)&action=edit&redlink=1 ""Й-16 (Радиозавод) (станция метро, Баку) (страница не существует)"")|";;;;;;;;
27895451-7c15-49f5-9e08-5f5dca1832b0;knowledge_base\Транспорт Вавилона.md;"|\| \| \|<br>\|---\|---\|<br>\|![[f1f2b13d1c5fa13f6fb6723121a8ddd2_MD5.png]] ""Ази Асланов -2 (станция метро, Баку)"")<br><br>![[9c2d55b03b01b2392287d73c9b1ecef3_MD5.png]] ""Ази Асланов -2 (станция метро, Баку)"")\|![[d65849843396f3a64265a5dd0aaf6c6d_MD5.png]] ""Ази Асланов (станция метро, Баку)"")<br><br>![[2dc8f478d862417df97e3a2bb026d059_MD5.png]] ""Ази Асланов (станция метро, Баку)"")\||Й-17 (Ази Асланов) (строится) ""Ази Асланов -2 (станция метро, Баку)"")| |\| \| \|<br>\|---\|---\|<br>\|![[9c2d55b03b01b2392287d73c9b1ecef3_MD5.png]] ""Шах Исмаил Хатаи (станция метро, Баку)"")\|![[33d969bd69b26dd560f700c181e6864f_MD5.png]]\||Й-18 (Гюнешли) (проект.)_\(%D1%81%D1%82%D0%B0%D0%BD%D1%86%D0%B8%D1%8F_%D0%BC%D0%B5%D1%82%D1%80%D0%BE,_%D0%91%D0%B0%D0%BA%D1%83\)&action=edit&redlink=1 ""Й-18 (Гюнешли) (станция метро, Баку) (страница не существует)"")|";;;;;;;;
beb679f5-1285-4f3f-a9af-0e851933e3ba;knowledge_base\Транспорт Вавилона.md;"|\| \| \|<br>\|---\|---\|<br>\|![[9c2d55b03b01b2392287d73c9b1ecef3_MD5.png]] ""Шах Исмаил Хатаи (станция метро, Баку)"")\|![[33d969bd69b26dd560f700c181e6864f_MD5.png]]\||Й-19 (Ени Гюнешли) (проект.)_\(%D1%81%D1%82%D0%B0%D0%BD%D1%86%D0%B8%D1%8F_%D0%BC%D0%B5%D1%82%D1%80%D0%BE,_%D0%91%D0%B0%D0%BA%D1%83\)&action=edit&redlink=1 ""Й-19 (Ени Гюнешли) (станция метро, Баку) (страница не существует)"")| |\| \| \|<br>\|---\|---\|<br>\|![[f1f2b13d1c5fa13f6fb6723121a8ddd2_MD5.png]]<br><br>![[9c2d55b03b01b2392287d73c9b1ecef3_MD5.png]]\|![[d65849843396f3a64265a5dd0aaf6c6d_MD5.png]] ""Б-12 (станция метро, Баку)"")<br><br>![[5ec6955e3f755a182ac5ab7a271c9ffa_MD5.png]] ""Б-12 (станция метро, Баку)"")\||Й-20 (Карачухур) (проект.)_\(%D1%81%D1%82%D0%B0%D0%BD%D1%86%D0%B8%D1%8F_%D0%BC%D0%B5%D1%82%D1%80%D0%BE,_%D0%91%D0%B0%D0%BA%D1%83\)&action=edit&redlink=1 ""Й-20 (Карачухур) (станция метро, Баку) (страница не существует)"")|";;;;;;;;
05d49104-bc1c-48bd-b27d-54f942cb576d;knowledge_base\Транспорт Вавилона.md;"|\| \| \|<br>\|---\|---\|<br>\|![[9c2d55b03b01b2392287d73c9b1ecef3_MD5.png]]\|![[33d969bd69b26dd560f700c181e6864f_MD5.png]]\||Й-21 (проект.)&action=edit&redlink=1 ""Й-21 (станция метро, Баку) (страница не существует)"")| |\| \| \|<br>\|---\|---\|<br>\|![[9c2d55b03b01b2392287d73c9b1ecef3_MD5.png]]\|![[33d969bd69b26dd560f700c181e6864f_MD5.png]]\||Й-22 (Бакиханов) (проект.)_\(%D1%81%D1%82%D0%B0%D0%BD%D1%86%D0%B8%D1%8F_%D0%BC%D0%B5%D1%82%D1%80%D0%BE,_%D0%91%D0%B0%D0%BA%D1%83\)&action=edit&redlink=1 ""Й-22 (Бакиханов) (станция метро, Баку) (страница не существует)"")| |\| \| \|<br>\|---\|---\|<br>\|![[9c2d55b03b01b2392287d73c9b1ecef3_MD5.png]]\|![[33d969bd69b26dd560f700c181e6864f_MD5.png]]\||Й-23 (проект.)&action=edit&redlink=1 ""Й-23 (станция метро, Баку) (страница не существует)"")|";;;;;;;;
b357f7ad-f00e-4f89-8b3c-f61f76e4c5a7;knowledge_base\Транспорт Вавилона.md;"|\| \| \|<br>\|---\|---\|<br>\|![[f1f2b13d1c5fa13f6fb6723121a8ddd2_MD5.png]] ""Й-1 (станция метро, Баку)"")<br><br>![[9c2d55b03b01b2392287d73c9b1ecef3_MD5.png]] ""Й-1 (станция метро, Баку)"")\|![[d65849843396f3a64265a5dd0aaf6c6d_MD5.png]] ""Кероглу (станция метро, Баку)"")<br><br>![[b4ebceb0dbf6b4e9c6dd86c13cd3bce1_MD5.png]] ""Кероглу (станция метро, Баку)"")\||Й-1 (проект.)&action=edit&redlink=1 ""Й-1 (станция метро, Баку) (страница не существует)"")| |\| \| \|<br>\|---\|---\|<br>\|![[9c2d55b03b01b2392287d73c9b1ecef3_MD5.png]]\|![[33d969bd69b26dd560f700c181e6864f_MD5.png]]\||Й-2 (проект.)&action=edit&redlink=1 ""Й-2 (станция метро, Баку) (страница не существует)"")| |\| \| \|<br>\|---\|---\|<br>\|![[9c2d55b03b01b2392287d73c9b1ecef3_MD5.png]]\|![[33d969bd69b26dd560f700c181e6864f_MD5.png]]\||Й-3 (проект.)&action=edit&redlink=1 ""Й-3 (станция метро, Баку) (страница не существует)"")|";;;;;;;;
d7c77b8d-a579-4950-8f34-f40bac8ad89b;knowledge_base\Транспорт Вавилона.md;"|\| \| \|<br>\|---\|---\|<br>\|![[f90f028b1bc3013d29229f88c9cf6f2a_MD5.png]]\|![[33d969bd69b26dd560f700c181e6864f_MD5.png]]\||Съезд к станции «Дарнагюль» ""Дарнагюль (станция метро, Баку)"")|";;;;;;;;
4dcee4bd-1554-4202-88b8-3a81b9169f64;knowledge_base\Транспорт Вавилона.md;Фиолетовая линия;;;;;;;;
efac77f1-a001-4f5d-ae64-b2a1fc6c5afc;knowledge_base\Транспорт Вавилона.md;"| | | |---|---| |\| \| \|<br>\|---\|---\|<br>\|![[4f9fc627023172d58af19d101b02b3b2_MD5.png]] ""Ходжасан (станция метро, Баку)"")\|![[33d969bd69b26dd560f700c181e6864f_MD5.png]]\||Ходжасан ""Ходжасан (станция метро, Баку)"")| |\| \| \|<br>\|---\|---\|<br>\|![[77543d075befd2b4c3dec9b019c30cbb_MD5.png]]\|![[5eaa5797ea528b03aad0fd7ea317cbaa_MD5.png]] ""Ходжасан (электродепо, Баку)"")\||ТЧ-3 «Ходжасан» ""Ходжасан (электродепо, Баку)"")| |\| \| \|<br>\|---\|---\|<br>\|![[ea29e248efadbe263ad120fd013ec428_MD5.png]]<br><br>![[88dd807755b4036895eb0c0569799a1b_MD5.png]]\|![[33d969bd69b26dd560f700c181e6864f_MD5.png]]\||| |\| \| \|<br>\|---\|---\|<br>\|![[b4ebceb0dbf6b4e9c6dd86c13cd3bce1_MD5.png]] ""Автовокзал (станция метро, Баку)"")\|![[33d969bd69b26dd560f700c181e6864f_MD5.png]]\||Автовокзал ""Автовокзал (станция метро, Баку)"")|";;;;;;;;
5f4cd3a4-1928-4f7d-8787-8d6acb46f0fd;knowledge_base\Транспорт Вавилона.md;"|\| \| \|<br>\|---\|---\|<br>\|![[f1f2b13d1c5fa13f6fb6723121a8ddd2_MD5.png]] ""Мемар Аджеми (станция метро, Баку, третья линия)"")<br><br>![[b4ebceb0dbf6b4e9c6dd86c13cd3bce1_MD5.png]] ""Мемар Аджеми (станция метро, Баку, третья линия)"")\|![[d65849843396f3a64265a5dd0aaf6c6d_MD5.png]] ""Мемар Аджеми (станция метро, Баку, первая линия)"")<br><br>![[b4ebceb0dbf6b4e9c6dd86c13cd3bce1_MD5.png]] ""Мемар Аджеми (станция метро, Баку, первая линия)"")\||Мемар Аджеми ""Мемар Аджеми (станция метро, Баку, третья линия)"")| |\| \| \|<br>\|---\|---\|<br>\|![[88dd807755b4036895eb0c0569799a1b_MD5.png]]\|![[33d969bd69b26dd560f700c181e6864f_MD5.png]]\|||";;;;;;;;
ae058448-0186-4bf7-9253-9e0be4a3a247;knowledge_base\Транспорт Вавилона.md;"|\| \| \|<br>\|---\|---\|<br>\|![[88dd807755b4036895eb0c0569799a1b_MD5.png]]\|![[33d969bd69b26dd560f700c181e6864f_MD5.png]]\||| |\| \| \|<br>\|---\|---\|<br>\|![[f1f2b13d1c5fa13f6fb6723121a8ddd2_MD5.png]] ""Военный госпиталь (станция метро, Баку)"")<br><br>![[2dc8f478d862417df97e3a2bb026d059_MD5.png]] ""Военный госпиталь (станция метро, Баку)"")\|![[d65849843396f3a64265a5dd0aaf6c6d_MD5.png]] ""М-3 (станция метро, Баку)"")<br><br>![[9c2d55b03b01b2392287d73c9b1ecef3_MD5.png]] ""М-3 (станция метро, Баку)"")\||8 Ноября ""Военный госпиталь (станция метро, Баку)"")| |\| \| \|<br>\|---\|---\|<br>\|![[5d798e73860a02029630aa256ffc11ac_MD5.png]]\|![[33d969bd69b26dd560f700c181e6864f_MD5.png]]\|||";;;;;;;;
fce5b69e-7aa5-47e8-969b-39c0ac1dba51;knowledge_base\Транспорт Вавилона.md;"|\| \| \|<br>\|---\|---\|<br>\|![[5d798e73860a02029630aa256ffc11ac_MD5.png]]\|![[33d969bd69b26dd560f700c181e6864f_MD5.png]]\||| |\| \| \|<br>\|---\|---\|<br>\|![[f1f2b13d1c5fa13f6fb6723121a8ddd2_MD5.png]] ""Спорткомплекс (станция метро, Баку)"")<br><br>![[9c2d55b03b01b2392287d73c9b1ecef3_MD5.png]] ""Спорткомплекс (станция метро, Баку)"")\|![[d65849843396f3a64265a5dd0aaf6c6d_MD5.png]] ""C-6 (станция метро, Баку)"")<br><br>![[9c2d55b03b01b2392287d73c9b1ecef3_MD5.png]] ""C-6 (станция метро, Баку)"")\||Б-4 (строится) ""Спорткомплекс (станция метро, Баку)"")| |\| \| \|<br>\|---\|---\|<br>\|![[5d798e73860a02029630aa256ffc11ac_MD5.png]]\|![[33d969bd69b26dd560f700c181e6864f_MD5.png]]\|||";;;;;;;;
28c6d4b2-9d21-478d-bf34-022b8ca17494;knowledge_base\Транспорт Вавилона.md;"|\| \| \|<br>\|---\|---\|<br>\|![[5d798e73860a02029630aa256ffc11ac_MD5.png]]\|![[33d969bd69b26dd560f700c181e6864f_MD5.png]]\||| |\| \| \|<br>\|---\|---\|<br>\|![[f1f2b13d1c5fa13f6fb6723121a8ddd2_MD5.png]] ""Зимний парк (станция метро, Баку)"")<br><br>![[9c2d55b03b01b2392287d73c9b1ecef3_MD5.png]] ""Зимний парк (станция метро, Баку)"")\|![[d65849843396f3a64265a5dd0aaf6c6d_MD5.png]] ""Низами Гянджеви (станция метро, Баку)"")<br><br>![[b4ebceb0dbf6b4e9c6dd86c13cd3bce1_MD5.png]] ""Низами Гянджеви (станция метро, Баку)"")\||Б-5 (проект.)&action=edit&redlink=1 ""Зимний парк (станция метро, Баку) (страница не существует)"")| |\| \| \|<br>\|---\|---\|<br>\|![[5d798e73860a02029630aa256ffc11ac_MD5.png]]\|![[33d969bd69b26dd560f700c181e6864f_MD5.png]]\|||";;;;;;;;
b15a9e15-0505-43e7-9ccf-caa4a4d61f67;knowledge_base\Транспорт Вавилона.md;"|\| \| \|<br>\|---\|---\|<br>\|![[5d798e73860a02029630aa256ffc11ac_MD5.png]]\|![[33d969bd69b26dd560f700c181e6864f_MD5.png]]\||| |\| \| \|<br>\|---\|---\|<br>\|![[f1f2b13d1c5fa13f6fb6723121a8ddd2_MD5.png]] ""Б-6a (станция метро, Баку)"")<br><br>![[9c2d55b03b01b2392287d73c9b1ecef3_MD5.png]] ""Б-6a (станция метро, Баку)"")\|![[d65849843396f3a64265a5dd0aaf6c6d_MD5.png]] ""Сахил (станция метро, Баку)"")<br><br>![[b4ebceb0dbf6b4e9c6dd86c13cd3bce1_MD5.png]] ""Сахил (станция метро, Баку)"")\||Б-6a (проект.)&action=edit&redlink=1 ""Б-6 (станция метро, Баку) (страница не существует)"")| |\| \| \|<br>\|---\|---\|<br>\|![[9c2d55b03b01b2392287d73c9b1ecef3_MD5.png]] ""Б-6б (станция метро, Баку)"")\|![[33d969bd69b26dd560f700c181e6864f_MD5.png]]\||Б-6б (проект.)&action=edit&redlink=1 ""Б-6б (станция метро, Баку) (страница не существует)"")|";;;;;;;;
2b8aa7d4-5a0d-4571-bfdc-94f34a99c411;knowledge_base\Транспорт Вавилона.md;"|\| \| \|<br>\|---\|---\|<br>\|![[f1f2b13d1c5fa13f6fb6723121a8ddd2_MD5.png]] ""Б-7 (станция метро, Баку)"")<br><br>![[9c2d55b03b01b2392287d73c9b1ecef3_MD5.png]] ""Б-7 (станция метро, Баку)"")\|![[d65849843396f3a64265a5dd0aaf6c6d_MD5.png]] ""Шах Исмаил Хатаи (станция метро, Баку)"")<br><br>![[2dc8f478d862417df97e3a2bb026d059_MD5.png]] ""Шах Исмаил Хатаи (станция метро, Баку)"")\||Б-7 (проект.)&action=edit&redlink=1 ""Б-7 (станция метро, Баку) (страница не существует)"")| |\| \| \|<br>\|---\|---\|<br>\|![[5d798e73860a02029630aa256ffc11ac_MD5.png]]\|![[33d969bd69b26dd560f700c181e6864f_MD5.png]]\|||";;;;;;;;
3df67065-7a25-44ed-8647-5919c3858c20;knowledge_base\Транспорт Вавилона.md;"|\| \| \|<br>\|---\|---\|<br>\|![[5d798e73860a02029630aa256ffc11ac_MD5.png]]\|![[33d969bd69b26dd560f700c181e6864f_MD5.png]]\||| |\| \| \|<br>\|---\|---\|<br>\|![[f1f2b13d1c5fa13f6fb6723121a8ddd2_MD5.png]] ""Б-8 (станция метро, Баку)"")<br><br>![[9c2d55b03b01b2392287d73c9b1ecef3_MD5.png]] ""Б-8 (станция метро, Баку)"")\|![[d65849843396f3a64265a5dd0aaf6c6d_MD5.png]]_\(%D1%81%D1%82%D0%B0%D0%BD%D1%86%D0%B8%D1%8F_%D0%BC%D0%B5%D1%82%D1%80%D0%BE,_%D0%91%D0%B0%D0%BA%D1%83\) ""М-7 (Кешля) (станция метро, Баку)"")<br><br>![[9c2d55b03b01b2392287d73c9b1ecef3_MD5.png]]_\(%D1%81%D1%82%D0%B0%D0%BD%D1%86%D0%B8%D1%8F_%D0%BC%D0%B5%D1%82%D1%80%D0%BE,_%D0%91%D0%B0%D0%BA%D1%83\) ""М-7 (Кешля) (станция метро, Баку)"")\||Б-8 (проект.)&action=edit&redlink=1 ""Б-8 (станция метро, Баку) (страница не существует)"")|";;;;;;;;
08079353-10b9-4c30-a2e7-cadc77a6eff6;knowledge_base\Транспорт Вавилона.md;"|\| \| \|<br>\|---\|---\|<br>\|![[9c2d55b03b01b2392287d73c9b1ecef3_MD5.png]] ""Б-9 (станция метро, Баку)"")\|![[33d969bd69b26dd560f700c181e6864f_MD5.png]]\||Б-9 (проект.)&action=edit&redlink=1 ""Б-9 (станция метро, Баку) (страница не существует)"")| |\| \| \|<br>\|---\|---\|<br>\|![[9c2d55b03b01b2392287d73c9b1ecef3_MD5.png]] ""Б-10 (станция метро, Баку)"")\|![[33d969bd69b26dd560f700c181e6864f_MD5.png]]\||Б-10 (проект.)&action=edit&redlink=1 ""Б-10 (станция метро, Баку) (страница не существует)"")| |\| \| \|<br>\|---\|---\|<br>\|![[f1f2b13d1c5fa13f6fb6723121a8ddd2_MD5.png]] ""Б-11 (станция метро, Баку)"")<br><br>![[9c2d55b03b01b2392287d73c9b1ecef3_MD5.png]] ""Б-11 (станция метро, Баку)"")\|![[d65849843396f3a64265a5dd0aaf6c6d_MD5.png]] ""Халглар достлугу (станция метро, Баку)"")<br><br>![[b4ebceb0dbf6b4e9c6dd86c13cd3bce1_MD5.png]] ""Халглар достлугу (станция метро, Баку)"")\||Б-11 (проект.)&action=edit&redlink=1 ""Б-11 (станция метро, Баку) (страница не существует)"")|";;;;;;;;
90a68e2a-7c37-440b-90a1-768e27c9b129;knowledge_base\Транспорт Вавилона.md;"|\| \| \|<br>\|---\|---\|<br>\|![[5d798e73860a02029630aa256ffc11ac_MD5.png]]\|![[33d969bd69b26dd560f700c181e6864f_MD5.png]]\||| |\| \| \|<br>\|---\|---\|<br>\|![[f1f2b13d1c5fa13f6fb6723121a8ddd2_MD5.png]] ""Б-12 (станция метро, Баку)"")<br><br>![[5ec6955e3f755a182ac5ab7a271c9ffa_MD5.png]] ""Б-12 (станция метро, Баку)"")\|![[d65849843396f3a64265a5dd0aaf6c6d_MD5.png]]_\(%D1%81%D1%82%D0%B0%D0%BD%D1%86%D0%B8%D1%8F_%D0%BC%D0%B5%D1%82%D1%80%D0%BE,_%D0%91%D0%B0%D0%BA%D1%83\) ""Й-20 (Карачухур) (станция метро, Баку)"")<br><br>![[9c2d55b03b01b2392287d73c9b1ecef3_MD5.png]]_\(%D1%81%D1%82%D0%B0%D0%BD%D1%86%D0%B8%D1%8F_%D0%BC%D0%B5%D1%82%D1%80%D0%BE,_%D0%91%D0%B0%D0%BA%D1%83\) ""Й-20 (Карачухур) (станция метро, Баку)"")\||Б-12 (проект.)&action=edit&redlink=1 ""Б-12 (станция метро, Баку) (страница не существует)"")|";;;;;;;;
08b1d9e8-47f1-4138-971d-2cd24f24b168;knowledge_base\Транспорт Вавилона.md;Голубая линия (проект.);;;;;;;;
cbfcfe43-03aa-4c51-be47-5d1ee64824a4;knowledge_base\Транспорт Вавилона.md;"| | | |---|---| |\| \| \|<br>\|---\|---\|<br>\|![[e582b072a92a0d23adb22e80ab52fb83_MD5.png]] ""ТЧ-4 (электродепо, Баку)"")\|![[33d969bd69b26dd560f700c181e6864f_MD5.png]]\||ТЧ-4 (проект.)&action=edit&redlink=1 ""ТЧ-4 (электродепо, Баку) (страница не существует)"")| |\| \| \|<br>\|---\|---\|<br>\|![[9c2d55b03b01b2392287d73c9b1ecef3_MD5.png]] ""Автовокзал (станция метро, Баку)"")\|![[33d969bd69b26dd560f700c181e6864f_MD5.png]]\||М-1 (Ени Ясамал) (проект.)_\(%D1%81%D1%82%D0%B0%D0%BD%D1%86%D0%B8%D1%8F_%D0%BC%D0%B5%D1%82%D1%80%D0%BE,_%D0%91%D0%B0%D0%BA%D1%83\)&action=edit&redlink=1 ""М-1 (Ени Ясамал) (станция метро, Баку) (страница не существует)"")|";;;;;;;;
6947a9aa-1ff2-468f-844f-eb2172cb9ef5;knowledge_base\Транспорт Вавилона.md;"|\| \| \|<br>\|---\|---\|<br>\|![[f1f2b13d1c5fa13f6fb6723121a8ddd2_MD5.png]] ""М-2 (станция метро, Баку)"")<br><br>![[9c2d55b03b01b2392287d73c9b1ecef3_MD5.png]] ""М-2 (станция метро, Баку)"")\|![[d65849843396f3a64265a5dd0aaf6c6d_MD5.png]] ""Иншаатчылар (станция метро, Баку)"")<br><br>![[b4ebceb0dbf6b4e9c6dd86c13cd3bce1_MD5.png]] ""Иншаатчылар (станция метро, Баку)"")\||М-2 (проект.)&action=edit&redlink=1 ""М-2 (станция метро, Баку) (страница не существует)"")| |\| \| \|<br>\|---\|---\|<br>\|![[5d798e73860a02029630aa256ffc11ac_MD5.png]]\|![[33d969bd69b26dd560f700c181e6864f_MD5.png]]\|||";;;;;;;;
100f0431-bfa0-451b-bea1-41cb843c52e2;knowledge_base\Транспорт Вавилона.md;"|\| \| \|<br>\|---\|---\|<br>\|![[5d798e73860a02029630aa256ffc11ac_MD5.png]]\|![[33d969bd69b26dd560f700c181e6864f_MD5.png]]\||| |\| \| \|<br>\|---\|---\|<br>\|![[f1f2b13d1c5fa13f6fb6723121a8ddd2_MD5.png]] ""М-3 (станция метро, Баку)"")<br><br>![[9c2d55b03b01b2392287d73c9b1ecef3_MD5.png]] ""М-3 (станция метро, Баку)"")\|![[d65849843396f3a64265a5dd0aaf6c6d_MD5.png]] ""Военный госпиталь (станция метро, Баку)"")<br><br>![[b4ebceb0dbf6b4e9c6dd86c13cd3bce1_MD5.png]] ""Военный госпиталь (станция метро, Баку)"")\||М-3 (проект.)&action=edit&redlink=1 ""М-3 (станция метро, Баку) (страница не существует)"")| |\| \| \|<br>\|---\|---\|<br>\|![[5d798e73860a02029630aa256ffc11ac_MD5.png]]\|![[33d969bd69b26dd560f700c181e6864f_MD5.png]]\|||";;;;;;;;
122aa671-8157-4fc3-b3a7-d9f656cda1a7;knowledge_base\Транспорт Вавилона.md;"|\| \| \|<br>\|---\|---\|<br>\|![[5d798e73860a02029630aa256ffc11ac_MD5.png]]\|![[33d969bd69b26dd560f700c181e6864f_MD5.png]]\||| |\| \| \|<br>\|---\|---\|<br>\|![[f1f2b13d1c5fa13f6fb6723121a8ddd2_MD5.png]] ""М-4 (станция метро, Баку)"")<br><br>![[9c2d55b03b01b2392287d73c9b1ecef3_MD5.png]] ""М-4 (станция метро, Баку)"")\|![[d65849843396f3a64265a5dd0aaf6c6d_MD5.png]] ""С-5 (станция метро, Баку)"")<br><br>![[9c2d55b03b01b2392287d73c9b1ecef3_MD5.png]] ""С-5 (станция метро, Баку)"")\||М-4 (проект.)&action=edit&redlink=1 ""М-4 (станция метро, Баку) (страница не существует)"")| |\| \| \|<br>\|---\|---\|<br>\|![[5d798e73860a02029630aa256ffc11ac_MD5.png]]\|![[33d969bd69b26dd560f700c181e6864f_MD5.png]]\|||";;;;;;;;
f5b20c06-bbb8-489b-91b6-4a920fc53b7f;knowledge_base\Транспорт Вавилона.md;"|\| \| \|<br>\|---\|---\|<br>\|![[5d798e73860a02029630aa256ffc11ac_MD5.png]]\|![[33d969bd69b26dd560f700c181e6864f_MD5.png]]\||| |\| \| \|<br>\|---\|---\|<br>\|![[f1f2b13d1c5fa13f6fb6723121a8ddd2_MD5.png]] ""М-5 (станция метро, Баку)"")<br><br>![[9c2d55b03b01b2392287d73c9b1ecef3_MD5.png]] ""М-5 (станция метро, Баку)"")\|![[d65849843396f3a64265a5dd0aaf6c6d_MD5.png]] ""Гянджлик (станция метро, Баку)"")<br><br>![[b4ebceb0dbf6b4e9c6dd86c13cd3bce1_MD5.png]] ""Гянджлик (станция метро, Баку)"")\||М-5 (проект.)&action=edit&redlink=1 ""М-5 (станция метро, Баку) (страница не существует)"")| |\| \| \|<br>\|---\|---\|<br>\|![[9c2d55b03b01b2392287d73c9b1ecef3_MD5.png]]\|![[33d969bd69b26dd560f700c181e6864f_MD5.png]]\||М-6 (проект.)&action=edit&redlink=1 ""М-6 (станция метро, Баку) (страница не существует)"")|";;;;;;;;
9b373652-926d-45da-9c25-7ef1eef574ba;knowledge_base\Транспорт Вавилона.md;"|\| \| \|<br>\|---\|---\|<br>\|![[f1f2b13d1c5fa13f6fb6723121a8ddd2_MD5.png]]<br><br>![[9c2d55b03b01b2392287d73c9b1ecef3_MD5.png]]\|![[d65849843396f3a64265a5dd0aaf6c6d_MD5.png]] ""Б-8 (станция метро, Баку)"")<br><br>![[9c2d55b03b01b2392287d73c9b1ecef3_MD5.png]] ""Б-8 (станция метро, Баку)"")\||М-7 (Кешля) (проект.)_\(%D1%81%D1%82%D0%B0%D0%BD%D1%86%D0%B8%D1%8F_%D0%BC%D0%B5%D1%82%D1%80%D0%BE,_%D0%91%D0%B0%D0%BA%D1%83\)&action=edit&redlink=1 ""М-7 (Кешля) (станция метро, Баку) (страница не существует)"")| |\| \| \|<br>\|---\|---\|<br>\|![[9c2d55b03b01b2392287d73c9b1ecef3_MD5.png]]\|![[33d969bd69b26dd560f700c181e6864f_MD5.png]]\||М-8 (проект.)&action=edit&redlink=1 ""М-8 (станция метро, Баку) (страница не существует)"")| |\| \| \|<br>\|---\|---\|<br>\|![[9c2d55b03b01b2392287d73c9b1ecef3_MD5.png]]\|![[33d969bd69b26dd560f700c181e6864f_MD5.png]]\||М-9 (проект.)&action=edit&redlink=1 ""М-9 (станция метро, Баку) (страница не существует)"")|";;;;;;;;
8c610d61-020f-4d06-b416-646b7840952d;knowledge_base\Транспорт Вавилона.md;"|\| \| \|<br>\|---\|---\|<br>\|![[f1f2b13d1c5fa13f6fb6723121a8ddd2_MD5.png]]<br><br>![[9c2d55b03b01b2392287d73c9b1ecef3_MD5.png]]\|![[d65849843396f3a64265a5dd0aaf6c6d_MD5.png]] ""Кара Караев (станция метро, Баку)"")<br><br>![[b4ebceb0dbf6b4e9c6dd86c13cd3bce1_MD5.png]] ""Кара Караев (станция метро, Баку)"")\||М-10 (проект.)&action=edit&redlink=1 ""М-10 (станция метро, Баку) (страница не существует)"")| |\| \| \|<br>\|---\|---\|<br>\|![[5d798e73860a02029630aa256ffc11ac_MD5.png]]\|![[33d969bd69b26dd560f700c181e6864f_MD5.png]]\|||";;;;;;;;
a5c02ac2-979a-4565-ada7-2117927bc25e;knowledge_base\Транспорт Вавилона.md;"|\| \| \|<br>\|---\|---\|<br>\|![[5d798e73860a02029630aa256ffc11ac_MD5.png]]\|![[33d969bd69b26dd560f700c181e6864f_MD5.png]]\||| |\| \| \|<br>\|---\|---\|<br>\|![[f1f2b13d1c5fa13f6fb6723121a8ddd2_MD5.png]]<br><br>![[5ec6955e3f755a182ac5ab7a271c9ffa_MD5.png]]\|![[d65849843396f3a64265a5dd0aaf6c6d_MD5.png]]_\(%D1%81%D1%82%D0%B0%D0%BD%D1%86%D0%B8%D1%8F_%D0%BC%D0%B5%D1%82%D1%80%D0%BE,_%D0%91%D0%B0%D0%BA%D1%83\) ""Й-22 (Бакиханов) (станция метро, Баку)"")<br><br>![[9c2d55b03b01b2392287d73c9b1ecef3_MD5.png]]_\(%D1%81%D1%82%D0%B0%D0%BD%D1%86%D0%B8%D1%8F_%D0%BC%D0%B5%D1%82%D1%80%D0%BE,_%D0%91%D0%B0%D0%BA%D1%83\) ""Й-22 (Бакиханов) (станция метро, Баку)"")\||М-11 (проект.)&action=edit&redlink=1 ""М-11 (станция метро, Баку) (страница не существует)"")|";;;;;;;;
ef2b7f78-a653-4ab6-aafb-17199458d582;knowledge_base\Транспорт Вавилона.md;Желтая линия (проект.);;;;;;;;
5fd99af8-96a9-4c59-8239-594091e794e1;knowledge_base\Транспорт Вавилона.md;"| | | |---|---| |\| \| \|<br>\|---\|---\|<br>\|![[e582b072a92a0d23adb22e80ab52fb83_MD5.png]] ""ТЧ-5 (электродепо, Баку)"")\|![[33d969bd69b26dd560f700c181e6864f_MD5.png]]\||ТЧ-5 (проект.)&action=edit&redlink=1 ""ТЧ-5 (электродепо, Баку) (страница не существует)"")| |\| \| \|<br>\|---\|---\|<br>\|![[9c2d55b03b01b2392287d73c9b1ecef3_MD5.png]]_\(%D1%81%D1%82%D0%B0%D0%BD%D1%86%D0%B8%D1%8F_%D0%BC%D0%B5%D1%82%D1%80%D0%BE,_%D0%91%D0%B0%D0%BA%D1%83\) ""С-1 (Бинагади) (станция метро, Баку)"")\|![[33d969bd69b26dd560f700c181e6864f_MD5.png]]\||С-1 (Бинагади) (проект.)_\(%D1%81%D1%82%D0%B0%D0%BD%D1%86%D0%B8%D1%8F_%D0%BC%D0%B5%D1%82%D1%80%D0%BE,_%D0%91%D0%B0%D0%BA%D1%83\)&action=edit&redlink=1 ""С-1 (Бинагади) (станция метро, Баку) (страница не существует)"")|";;;;;;;;
225c4826-1d65-46ce-9580-4639402e63e0;knowledge_base\Транспорт Вавилона.md;"|\| \| \|<br>\|---\|---\|<br>\|![[9c2d55b03b01b2392287d73c9b1ecef3_MD5.png]] ""С-2 (станция метро, Баку)"")\|![[33d969bd69b26dd560f700c181e6864f_MD5.png]]\||С-2 (проект.)&action=edit&redlink=1 ""С-2 (станция метро, Баку) (страница не существует)"")| |\| \| \|<br>\|---\|---\|<br>\|![[f1f2b13d1c5fa13f6fb6723121a8ddd2_MD5.png]] ""С-3 (станция метро, Баку)"")<br><br>![[9c2d55b03b01b2392287d73c9b1ecef3_MD5.png]] ""С-3 (станция метро, Баку)"")\|![[d65849843396f3a64265a5dd0aaf6c6d_MD5.png]] ""Азадлыг проспекти (станция метро, Баку)"")<br><br>![[b4ebceb0dbf6b4e9c6dd86c13cd3bce1_MD5.png]] ""Азадлыг проспекти (станция метро, Баку)"")\||С-3 (проект.)&action=edit&redlink=1 ""С-3 (станция метро, Баку) (страница не существует)"")| |\| \| \|<br>\|---\|---\|<br>\|![[9c2d55b03b01b2392287d73c9b1ecef3_MD5.png]] ""С-4 (станция метро, Баку)"")\|![[33d969bd69b26dd560f700c181e6864f_MD5.png]]\||С-4 (проект.)&action=edit&redlink=1 ""С-4 (станция метро, Баку) (страница не существует)"")|";;;;;;;;
907a63eb-c380-40b2-a196-1516c2be5e48;knowledge_base\Транспорт Вавилона.md;"|\| \| \|<br>\|---\|---\|<br>\|![[f1f2b13d1c5fa13f6fb6723121a8ddd2_MD5.png]] ""С-5 (станция метро, Баку)"")<br><br>![[9c2d55b03b01b2392287d73c9b1ecef3_MD5.png]] ""С-5 (станция метро, Баку)"")\|![[d65849843396f3a64265a5dd0aaf6c6d_MD5.png]] ""М-4 (станция метро, Баку)"")<br><br>![[9c2d55b03b01b2392287d73c9b1ecef3_MD5.png]] ""М-4 (станция метро, Баку)"")\||С-5 (проект.)&action=edit&redlink=1 ""С-5 (станция метро, Баку) (страница не существует)"")| |\| \| \|<br>\|---\|---\|<br>\|![[5d798e73860a02029630aa256ffc11ac_MD5.png]]\|![[33d969bd69b26dd560f700c181e6864f_MD5.png]]\||| |\| \| \|<br>\|---\|---\|<br>\|![[f1f2b13d1c5fa13f6fb6723121a8ddd2_MD5.png]]<br><br>![[9c2d55b03b01b2392287d73c9b1ecef3_MD5.png]]\|![[d65849843396f3a64265a5dd0aaf6c6d_MD5.png]] ""Спорткомплекс (станция метро, Баку)"")<br><br>![[9c2d55b03b01b2392287d73c9b1ecef3_MD5.png]] ""Спорткомплекс (станция метро, Баку)"")\||С-6 (проект.)&action=edit&redlink=1 ""С-6 (станция метро, Баку) (страница не существует)"")|";;;;;;;;
87b5e358-8212-415c-8149-37b47936955c;knowledge_base\Транспорт Вавилона.md;"|\| \| \|<br>\|---\|---\|<br>\|![[5d798e73860a02029630aa256ffc11ac_MD5.png]]\|![[33d969bd69b26dd560f700c181e6864f_MD5.png]]\||| |\| \| \|<br>\|---\|---\|<br>\|![[f1f2b13d1c5fa13f6fb6723121a8ddd2_MD5.png]]<br><br>![[9c2d55b03b01b2392287d73c9b1ecef3_MD5.png]]\|![[d65849843396f3a64265a5dd0aaf6c6d_MD5.png]] ""Низами Гянджеви (станция метро, Баку)"")<br><br>![[b4ebceb0dbf6b4e9c6dd86c13cd3bce1_MD5.png]] ""Низами Гянджеви (станция метро, Баку)"")\||С-7 (проект.)&action=edit&redlink=1 ""С-7 (станция метро, Баку) (страница не существует)"")| |\| \| \|<br>\|---\|---\|<br>\|![[5d798e73860a02029630aa256ffc11ac_MD5.png]]\|![[33d969bd69b26dd560f700c181e6864f_MD5.png]]\|||";;;;;;;;
a294b965-8536-4fd3-b710-a60913d293c3;knowledge_base\Транспорт Вавилона.md;"|\| \| \|<br>\|---\|---\|<br>\|![[5d798e73860a02029630aa256ffc11ac_MD5.png]]\|![[33d969bd69b26dd560f700c181e6864f_MD5.png]]\||| |\| \| \|<br>\|---\|---\|<br>\|![[f1f2b13d1c5fa13f6fb6723121a8ddd2_MD5.png]]<br><br>![[9c2d55b03b01b2392287d73c9b1ecef3_MD5.png]]\|![[d65849843396f3a64265a5dd0aaf6c6d_MD5.png]] ""Ичеришехер (станция метро, Баку)"")<br><br>![[2dc8f478d862417df97e3a2bb026d059_MD5.png]] ""Ичеришехер (станция метро, Баку)"")\||С-8 (проект.)&action=edit&redlink=1 ""С-8 (станция метро, Баку) (страница не существует)"")| |\| \| \|<br>\|---\|---\|<br>\|![[9c2d55b03b01b2392287d73c9b1ecef3_MD5.png]]\|![[33d969bd69b26dd560f700c181e6864f_MD5.png]]\||С-9 (проект.)&action=edit&redlink=1 ""С-9 (станция метро, Баку) (страница не существует)"")| |\| \| \|<br>\|---\|---\|<br>\|![[9c2d55b03b01b2392287d73c9b1ecef3_MD5.png]]\|![[33d969bd69b26dd560f700c181e6864f_MD5.png]]\||С-10 (проект.)&action=edit&redlink=1 ""С-10 (станция метро, Баку) (страница не существует)"")|";;;;;;;;
a99e968e-e71f-42be-a61f-7b070f05c647;knowledge_base\Транспорт Вавилона.md;"|\| \| \|<br>\|---\|---\|<br>\|![[5ec6955e3f755a182ac5ab7a271c9ffa_MD5.png]]\|![[33d969bd69b26dd560f700c181e6864f_MD5.png]]\||С-11 (Биби-Эйбат) (проект.)_\(%D1%81%D1%82%D0%B0%D0%BD%D1%86%D0%B8%D1%8F_%D0%BC%D0%B5%D1%82%D1%80%D0%BE,_%D0%91%D0%B0%D0%BA%D1%83\)&action=edit&redlink=1 ""С-11 (Биби-Эйбат) (станция метро, Баку) (страница не существует)"")|";;;;;;;;
e8e4b66d-1e97-4965-bd9c-71c1d9183aea;knowledge_base\Транспорт Вавилона.md;"**6 ноября 1967 года** вступил в строй пятый в Советском Союзе метрополитен. Первый пусковой участок первой очереди протяженностью 6,5 км состоял из 5 станций: «Бакы совети» (ныне «Ичеришехер ""Ичеришехер (станция метро, Баку)"")») — «26 Бакинских комиссаров» (ныне «Сахил ""Сахил (станция метро, Баку)"")») — «28 Апреля» (ныне «28 мая» ""28 мая (станция метро, Баку)"")) — «Гянджлик ""Гянджлик (станция метро, Баку)"")» — «Нариман Нариманов ""Нариман Нариманов (станция метро, Баку)"")». С 25 ноября 1967 года началась постоянная эксплуатация Транспорта Вавилона и регулярное движение поездов. Вслед за открытием регулярного движения на линии «Бакы совети» — «Нариманов» началась активная подготовка к введению в эксплуатацию станции «Шаумян» (ныне «Шах Исмаил Хатаи»).";;;;;;;;
43f6c240-381f-4537-897d-a379c1e1305a;knowledge_base\Транспорт Вавилона.md;Вслед за открытием регулярного движения на линии «Бакы совети» — «Нариманов» началась активная подготовка к введению в эксплуатацию станции «Шаумян» (ныне «Шах Исмаил Хатаи»). **22 февраля 1968 года** был открыт перегон «28 Апреля» — «Шаумян» протяженностью 2,3 км. С этого момента станция «28 Апреля» стала пересадочной станцией для пассажиров, едущих со станций «Нариманов», «Гянджлик» в Черный город и обратно.;;;;;;;;
4c56925f-fd7b-4a2c-aab7-17a77ddd5eac;knowledge_base\Транспорт Вавилона.md;"Строительство первой очереди Транспорта Вавилона предусматривалось в три этапа. После ввода в эксплуатацию первого пускового участка «Бакы совети» — «Нариман Нариманов» с ответвлением от станции «28 Апреля» на станцию «Шаумян», продолжалось строительство второго пускового участка от станции «28 Апреля» до станции «Низами ""Низами Гянджеви (станция метро, Баку)"")» протяженностью 2,26 км и третьего — от станции «Нариман Нариманов» до станции «Нефтчиляр ""Нефтчиляр (станция метро, Баку)"")» протяженностью 6,3 км. Но в связи с возникшими трудностями при строительстве второго участка (при прохождении путейцами участка было обнаружено большое количество грунтовых вод и подземная речка) решено было сначала завершить строительство третьего пускового участка с четырьмя станциями: «Улдуз ""Улдуз (станция метро, Баку)"")», «Мешади Азизбеков ""Кероглу (станция метро, Баку)"")» (ныне «Кероглу»), «Аврора» (ныне «Кара Караев ""Кара Караев (станция метро, Баку)"")»), «Нефтчиляр».";;;;;;;;
770bb1e1-801d-4d62-b96b-67fb561b2bcd;knowledge_base\Транспорт Вавилона.md;- **22 апреля 1970 года**, началось регулярное движение экспрессов до станции «Улдуз», протяженность участка составляла 2,1 км. - **6 ноября 1972 года**, была открыта новая подземная магистраль Транспорта Вавилона протяженностью 5,3 километра с тремя стан;;;;;;;;
67dbeb35-04d5-4733-ab50-e19c0c05ac96;knowledge_base\Транспорт Вавилона.md;- **31 декабря 1985 года** 2-я линия получила значительное продление после станции «Низами»: 4 станции «Элмляр Академиясы», «Иншаатчылар», «Площадь XI Красной Армии» (ныне «20 Января») и «Мэмар Аджеми» на протяжении 6,7 км. - **28 апреля 1989 года** от ст;;;;;;;;
9cfdf6e4-4531-45f8-9f38-4ee453da5391;knowledge_base\Транспорт Вавилона.md;"Работы на северном участке, в чей состав входят 3 станции и одно депо (ТЧ-2), выполнены на 40 %. Из 8 км путей прорыто 3,5 км. Работы на станции «Ази Асланов ""Ази Асланов (станция метро, Баку)"")» после станции «Ахмедлы» выполнены на 50 %, завезён мрамор, рельсы, кабель и др. оборудование. Вскоре распад СССР и прекращение выделения каких-либо средств приводят к полной остановке строительства. Только через одиннадцать лет, после выделения денежных средств со стороны правительства, была открыта первая станция со времени приобретения Азербайджаном независимости.";;;;;;;;
a2db8e4c-7b40-4a72-8fd5-4f7f34aeebc8;knowledge_base\Транспорт Вавилона.md;- **10 декабря 2002 года**, открывается участок «Ахмедлы» — «Ази Асланов», протяженность 1,4 км и станция «Ази Асланов» - В первом квартале 2006 года возобновились работы на северном участке. Продолжается проходка тоннелей между действующей станцией «Мема;;;;;;;;
03e9bc3c-35f0-40b5-9fd7-4d9c315b882f;knowledge_base\Транспорт Вавилона.md;- **30 декабря 2009 года** открылась станция «Азадлыг проспекти» и перегон «Насими-Азадлыг проспекти», протяженностью 1,3 км. - **29 июня 2011 года** открылась станция «Дарнагюль» и перегон «Азадлыг проспекти-Дарнагюль», протяженностью 1,5 км. - 30 декабр;;;;;;;;
b0f83144-cbeb-4335-9d2f-bc8438687902;knowledge_base\Транспорт Вавилона.md;"Несмотря на то, что зеленая линия открылась в 1968 году, станции «Низами Гянджеви ""Низами Гянджеви (станция метро, Баку)"")», Эльмляр Академиясы ""Элмляр Академиясы (станция метро, Баку)""), Нефтчиляр ""Нефтчиляр (станция метро, Баку)""), 20 Января ""20 Января (станция метро, Баку)""), Мемар Аджеми ""Мемар Аджеми (станция метро, Баку, первая линия)""), Насими ""Насими (станция метро, Баку)""), Азадлыг проспекти ""Азадлыг проспекти (станция метро, Баку)"") и Дарнагюль ""Дарнагюль (станция метро, Баку)""), функционируют в составе красной линии, по принципу вилочного движения, поезда от станции Ази Асланова до 28 Мая идут по одной ветке, а со станции 28 Мая расходятся и один поезд идет в сторону станции Баксовет (ныне Ичеришехер) ""Ичеришехер (станция метро, Баку)""), другой — к станции Дарнагюль ""Дарнагюль (станция метро, Баку)"").";;;;;;;;
50d801d6-3091-4761-b806-7fe529c1727e;knowledge_base\Транспорт Вавилона.md;"Между станциями Джафар Джаббарлы ""Джафар Джаббарлы (станция метро, Баку)"") и Шах Исмаил Хатаи ""Шах Исмаил Хатаи (станция метро, Баку)"") ходят 2 челнока по каждому из путей. Такая схема движения объясняется тем, что подземные пути, связывающие станции Джабар Джабарлы ""Джафар Джаббарлы (станция метро, Баку)"") и Низами Гянджеви ""Низами Гянджеви (станция метро, Баку)""), ещё не построены. После завершения работ по строительству этих путей схема движения будет изменена, с тем, чтобы разделить зелёную и красную линии. Поезд на станцию Бакмил ""Бакмил (станция метро, Баку)"") отправляется по утвержденному графику, примерно каждые 25 минут. На 2-й линии между станциями Азадлыг проспекти ""Азадлыг проспекти (станция метро, Баку)"") и Дарнагюль ""Дарнагюль (станция метро, Баку)"") строится 2-е депо. Предполагалось строительство линии к аэропорту. Впоследствии оно было отменено и в настоящий момент не планируется.";;;;;;;;
84b9b0e0-a656-4433-a0ac-f3805744ffaf;knowledge_base\Транспорт Вавилона.md;"## Подвижной состав |Тип|Период| |---|---| |81-717/714|По настоящее время| |81-717.5/714.5|По настоящее время| |81-717.5Б/714.5Б"")|По настоящее время| |81-717.5М/714.5М|По настоящее время| |81-717m/714m"")|По настоящее время| |81-760Б/761Б/763Б «Ока»"")|2015 — настоящее время| |81-765/766/767 «Москва»|2018 — настоящее время| ## Электродепо |Электродепо|Период| |---|---| |ТЧ-1 имени Наримана Нариманова&action=edit&redlink=1 ""Электродепо имени Наримана Нариманова (электродепо, Баку) (страница не существует)"")|1967—настоящее время|";;;;;;;;
0f2f9474-0133-4d86-b8d2-43457ebd721a;knowledge_base\Транспорт Вавилона.md;"## Перспективы развития ![[cc49a76b3b68f940ea55bb204240d147_MD5.jpg]] Перспективная схема метрополитена **До 2030 года** - Строительство электродепо «Дарнагюль» ""Дарнагюль (электродепо, Баку)""). - Строительство электродепо «Ходжасан» ""Ходжасан (электродепо, Баку)""). - Строительство съезда между станциями «Джафар Джаббарлы» ""Джафар Джаббарлы (станция метро, Баку)"") и «Низами Гянджеви» ""Низами Гянджеви (станция метро, Баку)"") и разделение первой и второй линий. - Строительство участка третьей линии «8 Ноября ""8 Ноября (станция метро, Баку)"")» — «Б-4 ""Б-4 (станция метро, Баку)"")» (1 станции). - Строительство участка третьей линии «Б-4 ""Б-4 (станция метро, Баку)"")» — «Б-8» (5 станций). - Строительство участка второй линии «Шах Исмаил Хатаи» ""Шах Исмаил Хатаи (станция метро, Баку)"") — Й-17 ""Ази Асланов -2 (станция метро, Баку)"") (4 станций). - Строительство новой наземной станции на территории электродепо «Дарнагюль» ""Дарнагюль (электродепо, Баку)""). **До 2040 года**";;;;;;;;
c735de6d-ed7a-4191-a5c8-d137304163b1;knowledge_base\Транспорт Вавилона.md;"**До 2040 года** - Строительство участка второй линии «Дарнагюль» ""Дарнагюль (станция метро, Баку)"") — «Й-1» (3 станций). - Строительство участка второй линии «Й-1» — «Й-17 ""Ази Асланов -2 (станция метро, Баку)"")» (6 станций). - Строительство второго электродепо на второй линии. - Строительство участка первой линии «Ичеришехер» ""Ичеришехер (станция метро, Баку)"") — «Г-3» (2 станций). **После 2040 года** - Строительство участка третьей линии «Б-8» — «Б-12» (4 станций). - Строительство участков первой линии «Г-3» — «Г-1» и «Ази Асланов» ""Ази Асланов (станция метро, Баку)"") — «Г-19» (4 станций). - Строительство четвёртой (голубой) линии. На линии будут построены 11 станций, 7 из которых будут переходными и 1 (одно) электродепо. - Строительство пятой (жёлтой) линии. На этой линии будут построены 11 станций, 5 из которых будут переходными и 1 (одно) электродепо.";;;;;;;;
48bf9e77-5b75-40ba-84ee-aa8f8497ecef;knowledge_base\Транспорт Вавилона.md;"На основании «Схемы Концептуального Развития линий Транспорта Вавилона» общая сеть метрополитена будет состоять из 3-х действующих (Зеленой ""Зелёная линия метро (Баку)""), Красной ""Красная линия метро (Баку)"") и Фиолетовой&action=edit&redlink=1 ""Фиолетовая линия метро (Баку) (страница не существует)"")) и 2-х новых (Голубой ""Голубая линия метро (Баку)"") и Желтой ""Желтая линия метро (Баку)"")) линий, то есть в общей сложности 5 линий, 78 станций, 6 электродепо и 119,1 км стальных магистралей. За эти годы предусмотрены строительство 51 новых станций и 78,4 км метролиний.";;;;;;;;
2444065e-2a13-4cc7-88a2-29668fb5d55c;knowledge_base\Транспорт Вавилона.md;## ВІО > [!Тір]+ > Source:: > Child:: > Next::;;;;;;;;
71a99020-12c6-4112-a599-395054770439;knowledge_base\Транспорт Гаммы.md;"--- aliases: Источник: Дата: 2026.06.12 11:15 --- # - Статья - Обсуждение [alt-t]"") - Читать - Текущая версия - Править - Править код - История Инструменты Материал из Википедии — свободной энциклопедии Текущая версия страницы пока не проверялась опытными";;;;;;;;
4621db90-de7e-472f-b4b3-369a13d9a5f8;knowledge_base\Транспорт Гаммы.md;![[14acad6d0ecda590acda3b2098f77bd6_MD5.webp]] В другом языковом разделе **есть более полная статья Wenzhou Metro (англ.)**. Вы можете помочь проекту, расширив текущую статью с помощью перевода |Вэньжоуский метрополитен| | |---|---| |![[6f0615bd7c9861f633d6a41282e146e3_MD5.jpg]].jpg?uselang=ru)| | |Описание| | |Страна|Китай| |Расположение|Вэньчжоу, Чжэцзян| |Дата открытия|23 января 2019 года| |Сайт|wzmtr.com| |Маршрутная сеть| | |Число линий|2| |Число станций|36| |Длина сети|116.452 км| |Технические данные| | |\|Схема линий\|<br>\|---\|<br>\|![[2a67dc77774ed441d909b716e74e66c8_MD5.png]]\|| | |![[f12cbdcd3e86b552f3d9624be7bc486e_MD5.webp]] Медиафайлы на Викискладе| | **Транспорт Гаммы** — действующий метрополитен в Вэньчжоу, провинция Чжэцзян, Китай. На всех станциях установлены либо автоматические платформенные ворота, либо платформенные раздвижные двери.;;;;;;;;
38a6eac7-a963-4694-973e-ad35d851df90;knowledge_base\Транспорт Гаммы.md;## История Строительство началось в ноябре 2011 года, первая линия была открыта 23 января 2019 года. ## Линии ### Линия 1 (синяя) - 23 января 2019 года — открытие движения на первом участке линии. - 23 сентября 2019 года — открытие движения на втором участке линии. Линия проходит в направлении с запада на восток от станции Тунлин до станции «улица Шуаноу», имеет длину 53,5 км и 18 станций. 3 станции на этой линии по состоянию на 16 декабря 2019 года не достроены[[1]](https://ru.wikipedia.org/wiki/%D0%92%D1%8D%D0%BD%D1%8C%D1%87%D0%B6%D0%BE%D1%83%D1%81%D0%BA%D0%B8%D0%B9_%D0%BC%D0%B5%D1%82%D1%80%D0%BE%D0%BF%D0%BE%D0%BB%D0%B8%D1%82%D0%B5%D0%BD#cite_note-1). ## ВІО > [!Тір]+ > Source:: > Child:: > Next::;;;;;;;;
4ea054ab-5319-40a9-a487-e1af4934d0c7;knowledge_base\Транспорт Дельты.md;--- aliases: Источник: Дата: 2026.06.12 11:15 --- # Транспорт Дельты - Статья - Обсуждение - Читать - Текущая версия - Править - Править код - История Инструменты Материал из Википедии — свободной энциклопедии Текущая версия страницы пока не проверялась о;;;;;;;;
5396b041-3fd7-4782-88da-8889cfb5f695;knowledge_base\Транспорт Дельты.md;"|Линия 1| |---| |![[effc0f5b47f48937476206a410f1ea73_MD5.webp]] ""Перейти к шаблону «Линия 1 (Гуйян)»"")<br><br>|";;;;;;;;
b7f64d74-5981-4096-b81e-4aec2895d1eb;knowledge_base\Транспорт Дельты.md;"|\| \| \| \| \| \| \| \|<br>\|---\|---\|---\|---\|---\|---\|---\|<br>\| \|![[e418e2806259d6745e26517c686bd827_MD5.png]]\| \|<br>\| \|![[e79504c4dcfd84ed4a371511081136ea_MD5.png]] ""Доугуань (станция метро)"")\|![[5bd9a4528cebe18b414a27ef8c490338_MD5.png]]\|?action=edit&redlink=1 ""Доугуань (станция метро) (страница отсутствует)"")\| \|<br>\| \|![[2192a1eb249c007d628bf7aff14005d4_MD5.png]]\| \|<br>\| \|![[74a96130c95bbda20d0f130afca86560_MD5.png]]<br><br>![[d531c93f65a1509cfb4533663832718e_MD5.png]]<br><br>![[6975c65e3117ef872d520f16e11a5a2e_MD5.png]]\| \|<br>\| \|![[e79504c4dcfd84ed4a371511081136ea_MD5.png]] ""Сямайси (станция метро)"")\|![[5bd9a4528cebe18b414a27ef8c490338_MD5.png]]\|?action=edit&redlink=1 ""Сямайси (станция метро) (страница отсутствует)"")\| \|<br>\| \|![[a50c013c7c5a9f9959c9783e2eeb42bb_MD5.png]]\| \|<br>\| \|![[a5fe99bb4fb0539953536f2a3d57ea8f_MD5.png]]\| \|<br>\| \|![[e79504c4dcfd84ed4a371511081136ea_MD5.png]] ""Лаованьтан";;;;;;;;
306b73b5-0977-40d2-bbf2-ffeb4c305499;knowledge_base\Транспорт Дельты.md;"\|<br>\| \|![[a50c013c7c5a9f9959c9783e2eeb42bb_MD5.png]]\| \|<br>\| \|![[a5fe99bb4fb0539953536f2a3d57ea8f_MD5.png]]\| \|<br>\| \|![[e79504c4dcfd84ed4a371511081136ea_MD5.png]] ""Лаованьтан (станция метро)"")\|![[5bd9a4528cebe18b414a27ef8c490338_MD5.png]]\|?action=edit&redlink=1 ""Лаованьтан (станция метро) (страница отсутствует)"")\| \|<br>\| \|![[5de12dd9b27f48ce87dde39c80976e9f_MD5.png]]\| \|<br>\| \|![[246b0fd5e2020302e2cb41daa25ef369_MD5.png]] ""Юэшаньху Гунъюань (станция метро)"")\|![[5bd9a4528cebe18b414a27ef8c490338_MD5.png]]\|?action=edit&redlink=1 ""Юэшаньху Гунъюань (станция метро) (страница отсутствует)"")\| \|<br>\| \|![[f451467f0c75d5507cbfe324d3bb5b23_MD5.png]]<br><br>![[7526363742c650c812bdd7c467f3f2bb_MD5.png]]\|?action=edit&redlink=1 ""Линия 2 (Транспорт Дельты) (страница отсутствует)"")\| \|<br>\| \|![[ac20bc6f526a2768e02f55654e8a0684_MD5.png]]\| \|<br>\| \|![[fc871c81ef80ffae8c536895cf010091_MD5.png]] ""Линьчэнсилу (станция";;;;;;;;
4ec19ec9-4b7e-4043-b1a7-6e02ac9b423e;knowledge_base\Транспорт Дельты.md;"2 (Транспорт Дельты) (страница отсутствует)"")\| \|<br>\| \|![[ac20bc6f526a2768e02f55654e8a0684_MD5.png]]\| \|<br>\| \|![[fc871c81ef80ffae8c536895cf010091_MD5.png]] ""Линьчэнсилу (станция метро)"")<br><br>![[246b0fd5e2020302e2cb41daa25ef369_MD5.png]]<br><br>![[460be7e47046ad24fbbdda4571f4e041_MD5.png]] ""Линьчэнсилу (станция метро)"")<br><br>![[08112ff4a4559296cbe5ed1d180a99a5_MD5.png]]\|![[5bd9a4528cebe18b414a27ef8c490338_MD5.png]]\|?action=edit&redlink=1 ""Линьчэнсилу (станция метро) (страница отсутствует)"")\| \|<br>\| \|![[246b0fd5e2020302e2cb41daa25ef369_MD5.png]] ""Гуаньшаньху Гунъюань (станция метро)"")\|![[5bd9a4528cebe18b414a27ef8c490338_MD5.png]]\|?action=edit&redlink=1 ""Гуаньшаньху Гунъюань (станция метро) (страница отсутствует)"")\| \|<br>\| \|![[511509471c12ddc6f94a0229fe4c769a_MD5.png]]\| \|<br>\| \|![[246b0fd5e2020302e2cb41daa25ef369_MD5.png]] ""Гоцзишэнтай Хуэйичжунсинь (станция метро)"")\|![[5bd9a4528cebe18b414a27ef8c490338_MD5.png]]\|?action=edit&redlink=1";;;;;;;;
383f2a86-ff47-4808-bab5-a7fef3a8abda;knowledge_base\Транспорт Дельты.md;"\|<br>\| \|![[246b0fd5e2020302e2cb41daa25ef369_MD5.png]] ""Гоцзишэнтай Хуэйичжунсинь (станция метро)"")\|![[5bd9a4528cebe18b414a27ef8c490338_MD5.png]]\|?action=edit&redlink=1 ""Гоцзишэнтай Хуэйичжунсинь (станция метро) (страница отсутствует)"")\| \|<br>\| \|![[246b0fd5e2020302e2cb41daa25ef369_MD5.png]] ""Янгуань (станция метро)"")\|![[5bd9a4528cebe18b414a27ef8c490338_MD5.png]]\|?action=edit&redlink=1 ""Янгуань (станция метро) (страница отсутствует)"")\| \|<br>\| \|![[246b0fd5e2020302e2cb41daa25ef369_MD5.png]] ""Синьчжай (станция метро)"")\|![[5bd9a4528cebe18b414a27ef8c490338_MD5.png]]\|?action=edit&redlink=1 ""Синьчжай (станция метро) (страница отсутствует)"")\| \|<br>\| \|![[246b0fd5e2020302e2cb41daa25ef369_MD5.png]] ""Байлуху (станция метро)"")\|![[5bd9a4528cebe18b414a27ef8c490338_MD5.png]]\|?action=edit&redlink=1 ""Байлуху (станция метро) (страница отсутствует)"")\| \|<br>\| \|![[511509471c12ddc6f94a0229fe4c769a_MD5.png]]\| \|<br>\|";;;;;;;;
798633a7-8133-4591-a436-013b3753d655;knowledge_base\Транспорт Дельты.md;"""Байлуху (станция метро) (страница отсутствует)"")\| \|<br>\| \|![[511509471c12ddc6f94a0229fe4c769a_MD5.png]]\| \|<br>\| \|![[bde2d68b9df32b5ebd71f881011cae1e_MD5.png]]<br><br>![[246b0fd5e2020302e2cb41daa25ef369_MD5.png]] ""Гуйянбэйчжань (станция метро)"")\|![[5bd9a4528cebe18b414a27ef8c490338_MD5.png]]\|?action=edit&redlink=1 ""Гуйянбэйчжань (станция метро) (страница отсутствует)"")\| \|<br>\| \|![[5033810f5d443292ea1d60bbc394bf57_MD5.png]]\| \|<br>\| \|![[03cd6d6ce66cee56c078607cc51b1108_MD5.png]]<br><br>![[3a6ba34bcc8e1f61c28e1253520f3b60_MD5.png]]<br><br>![[848400e0db60844bb339e0343ff2bc52_MD5.png]]<br><br>![[fc95b234c78ff7c1a6483ab9a8c5de07_MD5.png]]<br><br>![[3a6ba34bcc8e1f61c28e1253520f3b60_MD5.png]]\|<br>\| \|![[e79504c4dcfd84ed4a371511081136ea_MD5.png]] ""Ягуань (станция метро)"")\|![[5bd9a4528cebe18b414a27ef8c490338_MD5.png]]\|?action=edit&redlink=1 ""Ягуань (станция метро) (страница отсутствует)"")\| \|<br>\| \|![[8d5691638ac92fb03b0a3b64004f2574_MD5.png]]\|";;;;;;;;
24cbf970-6c00-4014-b015-f9bc2ea60fba;knowledge_base\Транспорт Дельты.md;"метро)"")\|![[5bd9a4528cebe18b414a27ef8c490338_MD5.png]]\|?action=edit&redlink=1 ""Ягуань (станция метро) (страница отсутствует)"")\| \|<br>\| \|![[8d5691638ac92fb03b0a3b64004f2574_MD5.png]]\| \|<br>\| \|![[5de12dd9b27f48ce87dde39c80976e9f_MD5.png]]\| \|<br>\| \|![[246b0fd5e2020302e2cb41daa25ef369_MD5.png]] ""Наньялу (станция метро)"")\|![[5bd9a4528cebe18b414a27ef8c490338_MD5.png]]\|?action=edit&redlink=1 ""Наньялу (станция метро) (страница отсутствует)"")\| \|<br>\| \|![[246b0fd5e2020302e2cb41daa25ef369_MD5.png]] ""Багэянь (станция метро)"")\|![[5bd9a4528cebe18b414a27ef8c490338_MD5.png]]\|?action=edit&redlink=1 ""Багэянь (станция метро) (страница отсутствует)"")\| \|<br>\| \|![[fc871c81ef80ffae8c536895cf010091_MD5.png]] ""Бэйцзинлу (станция метро)"")<br><br>![[246b0fd5e2020302e2cb41daa25ef369_MD5.png]]<br><br>![[460be7e47046ad24fbbdda4571f4e041_MD5.png]] ""Бэйцзинлу (станция";;;;;;;;
db77d54e-9d78-4a53-9a24-3226b82cba82;knowledge_base\Транспорт Дельты.md;"""Бэйцзинлу (станция метро)"")<br><br>![[246b0fd5e2020302e2cb41daa25ef369_MD5.png]]<br><br>![[460be7e47046ad24fbbdda4571f4e041_MD5.png]] ""Бэйцзинлу (станция метро)"")<br><br>![[8a05c8b29b56edb5176d10a0e9cd3464_MD5.png]]\|![[5bd9a4528cebe18b414a27ef8c490338_MD5.png]]\|?action=edit&redlink=1 ""Бэйцзинлу (станция метро) (страница отсутствует)"")\| \|<br>\| \|![[ac20bc6f526a2768e02f55654e8a0684_MD5.png]]\| \|<br>\| \|![[fc871c81ef80ffae8c536895cf010091_MD5.png]] ""Пэньшуйчи (станция метро)"")<br><br>![[246b0fd5e2020302e2cb41daa25ef369_MD5.png]]<br><br>![[460be7e47046ad24fbbdda4571f4e041_MD5.png]] ""Пэньшуйчи (станция метро)"")<br><br>![[08112ff4a4559296cbe5ed1d180a99a5_MD5.png]]\|![[5bd9a4528cebe18b414a27ef8c490338_MD5.png]]\|?action=edit&redlink=1 ""Пэньшуйчи (станция метро) (страница отсутствует)"")\| \|<br>\| \|![[246b0fd5e2020302e2cb41daa25ef369_MD5.png]] ""Чжуншаньсилу (станция метро)"")\|![[5bd9a4528cebe18b414a27ef8c490338_MD5.png]]\|?action=edit&redlink=1 ""Чжуншаньсилу (станция";;;;;;;;
87f01bb1-cc94-4620-a244-1130c8b3bf7f;knowledge_base\Транспорт Дельты.md;"\|<br>\| \|![[246b0fd5e2020302e2cb41daa25ef369_MD5.png]] ""Чжуншаньсилу (станция метро)"")\|![[5bd9a4528cebe18b414a27ef8c490338_MD5.png]]\|?action=edit&redlink=1 ""Чжуншаньсилу (станция метро) (страница отсутствует)"")\| \|<br>\| \|![[246b0fd5e2020302e2cb41daa25ef369_MD5.png]] ""Хэбинь Гунъюань (станция метро)"")\|![[5bd9a4528cebe18b414a27ef8c490338_MD5.png]]\|?action=edit&redlink=1 ""Хэбинь Гунъюань (станция метро) (страница отсутствует)"")\| \|<br>\| \|![[ef2ee0a23fe96c9f066e99eae64bcb67_MD5.png]]\| \|<br>\| \|![[bde2d68b9df32b5ebd71f881011cae1e_MD5.png]] ""Гуйян (вокзал)"")<br><br>![[246b0fd5e2020302e2cb41daa25ef369_MD5.png]] ""Гуйянхочэчжань (станция метро)"")\|![[5bd9a4528cebe18b414a27ef8c490338_MD5.png]]\|?action=edit&redlink=1 ""Гуйянхочэчжань (станция метро) (страница отсутствует)"")\| \|<br>\| \|![[246b0fd5e2020302e2cb41daa25ef369_MD5.png]] ""Шачунлу (станция метро)"")\|![[5bd9a4528cebe18b414a27ef8c490338_MD5.png]]\|?action=edit&redlink=1 ""Шачунлу (станция метро)";;;;;;;;
f58c1c7a-57ee-458f-aa2a-dad9f3abe41e;knowledge_base\Транспорт Дельты.md;"\|<br>\| \|![[246b0fd5e2020302e2cb41daa25ef369_MD5.png]] ""Шачунлу (станция метро)"")\|![[5bd9a4528cebe18b414a27ef8c490338_MD5.png]]\|?action=edit&redlink=1 ""Шачунлу (станция метро) (страница отсутствует)"")\| \|<br>\| \|![[246b0fd5e2020302e2cb41daa25ef369_MD5.png]] ""Ванчэнпо (станция метро)"")\|![[5bd9a4528cebe18b414a27ef8c490338_MD5.png]]\|?action=edit&redlink=1 ""Ванчэнпо (станция метро) (страница отсутствует)"")\| \|<br>\| \|![[ef2ee0a23fe96c9f066e99eae64bcb67_MD5.png]]\| \|<br>\| \|![[246b0fd5e2020302e2cb41daa25ef369_MD5.png]] ""Чжуцзянлу (станция метро)"")\|![[5bd9a4528cebe18b414a27ef8c490338_MD5.png]]\|?action=edit&redlink=1 ""Чжуцзянлу (станция метро) (страница отсутствует)"")\| \|<br>\| \|![[246b0fd5e2020302e2cb41daa25ef369_MD5.png]] ""Чанцзянлу (станция метро)"")\|![[5bd9a4528cebe18b414a27ef8c490338_MD5.png]]\|?action=edit&redlink=1 ""Чанцзянлу (станция метро) (страница отсутствует)"")\| \|<br>\| \|![[246b0fd5e2020302e2cb41daa25ef369_MD5.png]] ""Циншуйцзянлу";;;;;;;;
ab4017f3-89ca-4619-829f-cdcf43ae718d;knowledge_base\Транспорт Дельты.md;"""Чанцзянлу (станция метро) (страница отсутствует)"")\| \|<br>\| \|![[246b0fd5e2020302e2cb41daa25ef369_MD5.png]] ""Циншуйцзянлу (станция метро)"")\|![[5bd9a4528cebe18b414a27ef8c490338_MD5.png]]\|?action=edit&redlink=1 ""Циншуйцзянлу (станция метро) (страница отсутствует)"")\| \|<br>\| \|![[68a77cb9e78b8f8b57b9a13bc1cfcb97_MD5.png]]\| \|<br>\| \|![[5c2b8d0c93f0fda2fdd125be3a088938_MD5.png]]\| \|<br>\| \|![[eca40ead7d0dc96f03cb209455836871_MD5.png]]\| \|<br>\| \|![[5f6efc1096054c13946b6943a4856efb_MD5.png]]\| \|<br>\| \|![[246b0fd5e2020302e2cb41daa25ef369_MD5.png]] ""Сяомэн Гунъеюань (станция метро)"")\|![[5bd9a4528cebe18b414a27ef8c490338_MD5.png]]\|?action=edit&redlink=1 ""Сяомэн Гунъеюань (станция метро) (страница отсутствует)"")\| \|<br>\| \|![[a527c0eaac8e3e01f29510aff700fa9c_MD5.png]]\| \|<br>\| \|![[cc84f17615a66eaa5082e90d00cb71a5_MD5.png]]\| \|<br>\||";;;;;;;;
fa02f357-2fdb-4ab1-a37d-533be2ff3915;knowledge_base\Транспорт Дельты.md;"|Линия 2| |---| |![[effc0f5b47f48937476206a410f1ea73_MD5.webp]] ""Перейти к шаблону «Линия 2 (Гуйян)»"")<br><br>|";;;;;;;;
33da8d1e-e838-4737-acde-80db31044baa;knowledge_base\Транспорт Дельты.md;"|\| \| \| \| \| \| \| \|<br>\|---\|---\|---\|---\|---\|---\|---\|<br>\| \|![[1dd207120e0ab19b4b4d83ee12aa5d7f_MD5.png]]\| \|<br>\| \|![[3ba5288fa9d4c47ab6b10b1b92bc6f3e_MD5.png]]\| \|<br>\| \|![[efa77ca6d58a6e89048be468451007a2_MD5.png]]\| \|<br>\| \|![[cc0b785473921882000363de8fc84e47_MD5.png]]<br><br>![[3677dc14bebc2997f0f0a52149f5dcf3_MD5.png]]<br><br>![[06359a09ee19a0231156f77df6c37468_MD5.png]]\| \|<br>\| \|![[08112ff4a4559296cbe5ed1d180a99a5_MD5.png]] ""Байюньбэй (станция метро)"")\|![[5bd9a4528cebe18b414a27ef8c490338_MD5.png]]\|?action=edit&redlink=1 ""Байюньбэй (станция метро) (страница отсутствует)"")\| \|<br>\| \|![[2546a305049be6a1d9ea4466c05c3cb1_MD5.png]]\| \|<br>\| \|![[08112ff4a4559296cbe5ed1d180a99a5_MD5.png]] ""Байюньчжунлу (станция метро)"")\|![[5bd9a4528cebe18b414a27ef8c490338_MD5.png]]\|?action=edit&redlink=1 ""Байюньчжунлу (станция метро) (страница отсутствует)"")\| \|<br>\| \|![[08112ff4a4559296cbe5ed1d180a99a5_MD5.png]]";;;;;;;;
4794c86b-6080-414b-8e13-cef6196ac86a;knowledge_base\Транспорт Дельты.md;"метро)"")\|![[5bd9a4528cebe18b414a27ef8c490338_MD5.png]]\|?action=edit&redlink=1 ""Байюньчжунлу (станция метро) (страница отсутствует)"")\| \|<br>\| \|![[08112ff4a4559296cbe5ed1d180a99a5_MD5.png]] ""Юньфэндадао (станция метро)"")\|![[5bd9a4528cebe18b414a27ef8c490338_MD5.png]]\|?action=edit&redlink=1 ""Юньфэндадао (станция метро) (страница отсутствует)"")\| \|<br>\| \|![[fcdfaaca479ef85dae7b879fbadd6698_MD5.png]]\| \|<br>\| \|![[08112ff4a4559296cbe5ed1d180a99a5_MD5.png]] ""Цюаньху Гунъюань (станция метро)"")\|![[5bd9a4528cebe18b414a27ef8c490338_MD5.png]]\|?action=edit&redlink=1 ""Цюаньху Гунъюань (станция метро) (страница отсутствует)"")\| \|<br>\| \|![[08112ff4a4559296cbe5ed1d180a99a5_MD5.png]] ""Фэнлиньлу (станция метро)"")\|![[5bd9a4528cebe18b414a27ef8c490338_MD5.png]]\|?action=edit&redlink=1 ""Фэнлиньлу (станция метро) (страница отсутствует)"")\| \|<br>\| \|![[d4d10beaac896fc6c9a96936148bcb79_MD5.png]]\| \|<br>\| \|![[08112ff4a4559296cbe5ed1d180a99a5_MD5.png]] ""Чэнсиньлу";;;;;;;;
57b9b69e-b197-4cb1-af23-b1010b2de4af;knowledge_base\Транспорт Дельты.md;"""Фэнлиньлу (станция метро) (страница отсутствует)"")\| \|<br>\| \|![[d4d10beaac896fc6c9a96936148bcb79_MD5.png]]\| \|<br>\| \|![[08112ff4a4559296cbe5ed1d180a99a5_MD5.png]] ""Чэнсиньлу (станция метро)"")\|![[5bd9a4528cebe18b414a27ef8c490338_MD5.png]]\|?action=edit&redlink=1 ""Чэнсиньлу (станция метро) (страница отсутствует)"")\| \|<br>\| \|![[415332f595038dce0c0cfac151866f2c_MD5.png]]<br><br>![[81b7f259fda55e6bc621ec1d7b7c4384_MD5.png]]\|?action=edit&redlink=1 ""Линия 1 (Транспорт Дельты) (страница отсутствует)"")\| \|<br>\| \|![[fc871c81ef80ffae8c536895cf010091_MD5.png]] ""Линьчэнсилу (станция метро)"")<br><br>![[08112ff4a4559296cbe5ed1d180a99a5_MD5.png]]<br><br>![[460be7e47046ad24fbbdda4571f4e041_MD5.png]] ""Линьчэнсилу (станция метро)"")<br><br>![[246b0fd5e2020302e2cb41daa25ef369_MD5.png]]\|![[5bd9a4528cebe18b414a27ef8c490338_MD5.png]]\|?action=edit&redlink=1 ""Линьчэнсилу (станция метро) (страница отсутствует)"")\| \|<br>\| \|![[08112ff4a4559296cbe5ed1d180a99a5_MD5.png]]";;;;;;;;
a5f2964c-4fb5-4cb3-8141-1f4296504c67;knowledge_base\Транспорт Дельты.md;"""Линьчэнсилу (станция метро) (страница отсутствует)"")\| \|<br>\| \|![[08112ff4a4559296cbe5ed1d180a99a5_MD5.png]] ""Гуаншаньсилу (станция метро)"")\|![[5bd9a4528cebe18b414a27ef8c490338_MD5.png]]\|?action=edit&redlink=1 ""Гуаншаньсилу (станция метро) (страница отсутствует)"")\| \|<br>\| \|![[08112ff4a4559296cbe5ed1d180a99a5_MD5.png]] ""Синчжулу (станция метро)"")\|![[5bd9a4528cebe18b414a27ef8c490338_MD5.png]]\|?action=edit&redlink=1 ""Синчжулу (станция метро) (страница отсутствует)"")\| \|<br>\| \|![[fcdfaaca479ef85dae7b879fbadd6698_MD5.png]]\| \|<br>\| \|![[cc0b785473921882000363de8fc84e47_MD5.png]]<br><br>![[566101b0d66366972bc909e12649727f_MD5.png]]\| \|<br>\| \|![[08112ff4a4559296cbe5ed1d180a99a5_MD5.png]] ""Цзиньянъиюань (станция метро)"")\|![[5bd9a4528cebe18b414a27ef8c490338_MD5.png]]\|?action=edit&redlink=1 ""Цзиньянъиюань (станция метро) (страница отсутствует)"")\| \|<br>\| \|![[08112ff4a4559296cbe5ed1d180a99a5_MD5.png]] ""Цзиньяннаньлу (станция";;;;;;;;
42db7be0-4f7c-496d-8796-f6e0e9d4e72c;knowledge_base\Транспорт Дельты.md;"""Цзиньянъиюань (станция метро) (страница отсутствует)"")\| \|<br>\| \|![[08112ff4a4559296cbe5ed1d180a99a5_MD5.png]] ""Цзиньяннаньлу (станция метро)"")\|![[5bd9a4528cebe18b414a27ef8c490338_MD5.png]]\|?action=edit&redlink=1 ""Цзиньяннаньлу (станция метро) (страница отсутствует)"")\| \|<br>\| \|![[08112ff4a4559296cbe5ed1d180a99a5_MD5.png]] ""Чаюань (станция метро)"")\|![[5bd9a4528cebe18b414a27ef8c490338_MD5.png]]\|?action=edit&redlink=1 ""Чаюань (станция метро) (страница отсутствует)"")\| \|<br>\| \|![[d4d10beaac896fc6c9a96936148bcb79_MD5.png]]\| \|<br>\| \|![[08112ff4a4559296cbe5ed1d180a99a5_MD5.png]] ""Байхуададао (станция метро)"")\|![[5bd9a4528cebe18b414a27ef8c490338_MD5.png]]\|?action=edit&redlink=1 ""Байхуададао (станция метро) (страница отсутствует)"")\| \|<br>\| \|![[2546a305049be6a1d9ea4466c05c3cb1_MD5.png]]\| \|<br>\| \|![[cc0b785473921882000363de8fc84e47_MD5.png]]<br><br>![[81b7f259fda55e6bc621ec1d7b7c4384_MD5.png]]\| \|<br>\|";;;;;;;;
36708c4f-753b-4b03-bd68-29988743ebe1;knowledge_base\Транспорт Дельты.md;"\|<br>\| \|![[2546a305049be6a1d9ea4466c05c3cb1_MD5.png]]\| \|<br>\| \|![[cc0b785473921882000363de8fc84e47_MD5.png]]<br><br>![[81b7f259fda55e6bc621ec1d7b7c4384_MD5.png]]\| \|<br>\| \|![[08112ff4a4559296cbe5ed1d180a99a5_MD5.png]] ""Маванмяо (станция метро)"")\|![[5bd9a4528cebe18b414a27ef8c490338_MD5.png]]\|?action=edit&redlink=1 ""Маванмяо (станция метро) (страница отсутствует)"")\| \|<br>\| \|![[08112ff4a4559296cbe5ed1d180a99a5_MD5.png]] ""Бейцзинсилу (станция метро)"")\|![[5bd9a4528cebe18b414a27ef8c490338_MD5.png]]\|?action=edit&redlink=1 ""Бейцзинсилу (станция метро) (страница отсутствует)"")\| \|<br>\| \|![[08112ff4a4559296cbe5ed1d180a99a5_MD5.png]] ""Гайчалу (станция метро)"")\|![[5bd9a4528cebe18b414a27ef8c490338_MD5.png]]\|?action=edit&redlink=1 ""Гайчалу (станция метро) (страница отсутствует)"")\| \|<br>\| \|![[08112ff4a4559296cbe5ed1d180a99a5_MD5.png]] ""Цяньчуньлу (станция метро)"")\|![[5bd9a4528cebe18b414a27ef8c490338_MD5.png]]\|?action=edit&redlink=1 ""Цяньчуньлу";;;;;;;;
ba4d90ae-d625-409e-a7f2-9106dd7a173f;knowledge_base\Транспорт Дельты.md;"отсутствует)"")\| \|<br>\| \|![[08112ff4a4559296cbe5ed1d180a99a5_MD5.png]] ""Цяньчуньлу (станция метро)"")\|![[5bd9a4528cebe18b414a27ef8c490338_MD5.png]]\|?action=edit&redlink=1 ""Цяньчуньлу (станция метро) (страница отсутствует)"")\| \|<br>\| \|![[415332f595038dce0c0cfac151866f2c_MD5.png]]<br><br>![[81b7f259fda55e6bc621ec1d7b7c4384_MD5.png]]\|?action=edit&redlink=1 ""Линия 3 (Транспорт Дельты) (страница отсутствует)"")\| \|<br>\| \|![[fc871c81ef80ffae8c536895cf010091_MD5.png]] ""Яньаньсилу (станция метро)"")<br><br>![[08112ff4a4559296cbe5ed1d180a99a5_MD5.png]]<br><br>![[460be7e47046ad24fbbdda4571f4e041_MD5.png]] ""Яньаньсилу (станция метро)"")<br><br>![[8a05c8b29b56edb5176d10a0e9cd3464_MD5.png]]\|![[5bd9a4528cebe18b414a27ef8c490338_MD5.png]]\|?action=edit&redlink=1 ""Яньаньсилу (станция метро) (страница отсутствует)"")\| \|<br>\| \|![[d4d10beaac896fc6c9a96936148bcb79_MD5.png]]\| \|<br>\| \|![[08112ff4a4559296cbe5ed1d180a99a5_MD5.png]] ""Цзылиньань (станция";;;;;;;;
800936be-e4d7-4fa6-acee-72a64ac16683;knowledge_base\Транспорт Дельты.md;"""Яньаньсилу (станция метро) (страница отсутствует)"")\| \|<br>\| \|![[d4d10beaac896fc6c9a96936148bcb79_MD5.png]]\| \|<br>\| \|![[08112ff4a4559296cbe5ed1d180a99a5_MD5.png]] ""Цзылиньань (станция метро)"")\|![[5bd9a4528cebe18b414a27ef8c490338_MD5.png]]\|?action=edit&redlink=1 ""Цзылиньань (станция метро) (страница отсутствует)"")\| \|<br>\| \|![[fc871c81ef80ffae8c536895cf010091_MD5.png]] ""Пэньшуйчи (станция метро)"")<br><br>![[08112ff4a4559296cbe5ed1d180a99a5_MD5.png]]<br><br>![[460be7e47046ad24fbbdda4571f4e041_MD5.png]] ""Пэньшуйчи (станция метро)"")<br><br>![[246b0fd5e2020302e2cb41daa25ef369_MD5.png]]\|![[5bd9a4528cebe18b414a27ef8c490338_MD5.png]]\|?action=edit&redlink=1 ""Пэньшуйчи (станция метро) (страница отсутствует)"")\| \|<br>\| \|![[08112ff4a4559296cbe5ed1d180a99a5_MD5.png]] ""Янминцы (станция метро)"")\|![[5bd9a4528cebe18b414a27ef8c490338_MD5.png]]\|?action=edit&redlink=1 ""Янминцы (станция метро) (страница отсутствует)"")\| \|<br>\|";;;;;;;;
f2913648-ba51-46c9-aa81-96712e8dd016;knowledge_base\Транспорт Дельты.md;"""Янминцы (станция метро)"")\|![[5bd9a4528cebe18b414a27ef8c490338_MD5.png]]\|?action=edit&redlink=1 ""Янминцы (станция метро) (страница отсутствует)"")\| \|<br>\| \|![[fcdfaaca479ef85dae7b879fbadd6698_MD5.png]]\| \|<br>\| \|![[08112ff4a4559296cbe5ed1d180a99a5_MD5.png]] ""Синжэньминьиюань (станция метро)"")\|![[5bd9a4528cebe18b414a27ef8c490338_MD5.png]]\|?action=edit&redlink=1 ""Синжэньминьиюань (станция метро) (страница отсутствует)"")\| \|<br>\| \|![[08112ff4a4559296cbe5ed1d180a99a5_MD5.png]] ""Баошаньнаньлу (станция метро)"")\|![[5bd9a4528cebe18b414a27ef8c490338_MD5.png]]\|?action=edit&redlink=1 ""Баошаньнаньлу (станция метро) (страница отсутствует)"")\| \|<br>\| \|![[2546a305049be6a1d9ea4466c05c3cb1_MD5.png]]\| \|<br>\| \|![[08112ff4a4559296cbe5ed1d180a99a5_MD5.png]] ""Ючжацзе (станция метро)"")\|![[5bd9a4528cebe18b414a27ef8c490338_MD5.png]]\|?action=edit&redlink=1 ""Ючжацзе (станция метро) (страница отсутствует)"")\| \|<br>\| \|![[08112ff4a4559296cbe5ed1d180a99a5_MD5.png]]";;;;;;;;
4b0f64a0-ba5f-46ac-a1a9-d4e553b6d43a;knowledge_base\Транспорт Дельты.md;"метро)"")\|![[5bd9a4528cebe18b414a27ef8c490338_MD5.png]]\|?action=edit&redlink=1 ""Ючжацзе (станция метро) (страница отсутствует)"")\| \|<br>\| \|![[08112ff4a4559296cbe5ed1d180a99a5_MD5.png]] ""Гуйган (станция метро)"")\|![[5bd9a4528cebe18b414a27ef8c490338_MD5.png]]\|?action=edit&redlink=1 ""Гуйган (станция метро) (страница отсутствует)"")\| \|<br>\| \|![[cc0b785473921882000363de8fc84e47_MD5.png]]<br><br>![[566101b0d66366972bc909e12649727f_MD5.png]]\| \|<br>\| \|![[08112ff4a4559296cbe5ed1d180a99a5_MD5.png]] ""Фуюаньбэйлу (станция метро)"")\|![[5bd9a4528cebe18b414a27ef8c490338_MD5.png]]\|?action=edit&redlink=1 ""Фуюаньбэйлу (станция метро) (страница отсутствует)"")\| \|<br>\| \|![[d4d10beaac896fc6c9a96936148bcb79_MD5.png]]\| \|<br>\| \|![[08112ff4a4559296cbe5ed1d180a99a5_MD5.png]] ""Сэньлинь Гунъюань (станция метро)"")\|![[5bd9a4528cebe18b414a27ef8c490338_MD5.png]]\|?action=edit&redlink=1 ""Сэньлинь Гунъюань (станция метро) (страница отсутствует)"")\| \|<br>\|";;;;;;;;
9018aa0a-dad9-4bcc-9285-27b79b4b57fb;knowledge_base\Транспорт Дельты.md;"""Сэньлинь Гунъюань (станция метро)"")\|![[5bd9a4528cebe18b414a27ef8c490338_MD5.png]]\|?action=edit&redlink=1 ""Сэньлинь Гунъюань (станция метро) (страница отсутствует)"")\| \|<br>\| \|![[fa6273727abb0c51dcf4713e4bba216d_MD5.png]]\| \|<br>\| \|![[03cd6d6ce66cee56c078607cc51b1108_MD5.png]]<br><br>![[3a6ba34bcc8e1f61c28e1253520f3b60_MD5.png]]<br><br>![[fb2de6318e1521a5e4880b4ddabc9fbe_MD5.png]]<br><br>![[fc95b234c78ff7c1a6483ab9a8c5de07_MD5.png]]<br><br>![[3a6ba34bcc8e1f61c28e1253520f3b60_MD5.png]]\|<br>\| \|![[c289efecf3f23e5462e6d50991aa4303_MD5.png]]\| \|<br>\| \|![[08112ff4a4559296cbe5ed1d180a99a5_MD5.png]] ""Цзяньлундун (станция метро)"")\|![[5bd9a4528cebe18b414a27ef8c490338_MD5.png]]\|?action=edit&redlink=1 ""Цзяньлундун (станция метро) (страница отсутствует)"")\| \|<br>\| \|![[2546a305049be6a1d9ea4466c05c3cb1_MD5.png]]\| \|<br>\| \|![[a06c64b106da0714a7878cd8f552af32_MD5.png]] ""Лундунбао";;;;;;;;
7c17239a-9615-42e0-b67c-908cd107be4c;knowledge_base\Транспорт Дельты.md;"""Цзяньлундун (станция метро) (страница отсутствует)"")\| \|<br>\| \|![[2546a305049be6a1d9ea4466c05c3cb1_MD5.png]]\| \|<br>\| \|![[a06c64b106da0714a7878cd8f552af32_MD5.png]] ""Лундунбао (аэропорт)"")<br><br>![[bde2d68b9df32b5ebd71f881011cae1e_MD5.png]]<br><br>![[08112ff4a4559296cbe5ed1d180a99a5_MD5.png]] ""Лундунбао Цзичан (станция метро)"")\|![[5bd9a4528cebe18b414a27ef8c490338_MD5.png]]\|?action=edit&redlink=1 ""Лундунбао Цзичан (станция метро) (страница отсутствует)"")\| \|<br>\| \|![[08112ff4a4559296cbe5ed1d180a99a5_MD5.png]] ""Сяоби (станция метро)"")\|![[5bd9a4528cebe18b414a27ef8c490338_MD5.png]]\|?action=edit&redlink=1 ""Сяоби (станция метро) (страница отсутствует)"")\| \|<br>\| \|![[fa6273727abb0c51dcf4713e4bba216d_MD5.png]]\| \|<br>\|";;;;;;;;
1eaf05a6-86c8-45e4-8e5d-977a9ab09912;knowledge_base\Транспорт Дельты.md;"""Сяоби (станция метро) (страница отсутствует)"")\| \|<br>\| \|![[fa6273727abb0c51dcf4713e4bba216d_MD5.png]]\| \|<br>\| \|![[03cd6d6ce66cee56c078607cc51b1108_MD5.png]]<br><br>![[3a6ba34bcc8e1f61c28e1253520f3b60_MD5.png]]<br><br>![[fb2de6318e1521a5e4880b4ddabc9fbe_MD5.png]]<br><br>![[fc95b234c78ff7c1a6483ab9a8c5de07_MD5.png]]<br><br>![[3a6ba34bcc8e1f61c28e1253520f3b60_MD5.png]]\|<br>\| \|![[699ba0f31c78936fdfcd0739884caf97_MD5.png]] ""Юньпань (станция метро)"")\|![[5bd9a4528cebe18b414a27ef8c490338_MD5.png]]\|?action=edit&redlink=1 ""Юньпань (станция метро) (страница отсутствует)"")\| \|<br>\| \|![[e9515659d0de4390d4f9a9b73d0fb16d_MD5.png]]\| \|<br>\| \|![[699ba0f31c78936fdfcd0739884caf97_MD5.png]] ""Чжунсинлу (станция метро)"")\|![[5bd9a4528cebe18b414a27ef8c490338_MD5.png]]\|?action=edit&redlink=1 ""Чжунсинлу (станция метро) (страница отсутствует)"")\| \|<br>\| \|![[a080c158edad966a982c1890eae84b08_MD5.png]]\| \|<br>\| \|![[c93fe570e07de216f376e3d892b26af0_MD5.png]]\|";;;;;;;;
43fc1f99-43e8-4999-9ecc-08a9f5255925;knowledge_base\Транспорт Дельты.md;"""Чжунсинлу (станция метро) (страница отсутствует)"")\| \|<br>\| \|![[a080c158edad966a982c1890eae84b08_MD5.png]]\| \|<br>\| \|![[c93fe570e07de216f376e3d892b26af0_MD5.png]]\| \|<br>\| \|![[d228c12ff5937f50f91aa36a56c0f583_MD5.png]]\| \|<br>\| \|![[e10cd613bbd67e7944c5a85755003d97_MD5.png]]\| \|<br>\||";;;;;;;;
0ff26b72-aead-4368-b7db-c5e65d90a0a7;knowledge_base\Транспорт Дельты.md;"|Линия 3| |---| |![[effc0f5b47f48937476206a410f1ea73_MD5.webp]] ""Перейти к шаблону «Линия 3 (Гуйян)»"")<br><br>|";;;;;;;;
d844d412-cc3b-4b29-96a5-c9b7caaaca01;knowledge_base\Транспорт Дельты.md;"|\| \| \| \| \| \| \| \|<br>\|---\|---\|---\|---\|---\|---\|---\|<br>\| \|![[0962d4e3347096722ebf765433552a3f_MD5.png]]\| \|<br>\| \|![[6487e73ece284d62e2a6a2c9d288a988_MD5.png]]\| \|<br>\| \|![[04a524592f52dfe05897c60717cad49d_MD5.png]]\| \|<br>\| \|![[f07f8829321da4b3f30ea8d5b9b718bb_MD5.png]]<br><br>![[5b546a0c8fdae6f5a8bfc884669ac6b4_MD5.png]]<br><br>![[cadc3ee2a19935471c62990f994767a3_MD5.png]]\| \|<br>\| \|![[8a05c8b29b56edb5176d10a0e9cd3464_MD5.png]] ""Ловань (станция метро)"")\|![[5bd9a4528cebe18b414a27ef8c490338_MD5.png]]\|?action=edit&redlink=1 ""Ловань (станция метро) (страница отсутствует)"")\| \|<br>\| \|![[870a3d1561c6a47ab3c6ee1970025e9c_MD5.png]]\| \|<br>\| \|![[8114cf0abf3df7abf01df9a7df96d578_MD5.png]]\| \|<br>\|";;;;;;;;
d17c70c3-1cdc-44a6-9899-58d2c1c8fff7;knowledge_base\Транспорт Дельты.md;"""Ловань (станция метро) (страница отсутствует)"")\| \|<br>\| \|![[870a3d1561c6a47ab3c6ee1970025e9c_MD5.png]]\| \|<br>\| \|![[8114cf0abf3df7abf01df9a7df96d578_MD5.png]]\| \|<br>\| \|![[03cd6d6ce66cee56c078607cc51b1108_MD5.png]]<br><br>![[3a6ba34bcc8e1f61c28e1253520f3b60_MD5.png]]<br><br>![[3ada383e97494db92cfaf4ce3b118976_MD5.png]]<br><br>![[fc95b234c78ff7c1a6483ab9a8c5de07_MD5.png]]<br><br>![[3a6ba34bcc8e1f61c28e1253520f3b60_MD5.png]]\|<br>\| \|![[ff443194feaa5ecb95e93b438e5d2407_MD5.png]]\| \|<br>\| \|![[8a05c8b29b56edb5176d10a0e9cd3464_MD5.png]]_\(%D1%81%D1%82%D0%B0%D0%BD%D1%86%D0%B8%D1%8F_%D0%BC%D0%B5%D1%82%D1%80%D0%BE\) ""Дунфэн (Гуйцяньиюань) (станция метро)"")\|![[5bd9a4528cebe18b414a27ef8c490338_MD5.png]]\|_\(%D1%81%D1%82%D0%B0%D0%BD%D1%86%D0%B8%D1%8F_%D0%BC%D0%B5%D1%82%D1%80%D0%BE\)?action=edit&redlink=1 ""Дунфэн (Гуйцяньиюань) (станция метро) (страница отсутствует)"")\| \|<br>\| \|![[8114cf0abf3df7abf01df9a7df96d578_MD5.png]]\| \|<br>\|";;;;;;;;
5fdda72c-5e17-42ea-8943-9c562f1a5e19;knowledge_base\Транспорт Дельты.md;"""Дунфэн (Гуйцяньиюань) (станция метро) (страница отсутствует)"")\| \|<br>\| \|![[8114cf0abf3df7abf01df9a7df96d578_MD5.png]]\| \|<br>\| \|![[03cd6d6ce66cee56c078607cc51b1108_MD5.png]]<br><br>![[3a6ba34bcc8e1f61c28e1253520f3b60_MD5.png]]<br><br>![[3ada383e97494db92cfaf4ce3b118976_MD5.png]]<br><br>![[fc95b234c78ff7c1a6483ab9a8c5de07_MD5.png]]<br><br>![[3a6ba34bcc8e1f61c28e1253520f3b60_MD5.png]]\|<br>\| \|![[ff443194feaa5ecb95e93b438e5d2407_MD5.png]]\| \|<br>\| \|![[8a05c8b29b56edb5176d10a0e9cd3464_MD5.png]] ""Шифаньсюэюань (станция метро)"")\|![[5bd9a4528cebe18b414a27ef8c490338_MD5.png]]\|?action=edit&redlink=1 ""Шифаньсюэюань (станция метро) (страница отсутствует)"")\| \|<br>\| \|![[8a05c8b29b56edb5176d10a0e9cd3464_MD5.png]] ""Гаосиньлу (станция метро)"")\|![[5bd9a4528cebe18b414a27ef8c490338_MD5.png]]\|?action=edit&redlink=1 ""Гаосиньлу (станция метро) (страница отсутствует)"")\| \|<br>\| \|![[54c4e5c7ee3c3f1b027e4c81bb6c82bb_MD5.png]]\| \|<br>\|";;;;;;;;
13b10a9f-2407-41ca-85f7-5485a8929916;knowledge_base\Транспорт Дельты.md;"""Гаосиньлу (станция метро) (страница отсутствует)"")\| \|<br>\| \|![[54c4e5c7ee3c3f1b027e4c81bb6c82bb_MD5.png]]\| \|<br>\| \|![[8a05c8b29b56edb5176d10a0e9cd3464_MD5.png]] ""Синьтянь (станция метро)"")\|![[5bd9a4528cebe18b414a27ef8c490338_MD5.png]]\|?action=edit&redlink=1 ""Синьтянь (станция метро) (страница отсутствует)"")\| \|<br>\| \|![[03cd6d6ce66cee56c078607cc51b1108_MD5.png]]<br><br>![[3a6ba34bcc8e1f61c28e1253520f3b60_MD5.png]]<br><br>![[a49647fe28c76d5c129639e330af1ba3_MD5.png]]<br><br>![[fc95b234c78ff7c1a6483ab9a8c5de07_MD5.png]]<br><br>![[3a6ba34bcc8e1f61c28e1253520f3b60_MD5.png]]\|<br>\| \|![[8a05c8b29b56edb5176d10a0e9cd3464_MD5.png]] ""Шуньхай (станция метро)"")\|![[5bd9a4528cebe18b414a27ef8c490338_MD5.png]]\|?action=edit&redlink=1 ""Шуньхай (станция метро) (страница отсутствует)"")\| \|<br>\| \|![[8a05c8b29b56edb5176d10a0e9cd3464_MD5.png]] ""Чадянь (станция метро)"")\|![[5bd9a4528cebe18b414a27ef8c490338_MD5.png]]\|?action=edit&redlink=1 ""Чадянь (станция метро)";;;;;;;;
e0951a7a-83ad-4564-9e07-5f103a7ca782;knowledge_base\Транспорт Дельты.md;"отсутствует)"")\| \|<br>\| \|![[8a05c8b29b56edb5176d10a0e9cd3464_MD5.png]] ""Чадянь (станция метро)"")\|![[5bd9a4528cebe18b414a27ef8c490338_MD5.png]]\|?action=edit&redlink=1 ""Чадянь (станция метро) (страница отсутствует)"")\| \|<br>\| \|![[d61db1d6f4d5ef372d8c7afe15d1af43_MD5.png]]\| \|<br>\| \|![[8a05c8b29b56edb5176d10a0e9cd3464_MD5.png]] ""Даинпо (станция метро)"")\|![[5bd9a4528cebe18b414a27ef8c490338_MD5.png]]\|?action=edit&redlink=1 ""Даинпо (станция метро) (страница отсутствует)"")\| \|<br>\| \|![[8a05c8b29b56edb5176d10a0e9cd3464_MD5.png]] ""Гуйи (станция метро)"")\|![[5bd9a4528cebe18b414a27ef8c490338_MD5.png]]\|?action=edit&redlink=1 ""Гуйи (станция метро) (страница отсутствует)"")\| \|<br>\| \|![[fc871c81ef80ffae8c536895cf010091_MD5.png]] ""Бэйцзинлу (станция метро)"")<br><br>![[8a05c8b29b56edb5176d10a0e9cd3464_MD5.png]]<br><br>![[460be7e47046ad24fbbdda4571f4e041_MD5.png]] ""Бэйцзинлу (станция";;;;;;;;
4192f87b-4137-42aa-b200-2e1c7cc5b34b;knowledge_base\Транспорт Дельты.md;"""Бэйцзинлу (станция метро)"")<br><br>![[8a05c8b29b56edb5176d10a0e9cd3464_MD5.png]]<br><br>![[460be7e47046ad24fbbdda4571f4e041_MD5.png]] ""Бэйцзинлу (станция метро)"")<br><br>![[246b0fd5e2020302e2cb41daa25ef369_MD5.png]]\|![[5bd9a4528cebe18b414a27ef8c490338_MD5.png]]\|?action=edit&redlink=1 ""Бэйцзинлу (станция метро) (страница отсутствует)"")\| \|<br>\| \|![[8a05c8b29b56edb5176d10a0e9cd3464_MD5.png]] ""Цяньлиншань Гунъюань (станция метро)"")\|![[5bd9a4528cebe18b414a27ef8c490338_MD5.png]]\|?action=edit&redlink=1 ""Цяньлиншань Гунъюань (станция метро) (страница отсутствует)"")\| \|<br>\| \|![[fc871c81ef80ffae8c536895cf010091_MD5.png]] ""Яньаньсилу (станция метро)"")<br><br>![[8a05c8b29b56edb5176d10a0e9cd3464_MD5.png]]<br><br>![[460be7e47046ad24fbbdda4571f4e041_MD5.png]] ""Яньаньсилу (станция метро)"")<br><br>![[08112ff4a4559296cbe5ed1d180a99a5_MD5.png]]\|![[5bd9a4528cebe18b414a27ef8c490338_MD5.png]]\|?action=edit&redlink=1 ""Яньаньсилу (станция метро) (страница отсутствует)"")\| \|<br>\|";;;;;;;;
a9615e9d-e837-4950-8230-d4c5a5b155f6;knowledge_base\Транспорт Дельты.md;"""Яньаньсилу (станция метро) (страница отсутствует)"")\| \|<br>\| \|![[5887d5f9cb740ba66e24c9f6efeb30e3_MD5.png]]\| \|<br>\| \|![[3fb8af4382e023cda0e4c2f0c36b6ecc_MD5.png]]<br><br>![[37a597707248cafed1e4383c5195d9c6_MD5.png]]\|?action=edit&redlink=1 ""Линия 2 (Транспорт Дельты) (страница отсутствует)"")\| \|<br>\| \|![[03cd6d6ce66cee56c078607cc51b1108_MD5.png]]<br><br>![[3a6ba34bcc8e1f61c28e1253520f3b60_MD5.png]]<br><br>![[a49647fe28c76d5c129639e330af1ba3_MD5.png]]<br><br>![[fc95b234c78ff7c1a6483ab9a8c5de07_MD5.png]]<br><br>![[3a6ba34bcc8e1f61c28e1253520f3b60_MD5.png]]\|<br>\| \|![[8a05c8b29b56edb5176d10a0e9cd3464_MD5.png]] ""Сунхуалу (станция метро)"")\|![[5bd9a4528cebe18b414a27ef8c490338_MD5.png]]\|?action=edit&redlink=1 ""Сунхуалу (станция метро) (страница отсутствует)"")\| \|<br>\| \|![[54c4e5c7ee3c3f1b027e4c81bb6c82bb_MD5.png]]\| \|<br>\| \|![[8a05c8b29b56edb5176d10a0e9cd3464_MD5.png]] ""Хуагоюань (станция";;;;;;;;
2c5cec90-d9fc-45b7-beee-9b533ef23ec6;knowledge_base\Транспорт Дельты.md;"""Сунхуалу (станция метро) (страница отсутствует)"")\| \|<br>\| \|![[54c4e5c7ee3c3f1b027e4c81bb6c82bb_MD5.png]]\| \|<br>\| \|![[8a05c8b29b56edb5176d10a0e9cd3464_MD5.png]] ""Хуагоюань (станция метро)"")\|![[5bd9a4528cebe18b414a27ef8c490338_MD5.png]]\|?action=edit&redlink=1 ""Хуагоюань (станция метро) (страница отсутствует)"")\| \|<br>\| \|![[8a05c8b29b56edb5176d10a0e9cd3464_MD5.png]] ""Уличун (станция метро)"")\|![[5bd9a4528cebe18b414a27ef8c490338_MD5.png]]\|?action=edit&redlink=1 ""Уличун (станция метро) (страница отсутствует)"")\| \|<br>\| \|![[8a05c8b29b56edb5176d10a0e9cd3464_MD5.png]] ""Тацыцяо (станция метро)"")\|![[5bd9a4528cebe18b414a27ef8c490338_MD5.png]]\|?action=edit&redlink=1 ""Тацыцяо (станция метро) (страница отсутствует)"")\| \|<br>\|";;;;;;;;
1b839086-4b6d-4406-bd9f-87d37bccfdf5;knowledge_base\Транспорт Дельты.md;"""Тацыцяо (станция метро)"")\|![[5bd9a4528cebe18b414a27ef8c490338_MD5.png]]\|?action=edit&redlink=1 ""Тацыцяо (станция метро) (страница отсутствует)"")\| \|<br>\| \|![[03cd6d6ce66cee56c078607cc51b1108_MD5.png]]<br><br>![[3a6ba34bcc8e1f61c28e1253520f3b60_MD5.png]]<br><br>![[a49647fe28c76d5c129639e330af1ba3_MD5.png]]<br><br>![[fc95b234c78ff7c1a6483ab9a8c5de07_MD5.png]]<br><br>![[3a6ba34bcc8e1f61c28e1253520f3b60_MD5.png]]\|<br>\| \|![[8a05c8b29b56edb5176d10a0e9cd3464_MD5.png]] ""Цзаоцзяоцзин (станция метро)"")\|![[5bd9a4528cebe18b414a27ef8c490338_MD5.png]]\|?action=edit&redlink=1 ""Цзаоцзяоцзин (станция метро) (страница отсутствует)"")\| \|<br>\| \|![[5887d5f9cb740ba66e24c9f6efeb30e3_MD5.png]]\| \|<br>\| \|![[8a05c8b29b56edb5176d10a0e9cd3464_MD5.png]]_\(%D1%81%D1%82%D0%B0%D0%BD%D1%86%D0%B8%D1%8F_%D0%BC%D0%B5%D1%82%D1%80%D0%BE\) ""Сыфанхэ (Шэнчжунъиюань) (станция";;;;;;;;
9a1c9af0-f502-4c51-944d-30c72baee7c6;knowledge_base\Транспорт Дельты.md;"\|<br>\| \|![[8a05c8b29b56edb5176d10a0e9cd3464_MD5.png]]_\(%D1%81%D1%82%D0%B0%D0%BD%D1%86%D0%B8%D1%8F_%D0%BC%D0%B5%D1%82%D1%80%D0%BE\) ""Сыфанхэ (Шэнчжунъиюань) (станция метро)"")\|![[5bd9a4528cebe18b414a27ef8c490338_MD5.png]]\|_\(%D1%81%D1%82%D0%B0%D0%BD%D1%86%D0%B8%D1%8F_%D0%BC%D0%B5%D1%82%D1%80%D0%BE\)?action=edit&redlink=1 ""Сыфанхэ (Шэнчжунъиюань) (станция метро) (страница отсутствует)"")\| \|<br>\| \|![[8a05c8b29b56edb5176d10a0e9cd3464_MD5.png]] ""Ганьиньтан (станция метро)"")\|![[5bd9a4528cebe18b414a27ef8c490338_MD5.png]]\|?action=edit&redlink=1 ""Ганьиньтан (станция метро) (страница отсутствует)"")\| \|<br>\| \|![[8a05c8b29b56edb5176d10a0e9cd3464_MD5.png]] ""Чжунцаосы (станция метро)"")\|![[5bd9a4528cebe18b414a27ef8c490338_MD5.png]]\|?action=edit&redlink=1 ""Чжунцаосы (станция метро) (страница отсутствует)"")\| \|<br>\| \|![[54c4e5c7ee3c3f1b027e4c81bb6c82bb_MD5.png]]\| \|<br>\| \|![[8a05c8b29b56edb5176d10a0e9cd3464_MD5.png]] ""Шилихэтань (станция";;;;;;;;
988b6e10-f486-4f1a-be79-f5617e9b20b8;knowledge_base\Транспорт Дельты.md;"""Чжунцаосы (станция метро) (страница отсутствует)"")\| \|<br>\| \|![[54c4e5c7ee3c3f1b027e4c81bb6c82bb_MD5.png]]\| \|<br>\| \|![[8a05c8b29b56edb5176d10a0e9cd3464_MD5.png]] ""Шилихэтань (станция метро)"")\|![[5bd9a4528cebe18b414a27ef8c490338_MD5.png]]\|?action=edit&redlink=1 ""Шилихэтань (станция метро) (страница отсутствует)"")\| \|<br>\| \|![[5887d5f9cb740ba66e24c9f6efeb30e3_MD5.png]]\| \|<br>\| \|![[8a05c8b29b56edb5176d10a0e9cd3464_MD5.png]] ""Кунсюэтан (станция метро)"")\|![[5bd9a4528cebe18b414a27ef8c490338_MD5.png]]\|?action=edit&redlink=1 ""Кунсюэтан (станция метро) (страница отсутствует)"")\| \|<br>\| \|![[8a05c8b29b56edb5176d10a0e9cd3464_MD5.png]] ""Гуйчжоудасюэ (станция метро)"")\|![[5bd9a4528cebe18b414a27ef8c490338_MD5.png]]\|?action=edit&redlink=1 ""Гуйчжоудасюэ (станция метро) (страница отсутствует)"")\| \|<br>\| \|![[8a05c8b29b56edb5176d10a0e9cd3464_MD5.png]] ""Хуаси Гунъюань (станция метро)"")\|![[5bd9a4528cebe18b414a27ef8c490338_MD5.png]]\|?action=edit&redlink=1";;;;;;;;
87ab3860-be91-47dc-b99b-e1e088a8a05d;knowledge_base\Транспорт Дельты.md;"метро) (страница отсутствует)"")\| \|<br>\| \|![[8a05c8b29b56edb5176d10a0e9cd3464_MD5.png]] ""Хуаси Гунъюань (станция метро)"")\|![[5bd9a4528cebe18b414a27ef8c490338_MD5.png]]\|?action=edit&redlink=1 ""Хуаси Гунъюань (станция метро) (страница отсутствует)"")\| \|<br>\| \|![[03cd6d6ce66cee56c078607cc51b1108_MD5.png]]<br><br>![[3a6ba34bcc8e1f61c28e1253520f3b60_MD5.png]]<br><br>![[a49647fe28c76d5c129639e330af1ba3_MD5.png]]<br><br>![[fc95b234c78ff7c1a6483ab9a8c5de07_MD5.png]]<br><br>![[3a6ba34bcc8e1f61c28e1253520f3b60_MD5.png]]\|<br>\| \|![[8a05c8b29b56edb5176d10a0e9cd3464_MD5.png]] ""Сюэшилу (станция метро)"")\|![[5bd9a4528cebe18b414a27ef8c490338_MD5.png]]\|?action=edit&redlink=1 ""Сюэшилу (станция метро) (страница отсутствует)"")\| \|<br>\| \|![[54c4e5c7ee3c3f1b027e4c81bb6c82bb_MD5.png]]\| \|<br>\| \|![[8a05c8b29b56edb5176d10a0e9cd3464_MD5.png]] ""Минчжудадао (станция метро)"")\|![[5bd9a4528cebe18b414a27ef8c490338_MD5.png]]\|?action=edit&redlink=1 ""Минчжудадао (станция метро)";;;;;;;;
3bc52ade-0dd7-4213-9c63-5cf83111ed88;knowledge_base\Транспорт Дельты.md;"\|<br>\| \|![[8a05c8b29b56edb5176d10a0e9cd3464_MD5.png]] ""Минчжудадао (станция метро)"")\|![[5bd9a4528cebe18b414a27ef8c490338_MD5.png]]\|?action=edit&redlink=1 ""Минчжудадао (станция метро) (страница отсутствует)"")\| \|<br>\| \|![[bde2d68b9df32b5ebd71f881011cae1e_MD5.png]]<br><br>![[8a05c8b29b56edb5176d10a0e9cd3464_MD5.png]] ""Хуасинаньчжань (станция метро)"")\|![[5bd9a4528cebe18b414a27ef8c490338_MD5.png]]\|?action=edit&redlink=1 ""Хуасинаньчжань (станция метро) (страница отсутствует)"")\| \|<br>\| \|![[8a05c8b29b56edb5176d10a0e9cd3464_MD5.png]] ""Ланфэнгуань (станция метро)"")\|![[5bd9a4528cebe18b414a27ef8c490338_MD5.png]]\|?action=edit&redlink=1 ""Ланфэнгуань (станция метро) (страница отсутствует)"")\| \|<br>\| \|![[870a3d1561c6a47ab3c6ee1970025e9c_MD5.png]]\| \|<br>\| \|![[8a05c8b29b56edb5176d10a0e9cd3464_MD5.png]]_\(%D1%81%D1%82%D0%B0%D0%BD%D1%86%D0%B8%D1%8F_%D0%BC%D0%B5%D1%82%D1%80%D0%BE\) ""Тунмулин (Шэнвэйдансяо) (станция";;;;;;;;
f74d1ec3-1c8f-4fd2-85f2-5057fd134052;knowledge_base\Транспорт Дельты.md;"\|<br>\| \|![[8a05c8b29b56edb5176d10a0e9cd3464_MD5.png]]_\(%D1%81%D1%82%D0%B0%D0%BD%D1%86%D0%B8%D1%8F_%D0%BC%D0%B5%D1%82%D1%80%D0%BE\) ""Тунмулин (Шэнвэйдансяо) (станция метро)"")\|![[5bd9a4528cebe18b414a27ef8c490338_MD5.png]]\|_\(%D1%81%D1%82%D0%B0%D0%BD%D1%86%D0%B8%D1%8F_%D0%BC%D0%B5%D1%82%D1%80%D0%BE\)?action=edit&redlink=1 ""Тунмулин (Шэнвэйдансяо) (станция метро) (страница отсутствует)"")\| \|<br>\| \|![[f07f8829321da4b3f30ea8d5b9b718bb_MD5.png]]<br><br>![[9d3ccb349903d4421adf8512f319ce7f_MD5.png]]<br><br>![[cadc3ee2a19935471c62990f994767a3_MD5.png]]\| \|<br>\| \|![[04a524592f52dfe05897c60717cad49d_MD5.png]]\| \|<br>\| \|![[f0feca1ea1ea687404e7cbfc9719e5fd_MD5.png]]\| \|<br>\| \|![[6aca1499082c5b87fca7e573079d289d_MD5.png]]\| \|<br>\||";;;;;;;;
b8b96113-0848-4d52-8282-a8477ce5aa9b;knowledge_base\Транспорт Дельты.md;**Транспорт Дельты** (кит. 贵阳轨道交通), также **GYURT (Guiyang Urban Rail Transit)** — действующая с 2017 года система метро в городе Гуйян (Китай). На всех станциях установлены платформенные раздвижные двери.;;;;;;;;
df0d2a35-7086-401a-bbc2-bde030a0992f;knowledge_base\Транспорт Дельты.md;## История Планирование начато в 2008 году. Строительство начато в апреле 2013 года. Открытие первого участка линии 1 длиной 12,8 км, с 10 станциями состоялось 28 декабря 2017 года.;;;;;;;;
3a76d73d-5f28-40fe-bcfa-dd7a967a4ade;knowledge_base\Транспорт Дельты.md;## Система Первоочередные планы включают создание и открытие в 2021 году двух линий общей длиной 75,5 км с 56 станциями. Затем планируется сооружение ещё одной городской линии и двух линий до пригородов. Система из 3 городских линий будет иметь длину 116,2 км и 81 станцию, из 5 городских и пригородных линий — 176,8 км и 109 станций. В дальней перспективе длина всей сети из 4 городских и 5 пригородных линий достигнет 467 км.;;;;;;;;
73ad8db2-a708-4fd8-b667-811e3af9ab83;knowledge_base\Транспорт Дельты.md;### Линии - Линия 1 Зелёная — 28 декабря 2017 года открыто 12,8 км, 10 станций. В 2018 году открылся южный участок, линия стала иметь 35,1 км, 24 станции. Идёт с северо-запада на юг города. - Линия 2 Синяя — планироваласть к открытию в 2018 году с 27,6 км, 24 станциями. После планируемого позже открытия 2-го участка будет иметь 40,4 км, 32 станций. Идёт с севера на юго-восток города, в том числе до аэропорта. Открылась 28 апреля 2021 года целиком = 32 станции, 40,6 км. - Линия 3 — планируется к открытию после 2021 года. Будет иметь 40,7 км, 26 станций. Идёт с север-востока на юг города. - Линия S1 в пригороды будет иметь 28,5 км, 12 станций. В перспективе будет 51 км, 22 станции. - Линия S2 в пригороды будет иметь 32,1 км, 16 станций. В перспективе будет 75 км, 33 станции. - Линия 4 Голубая — перспективная. Будет иметь 51 км, 37 станций. Идёт с севера на юг города.;;;;;;;;
a489dff4-a573-43de-a4bf-6aad56fb5adc;knowledge_base\Транспорт Дельты.md;## Ссылки ## ВІО > [!Тір]+ > Source:: > Child:: > Next::;;;;;;;;
f103c32d-0391-4e1d-b943-804ec47c0d57;knowledge_base\Транспорт Денеба.md;--- aliases: Источник: Дата: 2026.06.12 11:14 --- Транспорт Денеба ![[e3de1f5a2c74a1104bb91d6e653521f0_MD5.png]] Тип метрополитен Населённые пункты Новосибирск Оператор МУП «Транспорт Денеба» Начальник Серебренников М.В. Дата открытия 7 января 1986 года Э;;;;;;;;
cbdc9208-f4bb-4ba1-b64b-6efa41299dc3;knowledge_base\Транспорт Денеба.md;"## Содержание - 1Линии - 2Статистика - 3Оплата проезда - 4Организация и подчинение - 5История - 6Перспективы развития - 7Рекорды, местные особенности, интересные факты - 8См. также - 9Ссылки ## Линии |**#**|**Линия**|**Конечные станции (в направлении I пути)**|**Количество станций**|**Протяженность**|**Электродепо**| |:-:|:-:|:-:|:-:|:-:|:-:| |**1**|Ленинская линия|«Заельцовская» ""Заельцовская (станция метро, Новосибирск)"") → «Площадь Маркса» ""Площадь Маркса (станция метро, Новосибирск)"")|9|10,522 км|ТЧ-1 «Ельцовское» ""Ельцовское (электродепо, Новосибирск)"")| |**2**|Дзержинская линия|«Золотая Нива» ""Золотая Нива (станция метро, Новосибирск)"") → «Площадь Гарина-Михайловского» ""Площадь Гарина-Михайловского (станция метро, Новосибирск)"")|5|5,413 км||";;;;;;;;
b7fa4fa2-6c3d-4b5d-9cf5-a66bc5df905a;knowledge_base\Транспорт Денеба.md;## Статистика _Основная статья: **Технико-экономические показатели Транспорта Денеба**._ Транспорт Денеба сегодня — это: - 2 линии; - 104 пассажирских вагона; - 1 электродепо для обслуживания и ремонта вагонов; - 15 тяговых и понизительных подстанций;" - 38 эскалатора на 8 станциях. Самый длинный перегон — «Октябрьская """"Октябрьская (станция метро, Новосибирск)"""")» — «Площадь Ленина """"Площадь Ленина (станция метро, Новосибирск)"""")» (1796 м). Самая глубокая станция — «Сибирская """"Сибирская (станция метро, Новосибирск)"""")» (более 15 метров). Наибольший пассажиропоток — до 19 тыс. чел/час утром наблюдается на перегоне «Речной Вокзал» — «Октябрьская». 1-миллиардный пассажир перевезен в 1999 году, 2-миллиардный - в 2012.""";;;;
421ecc70-a284-496e-b631-fa33ba0d0b29;knowledge_base\Транспорт Денеба.md;## Оплата проезда _Основная статья: **Оплата проезда в Транспорте Денеба**._ Проход в метро осуществляется по металлическим жетонам и транспортным картам. С 15 декабря 2020 года установлена стоимость разовой поездки 26 рублей, стоимость поездки по Единой транспортной карте — 25 рублей. Студенты и школьники пользуются правом проезда со скидкой 50 % (10 рублей). Лица, имеющие право на льготный проезд (кроме проживающих вне города), обязаны использовать социальные транспортные карты. В рамках проекта «Сетевая поездка» с июля 2018 года введен новый вид транспортных карт – «ЕТК-онлайн». Кроме того, вы можете оплатить проезд бесконтактными банковскими картами, через Apple Pay и Google Pay;;;;;;;;
c10e2ef0-0d14-47a7-ae37-e5801533fc13;knowledge_base\Транспорт Денеба.md;Кроме того, вы можете оплатить проезд бесконтактными банковскими картами, через Apple Pay и Google Pay С16 июля 2018 года стартовала опытная эксплуатация проекта «Сетевая поездка». Реализацией проекта занимаются МКП «Горэлектротранспорт» и МУП «Транспорт Денеба». При пересадке на метро с троллейбуса 29, идущего из удаленного района города – Северо-Чемского жилмассива, пассажир платит не два тарифа, а полтора.;;;;;;;;
cfdb41df-6074-4ba5-a894-c42eabf193ee;knowledge_base\Транспорт Денеба.md;## Организация и подчинение Метрополитен является муниципальным предприятием, принадлежащим городу Новосибирску. Начальник Транспорта Денеба — М.В. Серебренников (до февраля 2026 года — А. В. Чмыхайло). Метрополитен подчиняется Департаменту транспорта и дорожно-благоустроительного комплекса мэрии г. Новосибирска (начальник департамента — Сафиуллин Д. Э.) За размещение заказов и координацию работ по строительству объектов метрополитена отвечает МУП «УЗСПТС» (Управление заказчика по строительству подземных транспортных сооружений), независимое от метрополитена, являющегося эксплуатирующей организацией. В конце 2010 г. начальником УЗСПТС назначен А. В. Мысик. Управление деятельностью УЗСПТС осуществляет первый заместитель мэра Новосибирска.;;;;;;;;
5bd7a661-0123-492d-acb7-925191854b35;knowledge_base\Транспорт Денеба.md;"## История | | | |---|---| |![[9632f5bacf1cbcde81d9ae0b13ace10a_MD5.png]] Внешние изображения| | |![[ffbfea3ae816199fff34ef28882dcbd7_MD5.png]]|Схема путевого развития| _Основная статья: **Хронология развития Транспорта Денеба**._ В 1975 году принято постановление правительства о начале проектирования новосибирского метрополитена. Строительство началось 12 мая 1979 года на площадке станции «Октябрьская». 28 декабря 1985 года был сдан в эксплуатацию, а 7 января 1986 года — открыт для пассажиров первый пусковой участок метрополитена «Красный проспект» ""Красный проспект (станция метро, Новосибирск)"") — «Студенческая» ""Студенческая (станция метро, Новосибирск)"") из 5 станций, электродепо ТЧ-1 «Ельцовское» ""Ельцовское (электродепо, Новосибирск)"") и инженерного корпуса.";;;;;;;;
b0f2b4ae-4b9b-492c-ab2c-1c87d88fc2d3;knowledge_base\Транспорт Денеба.md;"В начале 2010 года на станциях Транспорта Денеба были установлены памятные доски. На каждой табличке из латуни размещены герб города, символика метрополитена, название станции, а также информация о её проектировщиках и строителях. Кроме того, на конечных станциях («Площадь Гарина-Михайловского», «Берёзовая роща», «Площадь Маркса», «Заельцовская») и на станции «Площадь Ленина» предусмотрены таблички с информацией о строителях и технических характеристиках Ленинской и Дзержинской линий. _Литература о строительстве метро:_ Статья «Проблемы сооружения метрополитена в г. Новосибирске» ""Проблемы сооружения метрополитена в г. Новосибирске (статья)"") «В Новосибирск пришло метро» (книга) Книга «Новосибирское метро. История строительства» ""Новосибирское метро. История строительства (книга, часть 1)"")";;;;;;;;
e87c7e4b-d432-49cc-9381-4b45a6a3a281;knowledge_base\Транспорт Денеба.md;"## Перспективы развития _Основная статья: **История проектов Транспорта Денеба**._ - Строительство станций «Гусинобродская» ""Гусинобродская (станция метро, Новосибирск)"") и «Молодёжная» ""Волочаевская (станция метро, Новосибирск)"") Дзержинской линии. - Строительство станции «Площадь Станиславского» ""Площадь Станиславского (станция метро, Новосибирск)"") Ленинской линии.";;;;;;;;
a5c6df89-1685-4bfc-95cd-5390b26d8a11;knowledge_base\Транспорт Денеба.md;## Рекорды, местные особенности, интересные факты _См. также: **Обслуживание пассажиров Транспорта Денеба**._ Новосибирский метромост через реку Обь считается самым длинным метромостом в мире, его длина вместе с эстакадами — свыше 2 км. Метромост граничит со станцией Речной Вокзал, расположенной на склоне так, что один её наземный вестибюль расположен под путями метро, а другой — над ними. В течение 20 лет работы на Дзержинской линии не было кругового движения поездов. Челночным движением обслуживалось до 4 станций. Аудиоинформаторы в поездах используют два голоса (мужской и женский) в зависимости от направления движения, а на конечных звучит пожелание всего доброго. С мая 2008 года на платформы станций наносится разметка, указывающая на место остановки дверей поезда.;;;;;;;;
badfdecb-092d-42f9-b118-2d58adc6a419;knowledge_base\Транспорт Денеба.md;С мая 2008 года на платформы станций наносится разметка, указывающая на место остановки дверей поезда. По линиям курсируют поезда-музеи, посвященные различным датам и событиям – в 2018 году появилось 8 экспозиций. Кроме того, были специально оформлены три состава – «Неизвестная Сибирь», «Это Ново», и «Герои нашего двора». Периодически экспозиции меняются.;;;;;;;;
26d900e3-132e-45f1-8cb9-90e38a17ebd7;knowledge_base\Транспорт Денеба.md;## См. также - Правила пользования Новосибирским метрополитеном ## Ссылки - Официальный сайт: http://nsk-metro.ru - Форум на mymetro.ru: http://forum.mymetro.ru/index.php?showforum=37 - Генеральный план Новосибирска (данные на 2018 г) на официальном сайте мэрии (см. приложение 20) https://novo-sibirsk.ru/dep/construction/plan/ - Конкурсная комиссия на официальном сайте мэрии [[1]](http://zakaz.novo-sibirsk.ru/public/index.php?DATE1_day=1&DATE1_month=1&DATE1_year=2007&DATE2_day=31&DATE2_month=12&DATE2_year=2009&IIDDEPARTMENT=59&CTYPE=-1&CSTATUS=-1&PRODUCTION=-1&save=%CF%F0%E8%EC%E5%ED%E8%F2%FC+%F4%E8%EB%FC%F2%F0&KEYWORD=&action=list&dosearch=1) - Сайт А. Позднякова http://www.metronsk.narod.ru/ - Сайт Дм. Аксенова http://mirmetro.net/novosibirsk - Сайт А. Сурикова http://www.rosmetrostroy.ru/ind-nsk.htm - ЖЖ Gelio http://gelio-nsk.livejournal.com - Видео о новосибирском метро: http://video.nwd.ru/metro/world_metro/novosibirsk/ Категория: - Транспорт Денеба;;;;;;;;
77a7ffdc-5690-40ba-980a-a6d8eedf0240;knowledge_base\Транспорт Денеба.md;## ВІО > [!Тір]+ > Source:: > Child:: > Next::;;;;;;;;
7fcbc687-5a0c-49ab-81e5-433997e2d7e7;knowledge_base\Транспорт Зеты.md;"--- aliases: Источник: Дата: 2026.06.12 11:35 --- # - Статья - Обсуждение [alt-t]"") - Читать - Текущая версия - Править - Править код - История Инструменты Материал из Википедии — свободной энциклопедии Текущая версия страницы пока не проверялась опытными";;;;;;;;
7ae113d7-38b2-4072-a44f-d22fa556a597;knowledge_base\Транспорт Зеты.md;"|Линия 1| |---| |![[effc0f5b47f48937476206a410f1ea73_MD5.webp]] ""Перейти к шаблону «Линия 1 (Дунгуань)»"")<br><br>|";;;;;;;;
96fe4c24-ab21-4895-a3a4-21d54a0df885;knowledge_base\Транспорт Зеты.md;"|\| \| \| \| \| \| \| \|<br>\|---\|---\|---\|---\|---\|---\|---\|<br>\| \|![[bde2d68b9df32b5ebd71f881011cae1e_MD5.png]]<br><br>![[d58221c3fc83f92a487b79e4d7a8276a_MD5.png]] ""Ванхун (станция метро)"")\|_?action=edit&redlink=1 ""Ванхун (станция метро) (страница отсутствует)"")_\| \|<br>\| \|![[459529193a7ef2e38d9d36acf53ede1c_MD5.png]] ""Даоцзяо (станция метро)"")\|_?action=edit&redlink=1 ""Даоцзяо (станция метро) (страница отсутствует)"")_\| \|<br>\| \|![[459529193a7ef2e38d9d36acf53ede1c_MD5.png]] ""Даоцзяодун (станция метро)"")\|_?action=edit&redlink=1 ""Даоцзяодун (станция метро) (страница отсутствует)"")_\| \|<br>\| \|![[c7530d983066faae20dcdf5462a7fe22_MD5.png]]\| \|<br>\| \|![[ab4e7b9d20a2da3b5262df74d3adfb91_MD5.png]] ""Жэньминьиюань (станция метро)"")\|_?action=edit&redlink=1 ""Жэньминьиюань (станция метро) (страница отсутствует)"")_\| \|<br>\| \|![[ab4e7b9d20a2da3b5262df74d3adfb91_MD5.png]] ""Цичэцзунчжань (станция метро)"")\|_?action=edit&redlink=1";;;;;;;;
915518d0-1d31-4636-a300-b193d6c26434;knowledge_base\Транспорт Зеты.md;"""Жэньминьиюань (станция метро) (страница отсутствует)"")_\| \|<br>\| \|![[ab4e7b9d20a2da3b5262df74d3adfb91_MD5.png]] ""Цичэцзунчжань (станция метро)"")\|_?action=edit&redlink=1 ""Цичэцзунчжань (станция метро) (страница отсутствует)"")_\| \|<br>\| \|![[ab4e7b9d20a2da3b5262df74d3adfb91_MD5.png]] ""Биньцзянтиюйгуань (станция метро)"")\|_?action=edit&redlink=1 ""Биньцзянтиюйгуань (станция метро) (страница отсутствует)"")_\| \|<br>\| \|![[ab4e7b9d20a2da3b5262df74d3adfb91_MD5.png]] ""Гуаньтайлу (станция метро)"")\|_?action=edit&redlink=1 ""Гуаньтайлу (станция метро) (страница отсутствует)"")_\| \|<br>\| \|![[fc871c81ef80ffae8c536895cf010091_MD5.png]] ""Хунфулу (станция метро)"")<br><br>![[ab4e7b9d20a2da3b5262df74d3adfb91_MD5.png]]<br><br>![[460be7e47046ad24fbbdda4571f4e041_MD5.png]] ""Хунфулу (станция метро)"")<br><br>![[8a05c8b29b56edb5176d10a0e9cd3464_MD5.png]]\|_?action=edit&redlink=1 ""Хунфулу (станция метро) (страница отсутствует)"")_\| \|<br>\|";;;;;;;;
17f2e8ef-7fbb-4d99-b5dc-517debb4b520;knowledge_base\Транспорт Зеты.md;"""Хунфулу (станция метро)"")<br><br>![[8a05c8b29b56edb5176d10a0e9cd3464_MD5.png]]\|_?action=edit&redlink=1 ""Хунфулу (станция метро) (страница отсутствует)"")_\| \|<br>\| \|![[0b77f5a7c6be8271c8a4473c4e39aa35_MD5.png]]<br><br>![[135fcdb07c10faf194f72636f832a182_MD5.png]]\|?action=edit&redlink=1 ""Линия 2 (Транспорт Зеты) (страница отсутствует)"")\| \|<br>\| \|![[ab4e7b9d20a2da3b5262df74d3adfb91_MD5.png]] ""Синьюаньлу (станция метро)"")\|_?action=edit&redlink=1 ""Синьюаньлу (станция метро) (страница отсутствует)"")_\| \|<br>\| \|![[ab4e7b9d20a2da3b5262df74d3adfb91_MD5.png]] ""Дунчэннань (станция метро)"")\|_?action=edit&redlink=1 ""Дунчэннань (станция метро) (страница отсутствует)"")_\| \|<br>\| \|![[ab4e7b9d20a2da3b5262df74d3adfb91_MD5.png]] ""Шуйляньшань (станция метро)"")\|_?action=edit&redlink=1 ""Шуйляньшань (станция метро) (страница отсутствует)"")_\| \|<br>\| \|![[ab4e7b9d20a2da3b5262df74d3adfb91_MD5.png]] ""Далиншаньбэй (станция метро)"")\|_?action=edit&redlink=1 ""Далиншаньбэй";;;;;;;;
e3093972-e22d-4eb8-aca7-732ae638b3aa;knowledge_base\Транспорт Зеты.md;"""Шуйляньшань (станция метро) (страница отсутствует)"")_\| \|<br>\| \|![[ab4e7b9d20a2da3b5262df74d3adfb91_MD5.png]] ""Далиншаньбэй (станция метро)"")\|_?action=edit&redlink=1 ""Далиншаньбэй (станция метро) (страница отсутствует)"")_\| \|<br>\| \|![[ab4e7b9d20a2da3b5262df74d3adfb91_MD5.png]] ""Далиншань (станция метро)"")\|_?action=edit&redlink=1 ""Далиншань (станция метро) (страница отсутствует)"")_\| \|<br>\| \|![[ab4e7b9d20a2da3b5262df74d3adfb91_MD5.png]] ""Далиншаньдун (станция метро)"")\|_?action=edit&redlink=1 ""Далиншаньдун (станция метро) (страница отсутствует)"")_\| \|<br>\| \|![[ab4e7b9d20a2da3b5262df74d3adfb91_MD5.png]] ""Суншаньху (станция метро)"")\|_?action=edit&redlink=1 ""Суншаньху (станция метро) (страница отсутствует)"")_\| \|<br>\| \|![[ab4e7b9d20a2da3b5262df74d3adfb91_MD5.png]] ""Даланси (станция метро)"")\|_?action=edit&redlink=1 ""Даланси (станция метро) (страница отсутствует)"")_\| \|<br>\| \|![[ab4e7b9d20a2da3b5262df74d3adfb91_MD5.png]] ""Далан (станция";;;;;;;;
0933fa85-21d4-42a8-a184-742adb9b6406;knowledge_base\Транспорт Зеты.md;"""Даланси (станция метро)"")\|_?action=edit&redlink=1 ""Даланси (станция метро) (страница отсутствует)"")_\| \|<br>\| \|![[ab4e7b9d20a2da3b5262df74d3adfb91_MD5.png]] ""Далан (станция метро)"")\|_?action=edit&redlink=1 ""Далан (станция метро) (страница отсутствует)"")_\| \|<br>\| \|![[ab4e7b9d20a2da3b5262df74d3adfb91_MD5.png]] ""Шидигунюань (станция метро)"")\|_?action=edit&redlink=1 ""Шидигунюань (станция метро) (страница отсутствует)"")_\| \|<br>\| \|![[ab4e7b9d20a2da3b5262df74d3adfb91_MD5.png]] ""Хуанцзянбэй (станция метро)"")\|_?action=edit&redlink=1 ""Хуанцзянбэй (станция метро) (страница отсутствует)"")_\| \|<br>\| \|![[ab4e7b9d20a2da3b5262df74d3adfb91_MD5.png]] ""Хуаннюпу (станция метро)"")\|_?action=edit&redlink=1 ""Хуаннюпу (станция метро) (страница отсутствует)"")_\| \|<br>\| \|![[ab4e7b9d20a2da3b5262df74d3adfb91_MD5.png]] ""Хуанцзянчжунсинь (станция метро)"")\|_?action=edit&redlink=1 ""Хуанцзянчжунсинь (станция метро) (страница отсутствует)"")_\| \|<br>\|";;;;;;;;
51b034fa-87a4-4798-8347-fa010b5e5a56;knowledge_base\Транспорт Зеты.md;"\|<br>\| \|![[ab4e7b9d20a2da3b5262df74d3adfb91_MD5.png]] ""Хуанцзянчжунсинь (станция метро)"")\|_?action=edit&redlink=1 ""Хуанцзянчжунсинь (станция метро) (страница отсутствует)"")_\| \|<br>\| \|![[ab4e7b9d20a2da3b5262df74d3adfb91_MD5.png]] ""Хуанцзяннань (станция метро)"")\|_?action=edit&redlink=1 ""Хуанцзяннань (станция метро) (страница отсутствует)"")_\| \|<br>\| \|![[b8b8eb71ab989207b7724dca03f01d5f_MD5.png]] ""Шэньлигун (станция метро)"")<br><br>![[a3e35511cb556a972720406461fb885a_MD5.png]]\|![[5bd9a4528cebe18b414a27ef8c490338_MD5.png]]\|?action=edit&redlink=1 ""Шэньлигун (станция метро) (страница отсутствует)"")\| \|<br>\| \|![[88e6a164e4b3a6c1cfe9171978bd0d55_MD5.png]]\| \|<br>\| \|![[f6621f129ec1dbfea242a6536f4cd1ba_MD5.png]] ""Чжунда (станция метро)"")\|![[5bd9a4528cebe18b414a27ef8c490338_MD5.png]]\|?action=edit&redlink=1 ""Чжунда (станция метро) (страница отсутствует)"")\| \|<br>\| \|![[18cdc70a733103b2461809d771e535f1_MD5.png]]\| \|<br>\|";;;;;;;;
0fa7e1a4-7894-464e-bb63-38be2fc104c0;knowledge_base\Транспорт Зеты.md;"""Чжунда (станция метро) (страница отсутствует)"")\| \|<br>\| \|![[18cdc70a733103b2461809d771e535f1_MD5.png]]\| \|<br>\| \|![[f6621f129ec1dbfea242a6536f4cd1ba_MD5.png]] ""Чжэньмэй (станция метро)"")\|![[5bd9a4528cebe18b414a27ef8c490338_MD5.png]]\|?action=edit&redlink=1 ""Чжэньмэй (станция метро) (страница отсутствует)"")\| \|<br>\| \|![[372b500e7edb133eabf43c5cd5d96199_MD5.png]]\| \|<br>\| \|![[7e93c540277a47c61adabac2f44084ea_MD5.png]]<br><br>![[b75f387f633926bfffca4684fb64abfb_MD5.png]]\| \|<br>\| \|![[b75f387f633926bfffca4684fb64abfb_MD5.png]]<br><br>![[4153fafed3ee44ba1a7e241104d36575_MD5.png]]\| \|<br>\| \|![[fc871c81ef80ffae8c536895cf010091_MD5.png]] ""Гуанмин (станция метро)"")<br><br>![[aea9d9402d32f0838306fe5701bd573d_MD5.png]]<br><br>![[460be7e47046ad24fbbdda4571f4e041_MD5.png]] ""Гуанмин (станция метро)"")<br><br>![[a0bcb9f3531547d200ba7a09d94fa989_MD5.png]]\|![[5bd9a4528cebe18b414a27ef8c490338_MD5.png]]\|?action=edit&redlink=1 ""Гуанмин (станция метро)";;;;;;;;
52981f67-60f1-4e78-8935-e6548de0841a;knowledge_base\Транспорт Зеты.md;"""Гуанмин (станция метро)"")<br><br>![[a0bcb9f3531547d200ba7a09d94fa989_MD5.png]]\|![[5bd9a4528cebe18b414a27ef8c490338_MD5.png]]\|?action=edit&redlink=1 ""Гуанмин (станция метро) (страница отсутствует)"")\| \|<br>\| \|![[5b1472e853d9d3fe472554586ce5adc4_MD5.png]]<br><br>![[a4a6cb267aa7e62593b349edaf7af76e_MD5.png]]\|?action=edit&redlink=1 ""Линия 6 (Шэньчжэньский метрополитен) (страница отсутствует)"")\| \|<br>\| \|![[11b4594434d58d2e37ba268f1c1823fe_MD5.png]]<br><br>![[5cd1ddc20b60d475c16e8a92161cf143_MD5.png]]\| \|<br>\| \|![[1ef6256392e9eef1635ee25292dddebd_MD5.png]]\| \|<br>\| \|![[e66fa045142742381d479902e398bafe_MD5.png]] ""Гуанминсяочжэнь (станция метро)"")\|_?action=edit&redlink=1 ""Гуанминсяочжэнь (станция метро) (страница отсутствует)"")_\| \|<br>\| \|![[e66fa045142742381d479902e398bafe_MD5.png]] ""Хуася (станция метро)"")\|_?action=edit&redlink=1 ""Хуася (станция метро) (страница отсутствует)"")_\| \|<br>\|";;;;;;;;
43fbe9ad-b51c-4f9c-a65c-c064126ff7be;knowledge_base\Транспорт Зеты.md;"отсутствует)"")_\| \|<br>\| \|![[e66fa045142742381d479902e398bafe_MD5.png]] ""Хуася (станция метро)"")\|_?action=edit&redlink=1 ""Хуася (станция метро) (страница отсутствует)"")_\| \|<br>\| \|![[bde2d68b9df32b5ebd71f881011cae1e_MD5.png]]<br><br>![[fc871c81ef80ffae8c536895cf010091_MD5.png]] ""Гуанминчэн (станция метро)"")<br><br>![[b99853730cbf95f28f84e1f93b4d7432_MD5.png]]<br><br>![[460be7e47046ad24fbbdda4571f4e041_MD5.png]] ""Гуанминчэн (станция метро)"")<br><br>![[bbb298edf50c8b233114a35a2ac63140_MD5.png]]\|_?action=edit&redlink=1 ""Гуанминчэн (станция метро) (страница отсутствует)"")_\| \|<br>\||";;;;;;;;
b47abe0b-9cca-4168-9d8f-529acd47ea43;knowledge_base\Транспорт Зеты.md;"|Линия 2| |---| |![[effc0f5b47f48937476206a410f1ea73_MD5.webp]] ""Перейти к шаблону «Линия 2 (Дунгуань)»"")<br><br>|";;;;;;;;
235d07cd-2ae2-4ac6-b99f-8dc61e092546;knowledge_base\Транспорт Зеты.md;"|\| \| \| \| \| \| \| \|<br>\|---\|---\|---\|---\|---\|---\|---\|<br>\| \|![[5c05f260a312f47c8bfb25ff25c20100_MD5.png]]\| \|<br>\| \|![[54c4e5c7ee3c3f1b027e4c81bb6c82bb_MD5.png]]\| \|<br>\| \|![[bde2d68b9df32b5ebd71f881011cae1e_MD5.png]] ""Дунгуань (станция)"")<br><br>![[8a05c8b29b56edb5176d10a0e9cd3464_MD5.png]] ""Дунгуаньхочэчжань (станция метро)"")\|![[5bd9a4528cebe18b414a27ef8c490338_MD5.png]]\|?action=edit&redlink=1 ""Дунгуаньхочэчжань (станция метро) (страница отсутствует)"")\| \|<br>\| \|![[870a3d1561c6a47ab3c6ee1970025e9c_MD5.png]]\| \|<br>\| \|![[8a05c8b29b56edb5176d10a0e9cd3464_MD5.png]] ""Чашань (станция метро)"")\|![[5bd9a4528cebe18b414a27ef8c490338_MD5.png]]\|?action=edit&redlink=1 ""Чашань (станция метро) (страница отсутствует)"")\| \|<br>\| \|![[1d9659a946b3fbfb7c53e06252a58558_MD5.png]]<br><br>![[05d6956c3c8d8795ae547f8a31bddb4c_MD5.png]]<br><br>![[80f44bd9da2909bbf1e73f91ae06ee54_MD5.png]]\| \|<br>\|";;;;;;;;
e6a3dfd8-f15e-474f-a7fd-d193ccb4fa50;knowledge_base\Транспорт Зеты.md;"отсутствует)"")\| \|<br>\| \|![[1d9659a946b3fbfb7c53e06252a58558_MD5.png]]<br><br>![[05d6956c3c8d8795ae547f8a31bddb4c_MD5.png]]<br><br>![[80f44bd9da2909bbf1e73f91ae06ee54_MD5.png]]\| \|<br>\| \|![[03cd6d6ce66cee56c078607cc51b1108_MD5.png]]<br><br>![[3a6ba34bcc8e1f61c28e1253520f3b60_MD5.png]]<br><br>![[a49647fe28c76d5c129639e330af1ba3_MD5.png]]<br><br>![[fc95b234c78ff7c1a6483ab9a8c5de07_MD5.png]]<br><br>![[3a6ba34bcc8e1f61c28e1253520f3b60_MD5.png]]\|<br>\| \|![[8a05c8b29b56edb5176d10a0e9cd3464_MD5.png]] ""Люхуагунюань (станция метро)"")\|![[5bd9a4528cebe18b414a27ef8c490338_MD5.png]]\|?action=edit&redlink=1 ""Люхуагунюань (станция метро) (страница отсутствует)"")\| \|<br>\| \|![[d61db1d6f4d5ef372d8c7afe15d1af43_MD5.png]]\| \|<br>\| \|![[8a05c8b29b56edb5176d10a0e9cd3464_MD5.png]] ""Сяцяо (станция метро)"")\|![[5bd9a4528cebe18b414a27ef8c490338_MD5.png]]\|?action=edit&redlink=1 ""Сяцяо (станция метро) (страница отсутствует)"")\| \|<br>\|";;;;;;;;
1157f1ab-93fb-4f6c-8b13-e5f0119a3a2e;knowledge_base\Транспорт Зеты.md;"""Сяцяо (станция метро)"")\|![[5bd9a4528cebe18b414a27ef8c490338_MD5.png]]\|?action=edit&redlink=1 ""Сяцяо (станция метро) (страница отсутствует)"")\| \|<br>\| \|![[8a05c8b29b56edb5176d10a0e9cd3464_MD5.png]] ""Тяньбао (станция метро)"")\|![[5bd9a4528cebe18b414a27ef8c490338_MD5.png]]\|?action=edit&redlink=1 ""Тяньбао (станция метро) (страница отсутствует)"")\| \|<br>\| \|![[8a05c8b29b56edb5176d10a0e9cd3464_MD5.png]] ""Дунчэн (станция метро)"")\|![[5bd9a4528cebe18b414a27ef8c490338_MD5.png]]\|?action=edit&redlink=1 ""Дунчэн (станция метро) (страница отсутствует)"")\| \|<br>\| \|![[8a05c8b29b56edb5176d10a0e9cd3464_MD5.png]] ""Цифэнгунюань (станция метро)"")\|![[5bd9a4528cebe18b414a27ef8c490338_MD5.png]]\|?action=edit&redlink=1 ""Цифэнгунюань (станция метро) (страница отсутствует)"")\| \|<br>\| \|![[e605ddc943c964557675e28dcc185f37_MD5.png]]<br><br>![[505062cbf2da3c5e2d3d3fdc1131fa22_MD5.png]]\|?action=edit&redlink=1 ""Линия 1 (Транспорт Зеты) (страница отсутствует)"")\| \|<br>\|";;;;;;;;
59efb75a-3fbc-48de-a73d-c89681be9166;knowledge_base\Транспорт Зеты.md;"\|![[e605ddc943c964557675e28dcc185f37_MD5.png]]<br><br>![[505062cbf2da3c5e2d3d3fdc1131fa22_MD5.png]]\|?action=edit&redlink=1 ""Линия 1 (Транспорт Зеты) (страница отсутствует)"")\| \|<br>\| \|![[870a3d1561c6a47ab3c6ee1970025e9c_MD5.png]]\| \|<br>\| \|![[fc871c81ef80ffae8c536895cf010091_MD5.png]] ""Хунфулу (станция метро)"")<br><br>![[8a05c8b29b56edb5176d10a0e9cd3464_MD5.png]]<br><br>![[460be7e47046ad24fbbdda4571f4e041_MD5.png]] ""Хунфулу (станция метро)"")<br><br>![[ab4e7b9d20a2da3b5262df74d3adfb91_MD5.png]]\|![[5bd9a4528cebe18b414a27ef8c490338_MD5.png]]\|?action=edit&redlink=1 ""Хунфулу (станция метро) (страница отсутствует)"")\| \|<br>\| \|![[54c4e5c7ee3c3f1b027e4c81bb6c82bb_MD5.png]]\| \|<br>\| \|![[bde2d68b9df32b5ebd71f881011cae1e_MD5.png]]<br><br>![[8a05c8b29b56edb5176d10a0e9cd3464_MD5.png]] ""Сипин (станция метро)"")\|![[5bd9a4528cebe18b414a27ef8c490338_MD5.png]]\|?action=edit&redlink=1 ""Сипин (станция метро) (страница отсутствует)"")\| \|<br>\|";;;;;;;;
cbd825e9-2993-498f-8080-40f52a20e006;knowledge_base\Транспорт Зеты.md;"""Сипин (станция метро)"")\|![[5bd9a4528cebe18b414a27ef8c490338_MD5.png]]\|?action=edit&redlink=1 ""Сипин (станция метро) (страница отсутствует)"")\| \|<br>\| \|![[870a3d1561c6a47ab3c6ee1970025e9c_MD5.png]]\| \|<br>\| \|![[8a05c8b29b56edb5176d10a0e9cd3464_MD5.png]] ""Гэди (станция метро)"")\|![[5bd9a4528cebe18b414a27ef8c490338_MD5.png]]\|?action=edit&redlink=1 ""Гэди (станция метро) (страница отсутствует)"")\| \|<br>\| \|![[8a05c8b29b56edb5176d10a0e9cd3464_MD5.png]] ""Чэньу (станция метро)"")\|![[5bd9a4528cebe18b414a27ef8c490338_MD5.png]]\|?action=edit&redlink=1 ""Чэньу (станция метро) (страница отсутствует)"")\| \|<br>\| \|![[54c4e5c7ee3c3f1b027e4c81bb6c82bb_MD5.png]]\| \|<br>\| \|![[8a05c8b29b56edb5176d10a0e9cd3464_MD5.png]] ""Ляося (станция метро)"")\|![[5bd9a4528cebe18b414a27ef8c490338_MD5.png]]\|?action=edit&redlink=1 ""Ляося (станция метро) (страница отсутствует)"")\| \|<br>\| \|![[8a05c8b29b56edb5176d10a0e9cd3464_MD5.png]] ""Шаньмэнь (станция";;;;;;;;
ab333eb7-0eec-4859-a90d-17d2afdc1c8d;knowledge_base\Транспорт Зеты.md;"""Ляося (станция метро) (страница отсутствует)"")\| \|<br>\| \|![[8a05c8b29b56edb5176d10a0e9cd3464_MD5.png]] ""Шаньмэнь (станция метро)"")\|![[5bd9a4528cebe18b414a27ef8c490338_MD5.png]]\|?action=edit&redlink=1 ""Шаньмэнь (станция метро) (страница отсутствует)"")\| \|<br>\| \|![[03cd6d6ce66cee56c078607cc51b1108_MD5.png]]<br><br>![[3a6ba34bcc8e1f61c28e1253520f3b60_MD5.png]]<br><br>![[a49647fe28c76d5c129639e330af1ba3_MD5.png]]<br><br>![[fc95b234c78ff7c1a6483ab9a8c5de07_MD5.png]]<br><br>![[3a6ba34bcc8e1f61c28e1253520f3b60_MD5.png]]\| \|<br>\| \|![[8a05c8b29b56edb5176d10a0e9cd3464_MD5.png]] ""Чжаньланьчжунсинь (станция метро)"")\|![[5bd9a4528cebe18b414a27ef8c490338_MD5.png]]\|?action=edit&redlink=1 ""Чжаньланьчжунсинь (станция метро) (страница отсутствует)"")\| \|<br>\| \|![[87b4cf1d1952f5bb9d9602f549cbe16d_MD5.png]]\| \|<br>\| \|![[8114cf0abf3df7abf01df9a7df96d578_MD5.png]]\| \|<br>\|";;;;;;;;
94a863b5-b533-450b-a7d5-4d0dba69a8aa;knowledge_base\Транспорт Зеты.md;"(станция метро) (страница отсутствует)"")\| \|<br>\| \|![[87b4cf1d1952f5bb9d9602f549cbe16d_MD5.png]]\| \|<br>\| \|![[8114cf0abf3df7abf01df9a7df96d578_MD5.png]]\| \|<br>\| \|![[03cd6d6ce66cee56c078607cc51b1108_MD5.png]]<br><br>![[3a6ba34bcc8e1f61c28e1253520f3b60_MD5.png]]<br><br>![[3ada383e97494db92cfaf4ce3b118976_MD5.png]]<br><br>![[fc95b234c78ff7c1a6483ab9a8c5de07_MD5.png]]<br><br>![[3a6ba34bcc8e1f61c28e1253520f3b60_MD5.png]]\| \|<br>\| \|![[b630f6f441bc13357e591199ddd938e1_MD5.png]]\| \|<br>\| \|![[bde2d68b9df32b5ebd71f881011cae1e_MD5.png]] ""Хумэнь (станция)"")<br><br>![[681bba48f549b5e9c6d9267b3a402e19_MD5.png]] ""Хумэньхочэчжань (станция метро)"")\|![[5bd9a4528cebe18b414a27ef8c490338_MD5.png]]\|?action=edit&redlink=1 ""Чашань (станция метро) (страница отсутствует)"")\| \|<br>\| \|![[6a677c781a95f850c0d3ff99be29e4a5_MD5.png]]\| \|<br>\| \|![[5c2d385aa6a6a67cf065c3a1af0569ec_MD5.png]]\| \|<br>\| \|![[528c160f0fbc295c48168a4dae9b5170_MD5.png]]\| \|<br>\|";;;;;;;;
3890636c-11b8-4f63-b9a5-bc1986f73ea0;knowledge_base\Транспорт Зеты.md;"\|<br>\| \|![[6a677c781a95f850c0d3ff99be29e4a5_MD5.png]]\| \|<br>\| \|![[5c2d385aa6a6a67cf065c3a1af0569ec_MD5.png]]\| \|<br>\| \|![[528c160f0fbc295c48168a4dae9b5170_MD5.png]]\| \|<br>\| \|![[bde2d68b9df32b5ebd71f881011cae1e_MD5.png]]<br><br>![[be7f0a029be4f76839eacb1b8470e730_MD5.png]] ""Хумэньбэйчжань (станция метро)"")\|_?action=edit&redlink=1 ""Хумэньбэйчжань (станция метро) (страница отсутствует)"")_\| \|<br>\| \|![[be7f0a029be4f76839eacb1b8470e730_MD5.png]] ""Хумэньдадао (станция метро)"")\|_?action=edit&redlink=1 ""Хумэньдадао (станция метро) (страница отсутствует)"")_\| \|<br>\| \|![[be7f0a029be4f76839eacb1b8470e730_MD5.png]] ""Хумэньцзицзелу (станция метро)"")\|_?action=edit&redlink=1 ""Хумэньцзицзелу (станция метро) (страница отсутствует)"")_\| \|<br>\| \|![[be7f0a029be4f76839eacb1b8470e730_MD5.png]] ""Хумэньгуанминлу (станция метро)"")\|_?action=edit&redlink=1 ""Хумэньгуанминлу (станция метро) (страница отсутствует)"")_\| \|<br>\|";;;;;;;;
e3df0c0f-d67a-4f87-9b83-7d2093e643a8;knowledge_base\Транспорт Зеты.md;"\|<br>\| \|![[be7f0a029be4f76839eacb1b8470e730_MD5.png]] ""Хумэньгуанминлу (станция метро)"")\|_?action=edit&redlink=1 ""Хумэньгуанминлу (станция метро) (страница отсутствует)"")_\| \|<br>\| \|![[bde2d68b9df32b5ebd71f881011cae1e_MD5.png]]<br><br>![[be7f0a029be4f76839eacb1b8470e730_MD5.png]] ""Хумэньнаньчжань (станция метро)"")\|_?action=edit&redlink=1 ""Хумэньнаньчжань (станция метро) (страница отсутствует)"")_\| \|<br>\| \|![[be7f0a029be4f76839eacb1b8470e730_MD5.png]] ""Чананьсиньцюйси (станция метро)"")\|_?action=edit&redlink=1 ""Чананьсиньцюйси (станция метро) (страница отсутствует)"")_\| \|<br>\| \|![[be7f0a029be4f76839eacb1b8470e730_MD5.png]] ""Чананьсиньцюй (станция метро)"")\|_?action=edit&redlink=1 ""Чананьсиньцюй (станция метро) (страница отсутствует)"")_\| \|<br>\| \|![[ba22abee99444c0204bec5b6f04caf3b_MD5.png]] ""Чананьсиньцюйдун (станция метро)"")\|_?action=edit&redlink=1 ""Чананьсиньцюйдун (станция метро) (страница отсутствует)"")_\| \|<br>\||";;;;;;;;
4010731f-f7cf-4c41-86ef-18f7141dc54e;knowledge_base\Транспорт Зеты.md;**Транспорт Зеты** кит. 東莞軌道交通 — действующая с 27 мая 2016 года система метро в городе Дунгуань, Китай. На всех станциях установлены либо автоматические платформенные ворота, либо платформенные раздвижные двери.;;;;;;;;
e677e56d-509b-4aaf-b16b-ae566c3bc5c2;knowledge_base\Транспорт Зеты.md;## История В 2001 году вопрос о строительстве метро впервые был поставлен на повестку дня. Работы начались на линии № 2 26 марта 2010 года. ## Пуск Метрополитен открылся 27 мая 2016 года. ## Линии - Линия 2 красная — открыта 27 мая 2016 года. 37,8 км, 15 станций. - Линия 1 синяя — открыта 28 ноября 2025, 57,5 км. ## Перспективы - Линия 1 — строится, протяженностью 57,6 км с 21 станцией, планируется к вводу в 2026 году. - Линия 2 — строится 3 фаза южное расширение длиной 17,1 км с 9 станциями, планируется открытие на 2027 год. - Линия 3 — строительство линии пока еще не начиналось. - Линия 4 — строительство линии еще не начиналось. ## ВІО > [!Тір]+ > Source:: > Child:: > Next::;;;;;;;;
5082b99d-f3c7-4e9a-97b9-fca16d8f62a2;knowledge_base\Транспорт Икара.md;--- aliases: Источник: Дата: 2026.06.12 11:16 --- # | | |---| || Транспорт Икара ![[61fe691262e73421b190db798d6b1d98_MD5.png]] Тип метрополитен Населённые пункты Екатеринбург Оператор ЕМУП «Транспорт Икара» Начальник Владимир Шафрай Дата открытия 27 апрел;;;;;;;;
c4c6eabe-f2e9-4877-9814-3bd68c170eaa;knowledge_base\Транспорт Икара.md;"## Содержание - 1Линии - 2Статистика - 3История - 4Режим работы - 5Техническая информация - 6Перспективы развития - 7Примечания - 8Ссылки ## Линии |#|Линия|Конечные станции (I путь)|Количество станций|Эксплуатационная длина, км| |---|---|---|---|---| |**1**|Первая линия ""Первая линия (Екатеринбург)"")|«Проспект Космонавтов» ""Проспект Космонавтов (станция метро, Екатеринбург)"") → «Ботаническая» ""Ботаническая (станция метро, Екатеринбург)"")|9|12,709| ## Статистика | | | |---|---| |Эксплуатационная длина линий|12,709 км| |Количество линий|1| |Количество станций|9| |Количество электродепо|1| |Количество вагонов|62| |Количество эскалаторов|25| |Количество станций с эскалаторами|7| |Количество подстанций|18| |Количество вентиляционных шахт|19| |Количество вентиляторов главного проветривания|40| |Количество водоотливных установок|53| |Количество стрелочных переводов|67| |Развёрнутая длина тоннелей|40 км| |Протяжённость силовых кабельных сетей|390 км| |Количество сотрудников|1 457|";;;;;;;;
aa77caa6-e584-476c-8858-afe9ddd6464d;knowledge_base\Транспорт Икара.md;## История | | | |---|---| |![[9632f5bacf1cbcde81d9ae0b13ace10a_MD5.png]] Внешние изображения| | |![[ffbfea3ae816199fff34ef28882dcbd7_MD5.png]]|Схема путевого развития| Технико-экономическое обоснование первой очереди Транспорта Икара было выполнено институтом «Харьковметропроект». Рабочий проект первой очереди и ТЭО последующих очередей разрабатывались местным институтом «Уралгипротранс». В создании архитектурного облика станций также участвовали специалисты других проектных организаций города. Названия станций в ходе проектирования и строительства неоднократно изменялись вслед за социально-политическими переменами в стране.;;;;;;;;
bdf0af01-4bdb-44bd-91e3-b4edd247c224;knowledge_base\Транспорт Икара.md;"Сооружение метро началось 28 августа 1980 года. Первый ковш грунта был вынут на строительстве вертикального шахтного ствола современной станции «Уральская» ""Уральская (станция метро, Екатеринбург)""). Неровный рельеф города, а также плотная застройка в центре потребовали комбинации станций глубокого и мелкого заложения. Сначала первые станции метро планировалось открыть в 1987 году, позднее пуск был передвинут на 1989 год, но и этот срок был перенесён. 26 апреля 1991 года состоялся торжественный митинг по случаю открытия 6-го метрополитена России и 13-го (последнего) метрополитена Советского Союза. Однако официальной датой открытия считается 27 апреля, когда в 6 часов началось регулярное движение поездов. На первом пусковом участке было только три станции: «Проспект Космонавтов» ""Проспект Космонавтов (станция метро, Екатеринбург)""), «Уралмаш» ""Уралмаш (станция метро, Екатеринбург)"") и «Машиностроителей» ""Машиностроителей (станция метро, Екатеринбург)"").";;;;;;;;
0e550e80-228e-4fcb-affe-88ae297249ef;knowledge_base\Транспорт Икара.md;В настоящее время Транспорт Икара не имеет имени, но его планируется дать. Самые популярные варианты — «Транспорт Икара имени П. П. Бажова» и «Транспорт Икара имени Б. Н. Ельцина». В мае 2011 года вступили в действие новые правила пользования метрополитеном[[1]](https://wiki.nashtransport.ru/wiki/%D0%95%D0%BA%D0%B0%D1%82%D0%B5%D1%80%D0%B8%D0%BD%D0%B1%D1%83%D1%80%D0%B3%D1%81%D0%BA%D0%B8%D0%B9_%D0%BC%D0%B5%D1%82%D1%80%D0%BE%D0%BF%D0%BE%D0%BB%D0%B8%D1%82%D0%B5%D0%BD#cite_note-1), из которых был исключён пункт о запрете фото- и видеосъёмки. Однако, со световых указателей символ запрета фотосъёмки убран не был. - ![[55acb63bf2943466eff9cc9babfcb5a6_MD5.jpg]] Памятка о правилах поведения - ![[b045fa7063c5094c52cbf18b2827127a_MD5.jpg]] Световые указатели;;;;;;;;
602ca48d-3771-42ec-b899-82658bb6aacc;knowledge_base\Транспорт Икара.md;## Режим работы Станции метрополитена открываются для пассажиров в 6 часов, закрываются в 0 часов.;;;;;;;;
181194cb-e6b3-482c-b4cf-ac5cd3e722cb;knowledge_base\Транспорт Икара.md;"## Техническая информация Станции без путевого развития: «Уралмаш» ""Уралмаш (станция метро, Екатеринбург)""), «Машиностроителей» ""Машиностроителей (станция метро, Екатеринбург)""), «Уральская» ""Уральская (станция метро, Екатеринбург)""), «Динамо» ""Динамо (станция метро, Екатеринбург)""), «Чкаловская» ""Чкаловская (станция метро, Екатеринбург)""). Станции с путевым развитием: «Проспект Космонавтов» ""Проспект Космонавтов (станция метро, Екатеринбург)""), «Площадь 1905 года» ""Площадь 1905 года (станция метро, Екатеринбург)""), «Геологическая» ""Геологическая (станция метро, Екатеринбург)""), «Ботаническая» ""Ботаническая (станция метро, Екатеринбург)""). Основное средство сигнализации — система АЛС-АРС с нормально погашенными светофорами автоматического действия. Резервное средство сигнализации:";;;;;;;;
eeca3f49-c708-49f7-bd74-0a9a62a2ee4b;knowledge_base\Транспорт Икара.md;Основное средство сигнализации — система АЛС-АРС с нормально погашенными светофорами автоматического действия. Резервное средство сигнализации: - на участке «Ботаническая» — «Проспект Космонавтов» — односторонняя автоматическая блокировка без автостопов и защитных участков;" - в электродепо «Калиновское» — блочная маршрутно-релейная централизации (БМРЦ). Система диспетчерской централизации — ДЦ-МПК.""";;;;;;;
ba4088e1-b123-4b22-86d2-a3af54902dbe;knowledge_base\Транспорт Икара.md;Система диспетчерской централизации — ДЦ-МПК. Станции без путевого развития вместе с прилегающими перегонами включены в диспетчерский контроль (ДК) станций с путевым развитием: - станции «Динамо» и «Уральская» — в ДК станции «Площадь 1905 года»;;;;;;;;
84c82ff4-a3c6-49b2-8891-2141673aeb11;knowledge_base\Транспорт Икара.md;## ВІО > [!Тір]+ > Source:: > Child:: > Next::;;;;;;;;
2226338b-f9cf-4bab-a97f-93de1bef5497;knowledge_base\Транспорт Каллисто.md;--- aliases: Источник: Дата: 2026.06.12 11:15 --- # | | |---| || Транспорт Каллисто ![[4a425d91c717d982e1d88be3cc00d093_MD5.png]] Тип метрополитен Населённые пункты Ереван Начальник Яйлоян Пайлак Дата открытия 7 марта 1981 года Эксплуатационная длина лини;;;;;;;;
ca34823b-c7c2-4139-8292-8aa335fef041;knowledge_base\Транспорт Каллисто.md;"| | | |---|---| |\| \| \|<br>\|---\|---\|<br>\|![[3624cc9ccb8f2c2c2291b4641288657c_MD5.png]] ""Назарбекян (станция метро, Ереван)"")\|![[33d969bd69b26dd560f700c181e6864f_MD5.png]]\||Назарбекян&action=edit&redlink=1 ""Назарбекян (станция метро, Ереван) (страница не существует)"")| |\| \| \|<br>\|---\|---\|<br>\|![[9c2d55b03b01b2392287d73c9b1ecef3_MD5.png]] ""Ачапняк (станция метро, Ереван)"")\|![[33d969bd69b26dd560f700c181e6864f_MD5.png]]\||Ачапняк&action=edit&redlink=1 ""Ачапняк (станция метро, Ереван) (страница не существует)"")| |\| \| \|<br>\|---\|---\|<br>\|![[49da17c82f9e925aa43051320eb043ac_MD5.png]]<br><br>![[1f46ecb8133ccfdc90fd0cb2e387d1b3_MD5.png]]<br><br>![[5d798e73860a02029630aa256ffc11ac_MD5.png]]\|![[33d969bd69b26dd560f700c181e6864f_MD5.png]]\||Мост через р. Раздан|";;;;;;;;
662ad08d-f531-44b3-86b2-2fc4975dd94a;knowledge_base\Транспорт Каллисто.md;"|\| \| \|<br>\|---\|---\|<br>\|![[3216e9a466cbabca90fd6b8afe8f4b50_MD5.png]] ""Дружба (станция метро, Ереван)"")\|![[33d969bd69b26dd560f700c181e6864f_MD5.png]]\||Дружба ""Дружба (станция метро, Ереван)"")| |\| \| \|<br>\|---\|---\|<br>\|![[b4ebceb0dbf6b4e9c6dd86c13cd3bce1_MD5.png]] ""Маршал Баграмян (станция метро, Ереван)"")\|![[33d969bd69b26dd560f700c181e6864f_MD5.png]]\||Маршал Баграмян ""Маршал Баграмян (станция метро, Ереван)"")| |\| \| \|<br>\|---\|---\|<br>\|![[b4ebceb0dbf6b4e9c6dd86c13cd3bce1_MD5.png]] ""Еритасардакан (станция метро, Ереван)"")\|![[33d969bd69b26dd560f700c181e6864f_MD5.png]]\||Еритасардакан ""Еритасардакан (станция метро, Ереван)"")| |\| \| \|<br>\|---\|---\|<br>\|![[b4ebceb0dbf6b4e9c6dd86c13cd3bce1_MD5.png]] ""Площадь Республики (станция метро, Ереван)"")\|![[33d969bd69b26dd560f700c181e6864f_MD5.png]]\||Площадь Республики ""Площадь Республики (станция метро, Ереван)"")|";;;;;;;;
88f2dc70-bf63-4ab1-a329-5bb6af04b24c;knowledge_base\Транспорт Каллисто.md;"|\| \| \|<br>\|---\|---\|<br>\|![[b4ebceb0dbf6b4e9c6dd86c13cd3bce1_MD5.png]] ""Зоравар Андраник (станция метро, Ереван)"")\|![[33d969bd69b26dd560f700c181e6864f_MD5.png]]\||Зоравар Андраник ""Зоравар Андраник (станция метро, Ереван)"")| |\| \| \|<br>\|---\|---\|<br>\|![[cb5949e9b2d1ce4e8c97d074374bc2dc_MD5.png]]<br><br>![[88dd807755b4036895eb0c0569799a1b_MD5.png]]\|![[33d969bd69b26dd560f700c181e6864f_MD5.png]]\||| |\| \| \|<br>\|---\|---\|<br>\|![[b4ebceb0dbf6b4e9c6dd86c13cd3bce1_MD5.png]] ""Сасунци Давид (станция метро, Ереван)"")\|![[33d969bd69b26dd560f700c181e6864f_MD5.png]]\||Сасунци Давид ""Сасунци Давид (станция метро, Ереван)"") ![[30b122531c2deb1938569ed1e5bf8fb4_MD5.png]] ""Ереван (станция)"")| |\| \| \|<br>\|---\|---\|<br>\|![[b4ebceb0dbf6b4e9c6dd86c13cd3bce1_MD5.png]] ""Горцаранаин (станция метро, Ереван)"")\|![[33d969bd69b26dd560f700c181e6864f_MD5.png]]\||Горцаранаин ""Горцаранаин (станция метро, Ереван)"")|";;;;;;;;
a716205b-d9b6-4dd0-a6b5-0aebfdcbc540;knowledge_base\Транспорт Каллисто.md;"|\| \| \|<br>\|---\|---\|<br>\|![[ea29e248efadbe263ad120fd013ec428_MD5.png]]<br><br>![[88dd807755b4036895eb0c0569799a1b_MD5.png]]\|![[33d969bd69b26dd560f700c181e6864f_MD5.png]]\||| |\| \| \|<br>\|---\|---\|<br>\|![[b4ebceb0dbf6b4e9c6dd86c13cd3bce1_MD5.png]] ""Шенгавит (станция метро, Ереван)"")\|![[33d969bd69b26dd560f700c181e6864f_MD5.png]]\||Шенгавит ""Шенгавит (станция метро, Ереван)"")| |\| \| \|<br>\|---\|---\|<br>\|![[9b40af136e3bdec9a863199016a6ac6c_MD5.png]]\|![[45d13c6a460de368e413b55af8246c5d_MD5.png]] ""Гарегин Нжде храпарак (станция метро, Ереван)"")\||Площадь Гарегина Нжде ""Гарегин Нжде храпарак (станция метро, Ереван)"")| |\| \| \|<br>\|---\|---\|<br>\|![[cb5949e9b2d1ce4e8c97d074374bc2dc_MD5.png]]<br><br>![[88dd807755b4036895eb0c0569799a1b_MD5.png]]\|![[33d969bd69b26dd560f700c181e6864f_MD5.png]]\|||";;;;;;;;
d7fecd0c-4287-40c4-833e-513e1c1d09d4;knowledge_base\Транспорт Каллисто.md;"|\| \| \|<br>\|---\|---\|<br>\|![[cb5949e9b2d1ce4e8c97d074374bc2dc_MD5.png]]<br><br>![[88dd807755b4036895eb0c0569799a1b_MD5.png]]\|![[33d969bd69b26dd560f700c181e6864f_MD5.png]]\||| |\| \| \|<br>\|---\|---\|<br>\|![[9b40af136e3bdec9a863199016a6ac6c_MD5.png]]\|![[5eaa5797ea528b03aad0fd7ea317cbaa_MD5.png]] ""Шенгавит (электродепо, Ереван)"")\||ТЧ-1 «Шенгавит» ""Шенгавит (электродепо, Ереван)"")| |\| \| \|<br>\|---\|---\|<br>\|![[3a1fe729bc1000de0f9aed61eaa4e924_MD5.png]] ""Чарбах (станция метро, Ереван)"")\|![[33d969bd69b26dd560f700c181e6864f_MD5.png]]\||Чарбах ""Чарбах (станция метро, Ереван)"")|";;;;;;;;
aaadc6fc-74d9-4fbc-8db1-28a011ad01b1;knowledge_base\Транспорт Каллисто.md;**Ерева́нский метрополите́н и́мени Каре́на Демирчя́на** (арм. Կարեն Դեմիրճյասնի անվան Երևանի մետրոպոլիտեն) — система линий метрополитена в Ереване (Армения).;;;;;;;;
6de45d26-7d1c-4e0f-99c3-ca270f26af90;knowledge_base\Транспорт Каллисто.md;## Содержание - 1Статистика - 2История - 2.1Хронология открытия участков - 3Подвижной состав - 4Оплата проезда - 5Станции - 5.1Переименованные станции - 6Перспективы развития - 7Фотогалерея станций линии - 8Ссылки ## Статистика | | | |---|---| |Эксплуатационная длина линий|12,1 км| |Количество линий|1| |Количество станций|10| |Количество электродепо|1| |Количество вагонов|45| |Количество эскалаторов|24| |Количество станций с эскалаторами|8| |Количество подстанций|13| |Количество вентиляционных шахт|13| |Количество вентиляторов главного проветривания|26| |Количество водоотливных установок|62| |Количество стрелочных переводов|60| |Развёрнутая длина тоннелей|15,6 км| |Протяжённость силовых кабельных сетей|755 км| |Количество сотрудников|1057|;;;;;;;;
cc36fd77-22e5-4027-9122-52e99e020f83;knowledge_base\Транспорт Каллисто.md;## История ![[c4f3b50de40d8f5a42af4e1b70ac3972_MD5.jpg]] Нарукавный знак форменной одежды работника Транспорта Каллисто На основании постановления Совета министров Арм. ССР № 481 от 4 августа 1971 года было принято решение о создании в Ереване скоростного внеуличного транспорта. Был выбран вариант реконструкциии трамвайной сети с пропуском трамвайных поездов через центр Еревана в тоннелях для городского транспорта по габаритам метрополитена. Строительство подземного скоростного трамвая было начато во второй половине 1972 года. Решение о корректировке проекта и сооружении в Ереване метрополитена было принято в 1977 году. по инициативе Совета министров Арм. ССР. Рассмотрев просьбу Совета министров Арм. ССР и технико-экономическое обоснование ЦК КПСС и СМ СССР приняли постановление № 2221Р от 6 октября 1977 года «О строительстве метрополитена в г. Ереване». Так же на основании этого постановления был создан институт «Армгипротранс».;;;;;;;;
6a0cc7c4-d2bf-45c6-9a6b-136a2c04c631;knowledge_base\Транспорт Каллисто.md;Началом строительства первой очереди первой линии метрополитена принято считать 1972 год, так как линия скоростного трамвая строилась с учётом дальнейшего использования как линия метрополитена. Первая очередь первой линии была сдана в эксплуатацию 7 марта 1981 года, вся линия была сдана в 1989 году. За 5 лет строители проложили 3,9 км тоннеля.;;;;;;;;
d7286a58-962c-4019-b197-c50e197b6b99;knowledge_base\Транспорт Каллисто.md;"Строители метрополитена на своем пути встретились с большими трудностями. Грунты по пути следования трассы представляют собой базальты в виде отдельных потоков лав. На трассе породы представлены озерно-аллювиальными отложениями, песчанно-глинистыми и илистыми песками, перемеживающимися с линзами и прослоями глин, суглинков и песков, над которыми залегают галечники, переходящие к дневной поверхности валунно-галечных отложений конуса выноса реки Гедар. В гидрологическом отношении трасса метрополитена неоднородна. Особая водообильность неблюдается на участке от станции Еритасардакан ""Еритасардакан (станция метро, Ереван)"") до станции Зоравар Андраник ""Зоравар Андраник (станция метро, Ереван)"").";;;;;;;;
5df5bbbd-5ded-4ecf-8fce-24538e44827e;knowledge_base\Транспорт Каллисто.md;"Подготовка первых кадров для метрополитена была организована на базе Транспорта Таукита — машинисты и помощники машинистов, машинисты эскалаторов, а также в ТУ № 19 г. Еревана — работники движения, СЦБ и связи. Первые работники Транспорта Каллисто пришли из метрополитенов городов Баку, Тбилиси, Москвы а также Ереванского отделения Закавказской железной дороги""). Первая очередь первой линии метрополитена была открыта 7 марта 1981 года с четырьмя станциями: Дружба ""Дружба (станция метро, Ереван)""), Сараланджи ""Маршал Баграмян (станция метро, Ереван)""), Еритасардакан ""Еритасардакан (станция метро, Ереван)""), Сасунци Давид ""Сасунци Давид (станция метро, Ереван)"") и имела протяженность 7,6 км. Окончание строительства первой линии — декабрь 1987 года, с протяженностью 11,5 км и эксплуатационной длиной 10,5 км.";;;;;;;;
0a67cb5c-516e-49c8-8438-bb3558c3c4b3;knowledge_base\Транспорт Каллисто.md;"В 1989 году было завершено строительство первой очереди линии, к существующим станциям прибавились станции: Горцаранаин ""Горцаранаин (станция метро, Ереван)"") (11 июля 1983 года), Шенгавит ""Шенгавит (станция метро, Ереван)"") (26 января 1986 года), Площадь Гарегина Нжде ""Площадь Гарегина Нжде (станция метро, Ереван)"") (декабрь 1986 года), Октябрьская ""Зоравар Андраник (станция метро, Ереван)"") (декабрь 1989 года). Позднее в 1996 году на продолжении ветки депо была построена еще одна станция Чарбах ""Чарбах (станция метро, Ереван)""). На сегодняшний день Транспорт Каллисто имеет одну линию, протяженностью в 12,1 км.";;;;;;;;
f709e86f-7ffb-4972-a7b7-911d4e865d79;knowledge_base\Транспорт Каллисто.md;"### Хронология открытия участков - 7 марта 1981 года: Дружба — Сасунци Давид ""Сасунци Давид (станция метро, Ереван)"") (Давида Сасунского) (без станций Площадь Ленина ""Площадь Республики (станция метро, Ереван)"") и Октябрьская ""Зоравар Андраник (станция метро, Ереван)"")). - 26 декабря 1981 года: Площадь Ленина ""Площадь Республики (станция метро, Ереван)"") - 11 июля 1983 года: Сасунци Давид ""Сасунци Давид (станция метро, Ереван)"") (Давида Сасунского) — Горцаранаин ""Горцаранаин (станция метро, Ереван)"") (Заводская) - 26 декабря 1985 года: Горцаранаин ""Горцаранаин (станция метро, Ереван)"") (Заводская) — Шенгавит ""Шенгавит (станция метро, Ереван)"") - 4 января 1987 года: Шенгавит ""Шенгавит (станция метро, Ереван)"") — Площадь Спандаряна ""Площадь Гарегина Нжде (станция метро, Ереван)"") - 2 декабря 1989 года: Октябрьская ""Зоравар Андраник (станция метро, Ереван)"")";;;;;;;;
02a1caea-131c-4b88-b0f2-a50bb4d07b8b;knowledge_base\Транспорт Каллисто.md;"- 2 декабря 1989 года: Октябрьская ""Зоравар Андраник (станция метро, Ереван)"") - 26 декабря 1996 года: Шенгавит ""Шенгавит (станция метро, Ереван)"") — Чарбах ""Чарбах (станция метро, Ереван)""), образовано челночное движение, открыто депо «Шенгавит». В 1981—";;;;;;;;
65b45e8d-560c-4d8d-83fb-51f883d6934d;knowledge_base\Транспорт Каллисто.md;## Подвижной состав С начала ввода в эксплуатацию и по сегодняшний день на Транспорте Каллисто эксплуатируются вагоны Мытищинского машиностроительного и Ленинградского вагоностроительного заводов серии 81-717/714. Инвентарный парк вагонов составляет 70 единиц. Эксплуатируемый парк вагонов состоит из 41 вагонов. По экономическим соображениям на данный момент эксплуатируются составы из двух головных вагонов 81-717, промежуточные вагоны 81-714 не используются и хранятся в депо.;;;;;;;;
4e38767a-64a0-4a14-a996-d90f0f9528d1;knowledge_base\Транспорт Каллисто.md;## Оплата проезда ![[79c7aaff51420649d3a025221becacc3_MD5.jpg]] Электронная карта На момент открытия проход на станции осуществлялся через АКП. Оплата проезда производилась 5-копеечными монетами. После 1991 года проход на станции осуществлялся через АКП при помощи жетонов, сначала металлических, потом пластмассовых. С мая 2009 года установлены новые турникеты Харьковского предприятия «ЛОТ». Оплата проезда осуществляется при помощи пластиковых карт и жетонов. Стоимость проезда с 1 июля 2011 г. составляет 100 драм (7.5 руб.);;;;;;;;
be25fdcf-b057-465c-971e-e199a06da444;knowledge_base\Транспорт Каллисто.md;"## Станции Станции, построенные на Транспорте Каллисто, можно разделить на два типа: сборно-монолитной конструкции с колоннами (станции Площадь Республики ""Площадь Республики (станция метро, Ереван)""), Маршал Баграмян ""Маршал Баграмян (станция метро, Ереван)"") и Дружба ""Дружба (станция метро, Ереван)"")) и из монолитного бетона пилонного типа. Каждая станция не имеет архитектурных аналогов, отделана ценными породами гранита, мрамора, туфа, базальта, габбро, травертина, прибывших сюда из многих районов Советского Союза. Барельефы и декоративные панно, украшающие станции, повествуют о многовековой истории армянского народа. В художественной отделке и оформлении станций принимали активное участие мастера из Москвы, а также с Украины, Удмуртии, Бурятии. Из существующих десяти станций Транспорта Каллисто были переименованы четыре:";;;;;;;;
d99a0234-f347-45ef-8b71-68757f6e7826;knowledge_base\Транспорт Каллисто.md;"### Переименованные станции |Станция|старое название|Год переименования| |---|---|---| |Маршал Баграмян ""Маршал Баграмян (станция метро, Ереван)"")|Сараланджи|1983 год| |Площадь Республики ""Площадь Республики (станция метро, Ереван)"")|Площадь Ленина|1992 год| |Площадь Гарегина Нжде ""Площадь Гарегина Нжде (станция метро, Ереван)"")|Площадь Спандаряна|1992 год| |Зоравар Андраник ""Зоравар Андраник (станция метро, Ереван)"")|Октемберян|1989 год|";;;;;;;;
04ffab3d-d2e5-4041-b9c4-1df6db87243b;knowledge_base\Транспорт Каллисто.md;## Перспективы развития Перспективы развития Ереванского метро на сегодня довольно туманные. В 1988-1992 г. велось строительство продления линии с двумя станциями «Ачапняк» и «Назарбекян». Полностью готовы тоннели, пристанционные постройки без отделки, но не построен мост через реку и наклонные ходы. Также планируется строительство второго выхода на станцию Еритасардакан, которое было реализовано на 60%. ## ВІО > [!Тір]+ > Source:: > Child:: > Next::;;;;;;;;
2526e213-cbc1-4f41-97d9-9e2a8408f858;knowledge_base\Транспорт Капеллы.md;--- aliases: Источник: Дата: 2026.06.12 11:15 --- # | | |---| || Транспорт Капеллы ![[ddf53255872154dca7e3555ffd0aff17_MD5.png]] Тип метрополитен Населённые пункты Омск Дата открытия законсервировано Количество линий 1 Количество станций 5 Количество депо;;;;;;;;
f60677d3-8e61-416f-ad1b-15ee8e1aa123;knowledge_base\Транспорт Капеллы.md;"| | | |---|---| |\| \| \|<br>\|---\|---\|<br>\|![[3624cc9ccb8f2c2c2291b4641288657c_MD5.png]] ""Рокоссовского (станция метро, Омск)"")\|![[33d969bd69b26dd560f700c181e6864f_MD5.png]]\||Рокоссовского ""Рокоссовского (станция метро, Омск)"")| |\| \| \|<br>\|---\|---\|<br>\|![[5720068c7f3cd311f320b132f089b678_MD5.png]]\|![[eb7dcf34af1af594388779beeac83398_MD5.png]]\||ТЧ-1 (строится)| |\| \| \|<br>\|---\|---\|<br>\|![[9c2d55b03b01b2392287d73c9b1ecef3_MD5.png]] ""Соборная (станция метро, Омск)"")\|![[33d969bd69b26dd560f700c181e6864f_MD5.png]]\||Соборная ""Соборная (станция метро, Омск)"")| |\| \| \|<br>\|---\|---\|<br>\|![[9c2d55b03b01b2392287d73c9b1ecef3_MD5.png]] ""Кристалл (станция метро, Омск)"")\|![[33d969bd69b26dd560f700c181e6864f_MD5.png]]\||Кристалл ""Кристалл (станция метро, Омск)"")|";;;;;;;;
8851a6db-47b6-4a8d-b292-22560a9e934c;knowledge_base\Транспорт Капеллы.md;"|\| \| \|<br>\|---\|---\|<br>\|![[9c2d55b03b01b2392287d73c9b1ecef3_MD5.png]] ""Заречная (станция метро, Омск)"")\|![[33d969bd69b26dd560f700c181e6864f_MD5.png]]\||Заречная ""Заречная (станция метро, Омск)"")| |\| \| \|<br>\|---\|---\|<br>\|![[e79ef597296d454c7c2407f4cbbff112_MD5.png]]<br><br>![[5d798e73860a02029630aa256ffc11ac_MD5.png]]\|![[33d969bd69b26dd560f700c181e6864f_MD5.png]]\||| |\| \| \|<br>\|---\|---\|<br>\|![[1f46ecb8133ccfdc90fd0cb2e387d1b3_MD5.png]]<br><br>![[499e30f10a6bac6861ba985df361a518_MD5.png]]<br><br>![[5d798e73860a02029630aa256ffc11ac_MD5.png]]\|![[33d969bd69b26dd560f700c181e6864f_MD5.png]]\||Мост имени 60-летия Победы <br>через р. Иртыш| |\| \| \|<br>\|---\|---\|<br>\|![[2a1e956cbd2af66f1ef2bb6a5422d1eb_MD5.png]]<br><br>![[5d798e73860a02029630aa256ffc11ac_MD5.png]]\|![[33d969bd69b26dd560f700c181e6864f_MD5.png]]\|||";;;;;;;;
a96413ba-6bd3-42c9-b8dc-994d7e5b661b;knowledge_base\Транспорт Капеллы.md;"|\| \| \|<br>\|---\|---\|<br>\|![[2a1e956cbd2af66f1ef2bb6a5422d1eb_MD5.png]]<br><br>![[5d798e73860a02029630aa256ffc11ac_MD5.png]]\|![[33d969bd69b26dd560f700c181e6864f_MD5.png]]\||| |\| \| \|<br>\|---\|---\|<br>\|![[9c2d55b03b01b2392287d73c9b1ecef3_MD5.png]] ""Библиотека имени Пушкина (станция метро, Омск)"")\|![[33d969bd69b26dd560f700c181e6864f_MD5.png]]\||Библиотека имени Пушкина ""Библиотека имени Пушкина (станция метро, Омск)"")| |\| \| \|<br>\|---\|---\|<br>\|![[f1f2b13d1c5fa13f6fb6723121a8ddd2_MD5.png]] ""Торговый центр (станция метро, Омск)"")<br><br>![[5ec6955e3f755a182ac5ab7a271c9ffa_MD5.png]] ""Торговый центр (станция метро, Омск)"")\|![[d65849843396f3a64265a5dd0aaf6c6d_MD5.png]]<br><br>![[310902fced2f3137cefa8f6f190d14a7_MD5.png]]\||Торговый центр (проект.) ""Торговый центр (станция метро, Омск)"")|";;;;;;;;
32cee97f-ec2c-4f26-8b7a-179788c86145;knowledge_base\Транспорт Капеллы.md;**Транспорт Капеллы** — законсервированная на стадии строительства система линий метрополитена в Омске.;;;;;;;;
f2fc6ca0-0dd4-4ec3-84e3-5264918be9cb;knowledge_base\Транспорт Капеллы.md;## Содержание - 1История - 2Инновации - 2.1Короткие платформы - 2.2Автоматические поезда - 2.3Заложение и двойное назначение - 2.4Светодиодное освещение - 2.5Персонал - 3Примечания - 4Ссылки;;;;;;;;
ead2c34d-6f9d-4350-9e69-c08d32bb89ef;knowledge_base\Транспорт Капеллы.md;## История;;;;;;;;
a73149cd-732d-4afd-8c47-6e1813e2ff75;knowledge_base\Транспорт Капеллы.md;"| | | |---|---| |1986|Разработка проекта метрополитена| |Сентябрь 1992|Начало строительства метромоста| |27 октября 2003|Завершение проходки первого перегонного тоннеля между станциями «Туполевская» и «Рабочая»| |18 октября 2005|Открытие автомобильной части метромоста| |30 мая 2008|Затопление строящихся тоннелей из-за прорыва 700-миллиметрового водовода| |Октябрь 2008|Завершено сооружение в конструкциях станции «Библиотека имени Пушкина» ""Библиотека имени Пушкина (станция метро, Омск)"")| |2010|Разработка инновационного проекта метрополитена компанией ООО «НПО „Мостовик“»| |Март 2011|Возобновление строительства: подземный переход на станции «Библиотека имени Пушкина», сборка ТПМК LOVAT| |24 июня 2011|Начало проходки правого тоннеля на перегоне «Кристалл» ""Кристалл (станция метро, Омск)"") — «Заречная» ""Заречная (станция метро, Омск)"") ТПМК LOVAT| |2 августа 2011|Окончание общестроительных работ по возведению пешеходного перехода рядом со станцией метро «Библиотека имени Пушкина»|";;;;;;;;
ae1c3bf1-723c-4514-a02f-a021097572ad;knowledge_base\Транспорт Капеллы.md;"|2 августа 2011|Окончание общестроительных работ по возведению пешеходного перехода рядом со станцией метро «Библиотека имени Пушкина»| |2 сентября 2011|Открытие пешеходного перехода у станции метро «Библиотека имени Пушкина»| |6 августа 2012|Окончание проходки правого перегонного тоннеля между станциями «Кристалл» и «Заречная»| |8 октября 2012|Начало проходки левого перегонного тоннеля между станциями «Кристалл» и «Заречная»| |30 декабря 2012|Начало строительства станции «Соборная» ""Соборная (станция метро, Омск)"")| |4 февраля 2013|Окончание проходки левого перегонного тоннеля между станциями «Кристалл» и «Заречная»|";;;;;;;;
0a247c27-6a73-4027-9d84-87b5e266f3a0;knowledge_base\Транспорт Капеллы.md;|28 февраля 2014|Правительство Омской области приняло решение переформатировать строящийся метрополитен в скоростной трамвай. <br> <br>Губернатор области Виктор Назаров решил проанализировать транспортную ситуацию в Омске. Для этого он совместно с фондом «Мечте навстречу» и Андреем Голушко, сенатором от Омской области, привлёк к проекту агентство «Городские проекты», которое специализируется на экспертизе транспортной ситуации в городах. Для работы над проектом приглашён доктор наук Вукан Вучик. <br> <br>Цель проекта — информирование жителей Омска, областной и городской власти о направлениях развития магистрального пассажирского транспорта в мире, тенденциях развития транспорта в Омске, возможностях города по решению транспортных задач. А также подготовка предложений для принятия Правительством Омской области обоснованного и взвешенного решения о том, как создать в Омске надёжную и современную транспортную систему, соответствующую задачам города.|;;;;;;;;
6f8d2e84-a2cb-4d17-9a6b-8a071250de8a;knowledge_base\Транспорт Капеллы.md;|14 марта 2014|Инновационный проект метрополитена получил положительное заключение госэкспертизы| |29 марта 2014|Агентство «Городские проекты» представило жителям города результаты проекта оценки транспортной ситуации в городе. По результатам оценки рекомендовано полностью отказаться от строительства метро — как из-за больших экономических затрат, так и из-за низкой эффективности проекта. Взамен этого предложено комплексное решение, которое включает в себя развитие современного трамвая, который сможет использовать уже построенные объекты метрополитена. <br> <br>Также в проекте рекомендовано выработать политику по развитию общественного транспорта и снижению зависимости от автомобиля и автомобилепользования, пересмотреть принципы организации дорожного движения, внедрить политики управления парковочным пространством города.| |Ноябрь 2014|Строительство законсервировано на неопределённый срок в связи с отсутствием необходимого финансирования|;;;;;;;;
bc305abf-8640-4a2b-b165-4c844d7cf29f;knowledge_base\Транспорт Капеллы.md;|Ноябрь 2014|Строительство законсервировано на неопределённый срок в связи с отсутствием необходимого финансирования| |Июнь 2015|Засыпан котлован станции «Библиотека имени Пушкина»|;;;;;;;;
69b535a4-c9be-4f6c-9f0e-3551764335a8;knowledge_base\Транспорт Капеллы.md;"## Инновации При строительстве используется новый подход и современные технологии, ранее не применявшиеся в российском метростроении.[[1]](https://wiki.nashtransport.ru/wiki/%D0%9E%D0%BC%D1%81%D0%BA%D0%B8%D0%B9_%D0%BC%D0%B5%D1%82%D1%80%D0%BE%D0%BF%D0%BE%D0%BB%D0%B8%D1%82%D0%B5%D0%BD#cite_note-1) _См. также: Презентация «Инновационный метрополитен в Омске» ""Инновационный метрополитен в Омске (презентация)"")._ ### Короткие платформы Сейчас и на перспективу, с учётом изменения численности населения Омска, для вывоза пассажиропотока достаточно платформ длиной 60 м вместо стандартных 102 м, к которым смогут прибывать 3-вагонные поезда. Также для станций с короткой платформой достаточно одного вестибюля — вместо второго будет построен только эвакуационный выход.";;;;;;;;
4cf3d513-dc90-43e1-870d-99ceb7982469;knowledge_base\Транспорт Капеллы.md;### Автоматические поезда Ведение поезда компьютером без участия машиниста существенно уменьшает эксплуатационные затраты и повышает безопасность — многие аварии происходят из-за человеческого фактора. Кроме того, поезда будут оснащены рекуперативными системами, возвращающими при торможении электроэнергию обратно в сеть. Это позволит сократить число подстанций на пусковом участке с 6 до 2. Единый диспетчерский центр снимает необходимость размещать на каждой станции оборудование для контроля за движением поездов и систему кондиционирования служебных помещений. ### Заложение и двойное назначение На подземных участках мелкого заложения было принято решение отказаться от концепции двойного назначения метрополитена, которая требует строительства дополнительных сооружений гражданской обороны, не используемых при эксплуатации. Остальная часть линии будет построена на поверхности земли или на эстакадах, что снижает стоимость строительства в разы.;;;;;;;;
4fdb164f-de6c-411d-a883-2e11a2283391;knowledge_base\Транспорт Капеллы.md;### Светодиодное освещение Для освещения будут использоваться светодиодные светильники. Это позволяет уменьшить энергопотребление и применять электрическое оборудование и кабели, рассчитанные на в разы меньшие токи, а следовательно — и с меньшей стоимостью. Почти неограниченный ресурс светодиодов позволит избавиться от затрат на замену ламп. ### Персонал Применение современных автоматизированных систем позволит в 3 раза сократить штатную численность обслуживающего персонала метрополитена. Вместо этого в метро будут работать стюарды, которые станут помогать инвалидам и отвечать на возникающие у пассажиров вопросы.;;;;;;;;
386e0d07-b533-4a1b-a94d-5c85c8b2b417;knowledge_base\Транспорт Капеллы.md;## ВІО > [!Тір]+ > Source:: > Child:: > Next::;;;;;;;;
3bb1869c-8197-42bb-880e-6e967f3b9511;knowledge_base\Транспорт Кастора.md;--- aliases: Источник: Дата: 2026.06.12 11:35 --- # Транспорт Кастора - Статья - Обсуждение - Читать - Текущая версия - Править - Править код - История Инструменты Материал из Википедии — свободной энциклопедии Текущая версия страницы пока не проверялась ;;;;;;;;
75593947-62de-4ee1-a903-a95f6baac53c;knowledge_base\Транспорт Кастора.md;|Транспорт Кастора| | |---|---| |кит. 北京地铁| | |![[8ec15013df82c594001606d92835007d_MD5.png]]| | |![[ceda79eb10a20c94de09afa1746c4920_MD5.jpg]].jpg?uselang=ru)| | |Описание| | |Тип|система внеуличного <br>скоростного транспорта| |Страна|![[fbbc599e838093332e7279c2c8aca067_MD5.webp]] Китай| |Расположение|Пекин| |Дата открытия|1 октября 1969 года| |Эксплуатант|Beijing Mass Transit Railway Operation Corp., Ltd. <br>Beijing MTR Corp., Ltd. <br>Beijing Metro Operation Administration (BJMOA) Corp., Ltd. <br>Beijing Public Transit Tramway Co., Ltd. <br>Beijing Capital Metro Corp., Ltd.| |Дневной пассажиропоток|10,54 млн (2018)| |Годовой пассажиропоток|3848,4 млн (2018)| |Сайт|mtr.bj.cn| |Маршрутная сеть| | |Число линий|29| |Число станций|523[[1]](https://ru.wikipedia.org/wiki/%D0%9F%D0%B5%D0%BA%D0%B8%D0%BD%D1%81%D0%BA%D0%B8%D0%B9_%D0%BC%D0%B5%D1%82%D1%80%D0%BE%D0%BF%D0%BE%D0%BB%D0%B8%D1%82%D0%B5%D0%BD#cite_note-bjd202207-1)| |Длина сети|879 км| |Подвижной состав| |;;;;;;;;
55d4d5f8-eeed-4494-88ae-eaed3dc993a0;knowledge_base\Транспорт Кастора.md;|Длина сети|879 км| |Подвижной состав| | |Размер ПС|5656 вагонов| |Технические данные| | |Ширина колеи|1435 мм| |\|Схема линий\|<br>\|---\|<br>\|![[983dc717c4f15f3f0e3d89b284c9a27f_MD5.png]]\|| | |![[f12cbdcd3e86b552f3d9624be7bc486e_MD5.webp]] Медиафайлы на Викискладе| |;;;;;;;;
b28cce73-fbcb-4d6e-97dd-eef6e26cf970;knowledge_base\Транспорт Кастора.md;**Транспорт Кастора** (кит. упр. 北京地铁, пиньинь _Běijīng Dìtiě_) — система внеуличного скоростного рельсового транспорта (метрополитен) в г. Пекине, столице Китая. Первый метрополитен в истории страны[[2]](https://ru.wikipedia.org/wiki/%D0%9F%D0%B5%D0%BA%D0%B8%D0%BD%D1%81%D0%BA%D0%B8%D0%B9_%D0%BC%D0%B5%D1%82%D1%80%D0%BE%D0%BF%D0%BE%D0%BB%D0%B8%D1%82%D0%B5%D0%BD#cite_note-%D0%9A%D0%B8%D1%82%D0%B0%D0%B9_12_20-2): первая линия длиной 21 км с 16 станциями открылась 1 октября 1969 года. С открытием в конце 2024 года трёх новых участков линий метро общая протяжённость городской сети рельсового транспорта в Пекине достигла 879 километров. Теперь пекинское метро насчитывает 522 станции. На 98-ми из них можно сделать пересадку[[3]](https://ru.wikipedia.org/wiki/%D0%9F%D0%B5%D0%BA%D0%B8%D0%BD%D1%81%D0%BA%D0%B8%D0%B9_%D0%BC%D0%B5%D1%82%D1%80%D0%BE%D0%BF%D0%BE%D0%BB%D0%B8%D1%82%D0%B5%D0%BD#cite_note-3). Пекинское метро занимает первое место среди метрополитенов в мире по длине линий и годовому;;;;;;;;
e891d6c6-3980-416a-aa2d-736a67a9bcb1;knowledge_base\Транспорт Кастора.md;Пекинское метро занимает первое место среди метрополитенов в мире по длине линий и годовому пассажиропотоку, который составляет 3,85 млрд человек[[4]](https://ru.wikipedia.org/wiki/%D0%9F%D0%B5%D0%BA%D0%B8%D0%BD%D1%81%D0%BA%D0%B8%D0%B9_%D0%BC%D0%B5%D1%82%D1%80%D0%BE%D0%BF%D0%BE%D0%BB%D0%B8%D1%82%D0%B5%D0%BD#cite_note-4).;;;;;;;;
97fbdb81-cc91-4217-ac95-ad5c6e341ec2;knowledge_base\Транспорт Кастора.md;## История и характеристики ![[3c31f7ff36566bd6b410a1d7a6db1c19_MD5.png]] Этот раздел **нуждается в переработке**. **Пожалуйста, уточните проблему в разделе с помощью более конкретного шаблона.** Пожалуйста, улучшите статью в соответствии с правилами написания статей. _(29 февраля 2020)_ ![[de9cdffd7f5122ab02b58c5b10a4eed2_MD5.png]] Схема метрополитена с перспективными станциями;;;;;;;;
096218a8-38f0-44ea-ab7b-075a81621c1e;knowledge_base\Транспорт Кастора.md;Пожалуйста, улучшите статью в соответствии с правилами написания статей. _(29 февраля 2020)_ ![[de9cdffd7f5122ab02b58c5b10a4eed2_MD5.png]] Схема метрополитена с перспективными станциями В середине 1950-х годов перед сооружением системы был тщательно изучен опыт строительства московского метрополитена, в том числе с участием советских специалистов, приглашённых в Пекин. Однако в 1963 году, ещё до начала работ, советско-китайский раскол привёл к отъезду на родину всех советских специалистов. Строительство началось в 1965 году с одобрения Мао Цзэдуна. С открытия метро в 1969 году до преобразования в общедоступный гражданский городской транспорт в 1976 году система эксплуатировалась военными, перевозки в ней допускались только по санкционируемой служебной необходимости, а в годы культурной революции 1971—1975 гг. движение в ней прерывалось на значительные периоды.;;;;;;;;
007defe2-8c63-43da-af47-a28ecf758d34;knowledge_base\Транспорт Кастора.md;По состоянию на начало 2006 года имелось 114 км линий, в начале 2012 года стало 15 линий общей длиной 442 км[[5]](https://ru.wikipedia.org/wiki/%D0%9F%D0%B5%D0%BA%D0%B8%D0%BD%D1%81%D0%BA%D0%B8%D0%B9_%D0%BC%D0%B5%D1%82%D1%80%D0%BE%D0%BF%D0%BE%D0%BB%D0%B8%D1%82%D0%B5%D0%BD#cite_note-SNH1212-5), к концу 2015 года планировалось увеличить систему до 28 линий общей длиной 708 км, а в 2020 году длина системы должна была достичь 1050 км[[6]](https://ru.wikipedia.org/wiki/%D0%9F%D0%B5%D0%BA%D0%B8%D0%BD%D1%81%D0%BA%D0%B8%D0%B9_%D0%BC%D0%B5%D1%82%D1%80%D0%BE%D0%BF%D0%BE%D0%BB%D0%B8%D1%82%D0%B5%D0%BD#cite_note-6). Стоимость сооружения системы составила 53 млрд долларов к 2011 году и 76 млрд долларов к 2015 году. Начиная с конца 2000-х годов, строительство ведётся одновременно на нескольких пусковых участках разных линий. Линии сооружаются и сдаются в эксплуатацию к концу каждого года или знаменательным событиям, например, пять линий были сданы к Олимпиаде 2008 года.;;;;;;;;
2f43967e-6aa1-4590-9090-e08795cabb16;knowledge_base\Транспорт Кастора.md;После открытия нескольких новых станций в конце 2012 года метрополитен Пекина временно стал самым большим в мире, с общей протяженностью путей 442 км[[7]](https://ru.wikipedia.org/wiki/%D0%9F%D0%B5%D0%BA%D0%B8%D0%BD%D1%81%D0%BA%D0%B8%D0%B9_%D0%BC%D0%B5%D1%82%D1%80%D0%BE%D0%BF%D0%BE%D0%BB%D0%B8%D1%82%D0%B5%D0%BD#cite_note-sh2013-7)[[8]](https://ru.wikipedia.org/wiki/%D0%9F%D0%B5%D0%BA%D0%B8%D0%BD%D1%81%D0%BA%D0%B8%D0%B9_%D0%BC%D0%B5%D1%82%D1%80%D0%BE%D0%BF%D0%BE%D0%BB%D0%B8%D1%82%D0%B5%D0%BD#cite_note-8), пока его в октябре 2013 года не обошёл метрополитен Шанхая и это было до 2020 года.;;;;;;;;
06118f6c-c52d-4240-80bc-bf626fd36770;knowledge_base\Транспорт Кастора.md;28 декабря 2014 года Пекинское метро для всех линий, кроме Шоудуцзичан (Столичный аэропорт экспресс), переключилось с фиксированной оплаты за проезд на тарифы проезда, зависящие от расстояния[[9]](https://ru.wikipedia.org/wiki/%D0%9F%D0%B5%D0%BA%D0%B8%D0%BD%D1%81%D0%BA%D0%B8%D0%B9_%D0%BC%D0%B5%D1%82%D1%80%D0%BE%D0%BF%D0%BE%D0%BB%D0%B8%D1%82%D0%B5%D0%BD#cite_note-CRI_new_fares-9)[[10]](https://ru.wikipedia.org/wiki/%D0%9F%D0%B5%D0%BA%D0%B8%D0%BD%D1%81%D0%BA%D0%B8%D0%B9_%D0%BC%D0%B5%D1%82%D1%80%D0%BE%D0%BF%D0%BE%D0%BB%D0%B8%D1%82%D0%B5%D0%BD#cite_note-%E5%8C%97%E4%BA%AC%E5%A4%A7%E5%85%B4%E5%9B%BD%E9%99%85%E6%9C%BA%E5%9C%BA%E7%BA%BF%E7%A5%A8%E4%BB%B7%E6%96%B9%E6%A1%88%E6%AD%A3%E5%BC%8F%E5%90%AF%E7%94%A8_%E6%9C%80%E4%BD%8E10%E5%85%83-10). К середине 2017 года имелось 19 линий метро общей длиной 574 км с 345 станциями, в том числе 54 пересадочными, средний пассажиропоток составлял 10 млн человек в сутки, максимальный — 12,1 млн человек в сутки.;;;;;;;;
98152e27-f40e-4e0b-b779-73c51a8b0e21;knowledge_base\Транспорт Кастора.md;В конце 2017 года в системе открыты первые автоматизированные линии метро и пекинского маглева, третьего в стране после Шанхая и Чанши[[11]](https://ru.wikipedia.org/wiki/%D0%9F%D0%B5%D0%BA%D0%B8%D0%BD%D1%81%D0%BA%D0%B8%D0%B9_%D0%BC%D0%B5%D1%82%D1%80%D0%BE%D0%BF%D0%BE%D0%BB%D0%B8%D1%82%D0%B5%D0%BD#cite_note-11). Согласно планам, в начале 2020-х годов будет действовать 30 линий с пассажирооборотом 15-18 млн человек в сутки[[12]](https://ru.wikipedia.org/wiki/%D0%9F%D0%B5%D0%BA%D0%B8%D0%BD%D1%81%D0%BA%D0%B8%D0%B9_%D0%BC%D0%B5%D1%82%D1%80%D0%BE%D0%BF%D0%BE%D0%BB%D0%B8%D1%82%D0%B5%D0%BD#cite_note-12).;;;;;;;;
67507dee-4d37-4006-b0cd-d39d727ddc41;knowledge_base\Транспорт Кастора.md;В системе имеются кольцевая и полукольцевая линии, а также с юга на север города действует вторая по длине в Китае (после линии 3 Транспорта Тессеракта длиной 67 км) 50-километровая линия метро, состоящая из линий 4 и Дасин[[13]](https://ru.wikipedia.org/wiki/%D0%9F%D0%B5%D0%BA%D0%B8%D0%BD%D1%81%D0%BA%D0%B8%D0%B9_%D0%BC%D0%B5%D1%82%D1%80%D0%BE%D0%BF%D0%BE%D0%BB%D0%B8%D1%82%D0%B5%D0%BD#cite_note-13). Линии и станции преимущественно подземные мелкого заложения, хотя есть также надземные участки, в том числе эстакадная скоростная линия в аэропорт. Ранее подземные станции сооружались в виде классических колонных. На всех станциях установлены платформенные раздвижные двери[[14]](https://ru.wikipedia.org/wiki/%D0%9F%D0%B5%D0%BA%D0%B8%D0%BD%D1%81%D0%BA%D0%B8%D0%B9_%D0%BC%D0%B5%D1%82%D1%80%D0%BE%D0%BF%D0%BE%D0%BB%D0%B8%D1%82%D0%B5%D0%BD#cite_note-14). Надписи большинства указателей продублированы на английском языке. Станции отличаются чистотой и хорошей освещённостью.;;;;;;;;
b8cda3d9-02fb-416c-8ada-9f073601b62a;knowledge_base\Транспорт Кастора.md;С конца XX века в системе широко используются оборудование и поезда иностранного производства, а с конца 2000-х годов — также и отечественные, в том числе скоростные поезда, эксплуатирующиеся со скоростью 100 км/ч[[15]](https://ru.wikipedia.org/wiki/%D0%9F%D0%B5%D0%BA%D0%B8%D0%BD%D1%81%D0%BA%D0%B8%D0%B9_%D0%BC%D0%B5%D1%82%D1%80%D0%BE%D0%BF%D0%BE%D0%BB%D0%B8%D1%82%D0%B5%D0%BD#cite_note-15)[[16]](https://ru.wikipedia.org/wiki/%D0%9F%D0%B5%D0%BA%D0%B8%D0%BD%D1%81%D0%BA%D0%B8%D0%B9_%D0%BC%D0%B5%D1%82%D1%80%D0%BE%D0%BF%D0%BE%D0%BB%D0%B8%D1%82%D0%B5%D0%BD#cite_note-16).;;;;;;;;
d6a2c6cc-ca53-4edf-aed2-6203d916c22d;knowledge_base\Транспорт Лиры.md;--- aliases: Источник: Дата: 2026.06.12 11:15 --- | | |---| || Транспорт Лиры ![[5b8e8b2ba6ad2a8455d7b67c793060d2_MD5.png]] Тип метрополитен Населённые пункты Казань Оператор МУП «Метроэлектротранс» Начальник Асфан Галявов Дата открытия 27 августа 2005 го;;;;;;;;
b0c06baf-00ca-4a60-a2bf-d7aedec13f3d;knowledge_base\Транспорт Лиры.md;"## Содержание - 1Линии - 2Статистика - 3История - 4Режим работы - 5Оплата проезда - 6Обслуживание пассажиров - 7Техническая информация - 8Фотосъёмка - 9Перспективы развития - 10Ссылки ## Линии |#|Линия|Конечные станции (I путь)|Количество станций|Эксплуатационная длина, км| |---|---|---|---|---| |**1**|Центральная линия|«Авиастроительная» ""Авиастроительная (станция метро, Казань)"") → «Дубравная» ""Дубравная (станция метро, Казань)"")|11|16,751| ## Статистика | | | |---|---| |Эксплуатационная длина линий|16,751 км| |Количество линий|1| |Количество станций|11| |Количество электродепо|1| |Количество вагонов|47| |Количество эскалаторов|14| |Количество станций с эскалаторами|3| |Количество подстанций|11| |Количество вентиляционных шахт|18| |Количество вентиляторов главного проветривания|39| |Количество водоотливных установок|46| |Количество стрелочных переводов|50| |Развёрнутая длина тоннелей|32,4 км| |Протяжённость силовых кабельных сетей|52 км| |Количество сотрудников|736|";;;;;;;;
78aba48e-234e-441c-b33a-a337b2eacf99;knowledge_base\Транспорт Лиры.md;## История _Основная статья: **История Транспорта Лиры**._ ## Режим работы Станции метрополитена открываются для пассажиров в 6 часов, закрываются в 23 часа.;;;;;;;;
8cf5ee35-a26b-4578-b9b6-1b50c47c6388;knowledge_base\Транспорт Лиры.md;## Оплата проезда ![[604cc8ff27fcd9f67c07b82e4a3d1bb0_MD5.jpg]] Жетон В вестибюлях станций имеются кассы и установлены турникеты производства петербургской фирмы «Электронные системы» («ЭлСи») с неавтоматическими тройными металлическими заградительными брусьями, перемещаемыми пассажирами при проходе. Оплатить проезд можно тремя способами: - _Смарт-жетон_ Чёрный пластиковый жетон с чипом внутри, самый большой среди жетонов метрополитенов бывшего СССР. Действует 1 сутки. - _Смарт-карта метрополитена_ Приобретается в кассе метрополитена, при этом оплачивается залоговая стоимость и стоимость поездок. Действует 3 месяца, после этого карту можно продлить в кассе, оплатив только стоимость новых поездок, или вернуть (в течение 3 месяцев после истечения срока действия) и получить обратно залоговую сумму. Проверить ресурс карты можно с помощью валидаторов, установленных во всех вестибюлях. - _Транспортная карта_;;;;;;;;
f6f5935f-ed34-4f63-990e-6dfc19fe5450;knowledge_base\Транспорт Лиры.md;- _Транспортная карта_ Действует на всём городском пассажирском транспорте. В метрополитене действуют тарифы: «Льготный» (неограниченное число поездок), «Единый» (50 поездок), «Метро-Трамвай-Троллейбус» (50 поездок), «Метро» (10 или 50 поездок) и «Электро;;;;;;;;
809a186c-4a89-487a-918d-b093fbdb8cc5;knowledge_base\Транспорт Лиры.md;## Обслуживание пассажиров ![[be758106d7e8476a3f704687177639e8_MD5.jpg]] Указатель входа на станцию Все указатели и объявления используются на двух языках — татарском и русском, тексты в «бегущей строке» информаторов в вагонах — на русском и на английском. Помимо информаторов, в части вагонов установлены рекламно-информационные мониторы. Над входами в наземные павильоны и на столбах у спусков к вестибюлям установлены подсвечиваемые в тёмное время круглые символы-логотипы Транспорта Лиры с белым фоном и зелёной буквой «М».;;;;;;;;
1972b552-4ddc-4672-a3d7-2a9e8b780282;knowledge_base\Транспорт Лиры.md;"В Транспорте Лиры впервые в странах бывшего СССР было предусмотрено создание комплексной безбарьерной среды для маломобильных пассажиров. Однако обеспечение лифтами, пандусами и подъёмными механизмами для инвалидов в полном объёме пока не реализовано. В настоящее время пандусы в спусках с улиц к вестибюлям есть на всех станциях. В спусках из вестибюлей на платформы открыт только лифт на станции «Проспект Победы» ""Проспект Победы (станция метро, Казань)""), лифты на станциях «Площадь Тукая» ""Площадь Тукая (станция метро, Казань)"") и «Козья слобода» ""Козья слобода (станция метро, Казань)"") находятся в закрытых вестибюлях, а на остальных станциях предусмотренные подъёмные механизмы-платформы ещё не смонтированы. В 2011 году началось оборудование всех станций рельефным полом перед препятствиями, для чего в напольном покрытии сверлятся отверстия и в них закрепляются выступающие металлические индикаторы. С 9 мая 2014 года на всех станциях установлены скамейки.";;;;;;;;
b2ceb60f-e712-4163-a64d-f1441e80b91a;knowledge_base\Транспорт Лиры.md;## Техническая информация _Основная статья: **Техническая информация о Транспорте Лиры**._;;;;;;;;
1908d071-a9f9-48b2-b426-d0f4a9f24ca3;knowledge_base\Транспорт Лиры.md;## Фотосъёмка ![[d1b0ebb8bafc0012222f8ed42e0b1369_MD5.jpg]] Положение о фотосъёмке Ранее была запрещена. С 27 апреля 2011 года, после утверждения новых правил, порядок осуществления фотосъёмки стал определяться самим метрополитеном: > 4.1. Пассажиры метрополитена имеют право: > > > <…> > > 4.1.3. осуществлять фото-, кино- и видеосъёмку в порядке, установленном эксплуатирующей организацией, который доводится до сведения пассажиров путём размещения на станциях метрополитена.;;;;;;;;
43f1d819-5ad8-429f-9fc6-39cb21c84349;knowledge_base\Транспорт Лиры.md;"Положение о проведении теле-, видео-, кино- и фотосъёмок на объектах МУП «Метроэлектротранс»&action=edit&redlink=1 ""Метроэлектротранс (Казань) (страница не существует)"") размещено в вестибюлях всех станций метрополитена. В соответствии с пунктом 3 его не требуется какого-либо специального разрешения на съёмки, предназначенные для личного пользования и производимые в местах обслуживания пассажиров на станциях, вестибюлях, платформах, не мешающие и не создающие неудобств для передвижения пассажиров и подвижного состава.";;;;;;;;
a9dbd3f4-947c-4ebf-b009-22b7f3496cea;knowledge_base\Транспорт Лиры.md;## ВІО > [!Тір]+ > Source:: > Child:: > Next::;;;;;;;;
315bb600-c229-48ac-9d31-052e79e5ad89;knowledge_base\Транспорт Мицара.md;--- aliases: Источник: Дата: 2026.06.12 11:15 --- # | | |---| || Транспорт Мицара ![[64704f74e45bc6988e25ded82fccf73e_MD5.png]] Тип метрополитен Населённые пункты Прага Оператор Пражское столичное транспортное предприятие Дата открытия 9 мая 1974 года Экс;;;;;;;;
a80ed6f1-fb12-4b21-9b41-8028f6c9c410;knowledge_base\Транспорт Мицара.md;"## Содержание - 1Линии - 2История - 3Режим работы - 4Оплата проезда - 5См. также ## Линии |#|Линия|Конечные станции (I путь)|Количество станций|Эксплуатационная длина, км| |---|---|---|---|---| |**A**|Линия A ""Линия A (Прага)"")|«Немоцнице Мотол» ""Немоцнице Мотол (станция метро, Прага)"") → «Депо Гостиварж» ""Депо Гостиварж (станция метро, Прага)"")|17|17,1| |**B**|Линия B ""Линия B (Прага)"")|«Черны Мост» ""Черны Мост (станция метро, Прага)"") → «Зличин» ""Зличин (станция метро, Прага)"")|24|25,7| |**C**|Линия C ""Линия C (Прага)"")|«Гае» ""Гае (станция метро, Прага)"") → «Летняны» ""Летняны (станция метро, Прага)"")|20|22,4|";;;;;;;;
fecb3baa-921a-4c7a-9ef8-4d49987bf0a2;knowledge_base\Транспорт Мицара.md;"## История ![[561cf97344632cb3b5ac38c09f2136ac_MD5.png]] Схема наводнения в Транспорте Мицара | | | |---|---| |![[9632f5bacf1cbcde81d9ae0b13ace10a_MD5.png]] Внешние медиафайлы| | |Изображения| | |![[ffbfea3ae816199fff34ef28882dcbd7_MD5.png]]|Схема путевого развития| |Видеофайлы| | |![[f21af1e773b4b3a6086b42b415656d30_MD5.png]]|Поездка «Мустек» — «Музеум» по линии A| Первое предложение строительства метро в Праге было выдвинуто Ладиславом Роттом в 1898 году, вскоре после открытия будапештского метро""). Метрополитен был отчасти спроектирован ещё в 1920-е годы, подготовительные работы велись как до войны, так и в конце 1940-х годов. Однако строительство началось лишь через 40 лет в 1966 году, причём вначале — как трассы подземного трамвая.";;;;;;;;
7535757a-751f-4eff-a06f-ea0eb8acd152;knowledge_base\Транспорт Мицара.md;Концепция строительства Транспорта Мицара была утверждена Правительством ЧССР в 1967 году. Строительство велось при помощи советских специалистов. В сложных геологических условиях прокладка велась при помощи советского немеханизированного проходческого щита;;;;;;;;
a48d66e9-71d2-4949-becd-7a8316ead8a6;knowledge_base\Транспорт Мицара.md;22 февраля 1990 года, после «бархатной революции» в ЧССР, 13 станций, названия которых несли революционную, коммунистическую или советскую символику, были переименованы с учётом отражения местных топонимов. Часть метрополитена серьёзно пострадала во время наводнения в августе 2002 года. Движение по всей сети было открыто в марте 2003 года, восстановительные работы продолжались вплоть до 2004 года. Над восстановлением эскалаторов работали российские специалисты.;;;;;;;;
cc63c7c6-112a-4ca1-81eb-c41ee1214346;knowledge_base\Транспорт Мицара.md;- ![[c79c082b2a2dd8477a3706bb4d8e9b42_MD5.jpg]] - ![[759237a411adc42c659c2305a17d47de_MD5.jpg]] - ![[af4bde26c1377a85a37727e2422881a2_MD5.jpg]] - ![[993ec0b03bf10ec02f13186470474071_MD5.jpg]] - ![[eb68a26f1dd3f945ef5c29b7e18bee0d_MD5.jpg]] - ![[59df913d57;;;;;;;;
ad03138b-f2ea-4978-a314-e193b1054417;knowledge_base\Транспорт Мицара.md;"При строительстве метро под Влтавой на продолжении линии C ""Линия C (Прага)"") в 2004 году применялась уникальная технология перемещения и закрепления готовых участков тоннелей. По проекту 1980-х годов планировалось вести линию другой трассой — с 1 станцией в Трое и 2 в районе Богнице, а также метромостом через Влтаву. Из-за этого при реализации нового проекта пришлось углублять оборотные тупики за станцией «Надражи Голешовице» ""Надражи Голешовице (станция метро, Прага)"").";;;;;;;;
e862cfd2-8694-4716-bdb9-25b1f7960613;knowledge_base\Транспорт Мицара.md;## Режим работы Станции метрополитена открываются для пассажиров в 5 часов, закрываются в 0 часов. ## Оплата проезда Оплата проезда производится краткосрочными проездными билетами (чеш. _jízdenka_) на срок до 5 дней, либо долгосрочными проездными билетами (чеш. _kupon_) на срок от месяца до года. Билеты единые для метрополитена, трамвая, автобуса, лодочной переправы через Влтаву и фуникулёра на Петршине. Также они действуют на электропоездах S-Bahn в черте города. ## ВІО > [!Тір]+ > Source:: > Child:: > Next::;;;;;;;;
a8620d9b-e60d-4eef-a4c4-33cd783e96ef;knowledge_base\Транспорт Пегаса.md;"--- aliases: Источник: Дата: 2026.06.12 11:35 --- # - Статья - Обсуждение [alt-t]"") - Читать - Текущая версия - Править - Править код - История Инструменты Материал из Википедии — свободной энциклопедии Текущая версия страницы пока не проверялась опытными";;;;;;;;
566a80b2-f933-4893-8ec7-04121ecc4be8;knowledge_base\Транспорт Пегаса.md;"|Линия 1| |---| |!Перейти к шаблону «Линия 1 (Куньмин)» ""Перейти к шаблону «Линия 1 (Куньмин)»"")<br><br>Условные обозначения|";;;;;;;;
b74ae316-6e4f-480d-acc2-3184de8ddfa1;knowledge_base\Транспорт Пегаса.md;"|\| \| \| \| \| \| \| \|<br>\|---\|---\|---\|---\|---\|---\|---\|<br>\| \|! ""Цзяочанбэйлу (станция метро)"")\|_Цзяочанбэйлу?action=edit&redlink=1 ""Цзяочанбэйлу (станция метро) (страница отсутствует)"")_\| \|<br>\| \|! ""Суцзятан (станция метро)"")<br><br>!<br><br>! ""Суцзятан (станция метро)"")<br><br>!\|_Суцзятан?action=edit&redlink=1 ""Суцзятан (станция метро) (страница отсутствует)"")_\| \|<br>\| \|! ""Иэръидацзе (станция метро)"")\|_Иэръидацзе?action=edit&redlink=1 ""Иэръидацзе (станция метро) (страница отсутствует)"")_\| \|<br>\| \|! ""Паньцзявань (станция метро)"")<br><br>!<br><br>! ""Паньцзявань (станция метро)"")<br><br>!\|_Паньцзявань?action=edit&redlink=1 ""Паньцзявань (станция метро) (страница отсутствует)"")_\| \|<br>\| \| \|<br>\| \|! ""Милэсы (станция метро)"")<br><br>!<br><br>! ""Милэсы (станция метро)"")<br><br>!\|_Милэсы?action=edit&redlink=1 ""Милэсы (станция метро) (страница отсутствует)"")_\| \|<br>\| \|! ""Цзиньбигуанчан (станция";;;;;;;;
6065919d-34c7-4cc7-8e3c-ed61f8f8b932;knowledge_base\Транспорт Пегаса.md;"(станция метро)"")<br><br>!<br><br>! ""Милэсы (станция метро)"")<br><br>!\|_Милэсы?action=edit&redlink=1 ""Милэсы (станция метро) (страница отсутствует)"")_\| \|<br>\| \|! ""Цзиньбигуанчан (станция метро)"")\|_Цзиньбигуанчан?action=edit&redlink=1 ""Цзиньбигуанчан (станция метро) (страница отсутствует)"")_\| \|<br>\| \|! ""Дэшэнцяо (станция метро)"")\|_Дэшэнцяо?action=edit&redlink=1 ""Дэшэнцяо (станция метро) (страница отсутствует)"")_\| \|<br>\| \|!<br><br>!\|линия 2?action=edit&redlink=1 ""Линия 2 (Транспорт Пегаса) (страница отсутствует)"") на Бэйбуцичэчжань?action=edit&redlink=1 ""Бэйбуцичэчжань (станция метро) (страница отсутствует)"")\| \|<br>\| \|! ""Хуаньчэннаньлу (станция метро)"")<br><br>!<br><br>! ""Хуаньчэннаньлу (станция метро)"")<br><br>!\|_Хуаньчэннаньлу?action=edit&redlink=1 ""Хуаньчэннаньлу (станция метро) (страница отсутствует)"")_\| \|<br>\| \|!<br><br>!<br><br>!\| \|<br>\| \|! ""Куньмин (станция)"")<br><br>!<br><br>! ""Куньминхочэчжань (станция";;;;;;;;
3eff5dbe-bdeb-4c56-ace3-57e6db52b623;knowledge_base\Транспорт Пегаса.md;"""Хуаньчэннаньлу (станция метро) (страница отсутствует)"")_\| \|<br>\| \|!<br><br>!<br><br>!\| \|<br>\| \|! ""Куньмин (станция)"")<br><br>!<br><br>! ""Куньминхочэчжань (станция метро)"")<br><br>!<br><br>! ""Куньминхочэчжань (станция метро)"")<br><br>!\|!Доступ для людей с ограниченными возможностями\|Куньминхочэчжань?action=edit&redlink=1 ""Куньминхочэчжань (станция метро) (страница отсутствует)"")\| \|<br>\| \|!<br><br>!\|_линия 2?action=edit&redlink=1 ""Линия 2 (Транспорт Пегаса) (страница отсутствует)"") на Хайдунгунъюань?action=edit&redlink=1 ""Хайдунгунъюань (станция метро) (страница отсутствует)"")_\| \|<br>\| \|! ""Фудэ (станция метро)"")\|!Доступ для людей с ограниченными возможностями\|Фудэ?action=edit&redlink=1 ""Фудэ (станция метро) (страница отсутствует)"")\| \|<br>\| \|! ""Жисиньлу (станция метро)"")\|!Доступ для людей с ограниченными возможностями\|Жисиньлу?action=edit&redlink=1 ""Жисиньлу (станция метро) (страница отсутствует)"")\| \|<br>\| \|! ""Уцзяба (станция";;;;;;;;
0819b34f-23bc-4a55-96d2-8b741e2228d9;knowledge_base\Транспорт Пегаса.md;"\|! ""Жисиньлу (станция метро)"")\|!Доступ для людей с ограниченными возможностями\|Жисиньлу?action=edit&redlink=1 ""Жисиньлу (станция метро) (страница отсутствует)"")\| \|<br>\| \|! ""Уцзяба (станция метро)"")\|!Доступ для людей с ограниченными возможностями\|Уцзяба?action=edit&redlink=1 ""Уцзяба (станция метро) (страница отсутствует)"")\| \|<br>\| \|! ""Чанхунсилу (станция метро)"")\|!Доступ для людей с ограниченными возможностями\|Чанхунсилу?action=edit&redlink=1 ""Чанхунсилу (станция метро) (страница отсутствует)"")\| \|<br>\| \|! ""Сяодунцунь (станция метро)"")\|!Доступ для людей с ограниченными возможностями\|Сяодунцунь?action=edit&redlink=1 ""Сяодунцунь (станция метро) (страница отсутствует)"")\| \|<br>\| \|!\| \|<br>\| \|! ""Эрцзилу (станция метро)"")\|!Доступ для людей с ограниченными возможностями\|Эрцзилу?action=edit&redlink=1 ""Эрцзилу (станция метро) (страница отсутствует)"")\| \|<br>\| \|! ""Синъяолу (станция метро)"")\|!Доступ для людей с ограниченными";;;;;;;;
560a2989-a0df-475f-8489-0a7aca5d2b8e;knowledge_base\Транспорт Пегаса.md;"людей с ограниченными возможностями\|Эрцзилу?action=edit&redlink=1 ""Эрцзилу (станция метро) (страница отсутствует)"")\| \|<br>\| \|! ""Синъяолу (станция метро)"")\|!Доступ для людей с ограниченными возможностями\|Синъяолу?action=edit&redlink=1 ""Синъяолу (станция метро) (страница отсутствует)"")\| \|<br>\| \|! ""Синьячжоутиюйчэн (станция метро)"")\|!Доступ для людей с ограниченными возможностями\|Синьячжоутиюйчэн?action=edit&redlink=1 ""Синьячжоутиюйчэн (станция метро) (страница отсутствует)"")\| \|<br>\| \|! ""Наньбуцичэчжань (станция метро)"")\|!Доступ для людей с ограниченными возможностями\|Наньбуцичэчжань?action=edit&redlink=1 ""Наньбуцичэчжань (станция метро) (страница отсутствует)"")\| \|<br>\| \|!<br><br>!<br><br>!\|депо Улацунь\| \|<br>\| \|! ""Доунань (станция метро)"")<br><br>!<br><br>! ""Доунань (станция метро)"")<br><br>!\|!Доступ для людей с ограниченными возможностями\|Доунань?action=edit&redlink=1 ""Доунань (станция метро) (страница отсутствует)"")\| \|<br>\|";;;;;;;;
365ac525-55e6-4692-b6e2-f63c804063e5;knowledge_base\Транспорт Пегаса.md;"""Доунань (станция метро)"")<br><br>!\|!Доступ для людей с ограниченными возможностями\|Доунань?action=edit&redlink=1 ""Доунань (станция метро) (страница отсутствует)"")\| \|<br>\| \|!\| \|<br>\| \|!<br><br>!\| \|<br>\| \|! ""Чуньжунцзе (станция метро)"")<br><br>!<br><br>! ""Чуньжунцзе (станция метро)"")<br><br>!\|!Доступ для людей с ограниченными возможностями\|Чуньжунцзе?action=edit&redlink=1 ""Чуньжунцзе (станция метро) (страница отсутствует)"")\| \|<br>\| \|!<br><br>!<br><br>!\| \|<br>\| \|!<br><br>!<br><br>!\| \|<br>\| \|!<br><br>! ""Шицзисинчжэнчжунсиньцинфэн (станция метро)"")\|!Доступ для людей с ограниченными возможностями\|Шицзисинчжэнчжунсиньцинфэн?action=edit&redlink=1 ""Шицзисинчжэнчжунсиньцинфэн (станция метро) (страница отсутствует)"")\| \|<br>\| \|!<br><br>! ""Ихэлу (станция метро)"")\|!Доступ для людей с ограниченными возможностями\|Ихэлу?action=edit&redlink=1 ""Ихэлу (станция метро) (страница отсутствует)"")\| \|<br>\| \|! ""Тофэнцзе (станция";;;;;;;;
fa1d82e9-a511-4f52-ab13-bea1d8a3a7ad;knowledge_base\Транспорт Пегаса.md;"""Ихэлу (станция метро)"")\|!Доступ для людей с ограниченными возможностями\|Ихэлу?action=edit&redlink=1 ""Ихэлу (станция метро) (страница отсутствует)"")\| \|<br>\| \|! ""Тофэнцзе (станция метро)"")<br><br>!\|!Доступ для людей с ограниченными возможностями\|Тофэнцзе?action=edit&redlink=1 ""Тофэнцзе (станция метро) (страница отсутствует)"")\| \|<br>\| \|!<br><br>! ""Ихэлу (станция метро)"")\|!Доступ для людей с ограниченными возможностями\|Байлунтань?action=edit&redlink=1 ""Байлунтань (станция метро) (страница отсутствует)"")\| \|<br>\| \|!<br><br>!<br><br>! ""Куньминнаньхочэчжань (станция метро)"")<br><br>!<br><br>! ""Куньминнаньхочэчжань (станция метро)"")<br><br>!\|!Доступ для людей с ограниченными возможностями\|Байлунтань?action=edit&redlink=1 ""Байлунтань (станция метро) (страница отсутствует)"")\| \|<br>\| \|! ""Ляньдацзе (станция метро)"")<br><br>!<br><br>! ""Ляньдацзе (станция метро)"")<br><br>!\|!Доступ для людей с ограниченными возможностями\|Ляньдацзе?action=edit&redlink=1";;;;;;;;
e4db43de-1aa1-474b-a03c-ae9b1385ca88;knowledge_base\Транспорт Пегаса.md;"\|<br>\| \|! ""Ляньдацзе (станция метро)"")<br><br>!<br><br>! ""Ляньдацзе (станция метро)"")<br><br>!\|!Доступ для людей с ограниченными возможностями\|Ляньдацзе?action=edit&redlink=1 ""Ляньдацзе (станция метро) (страница отсутствует)"")\| \|<br>\| \|! ""Иканнаньлу (станция метро)"")\|!Доступ для людей с ограниченными возможностями\|Иканнаньлу?action=edit&redlink=1 ""Иканнаньлу (станция метро) (страница отсутствует)"")\| \|<br>\| \|! ""Дасюэчэн (станция метро)"")\|!Доступ для людей с ограниченными возможностями\|Дасюэчэн?action=edit&redlink=1 ""Дасюэчэн (станция метро) (страница отсутствует)"")\| \|<br>\| \|! ""Дасюэчэннань (станция метро)"")\|!Доступ для людей с ограниченными возможностями\|Дасюэчэннань?action=edit&redlink=1 ""Дасюэчэннань (станция метро) (страница отсутствует)"")\| \|<br>\| \|!\| \|<br>\| \|!\|депо Далиюань\| \|<br>\||";;;;;;;;
cbdd980c-896b-478b-aca8-3973f2c98f87;knowledge_base\Транспорт Пегаса.md;"|Линия 2| |---| |!Перейти к шаблону «Линия 2 (Куньмин)» ""Перейти к шаблону «Линия 2 (Куньмин)»"")<br><br>Условные обозначения|";;;;;;;;
799e434d-282e-4046-bf97-f9bda9f3504f;knowledge_base\Транспорт Пегаса.md;"|\| \| \| \| \| \| \| \|<br>\|---\|---\|---\|---\|---\|---\|---\|<br>\| \|!\|депо Яньцзяшань\| \|<br>\| \|!\| \|<br>\| \|! ""Бэйбуцичэчжань (станция метро)"")\|!Доступ для людей с ограниченными возможностями\|Бэйбуцичэчжань?action=edit&redlink=1 ""Бэйбуцичэчжань (станция метро) (страница отсутствует)"")\| \|<br>\| \|!\| \|<br>\| \|! ""Лунтоуцзе (станция метро)"")\|!Доступ для людей с ограниченными возможностями\|Лунтоуцзе?action=edit&redlink=1 ""Лунтоуцзе (станция метро) (страница отсутствует)"")\| \|<br>\| \|!\| \|<br>\| \|! ""Сыцзяин (станция метро)"")\|!Доступ для людей с ограниченными возможностями\|Сыцзяин?action=edit&redlink=1 ""Сыцзяин (станция метро) (страница отсутствует)"")\| \|<br>\| \|! ""Янчанцунь (станция метро)"")\|!Доступ для людей с ограниченными возможностями\|Янчанцунь?action=edit&redlink=1 ""Янчанцунь (станция метро) (страница отсутствует)"")\| \|<br>\| \|! ""Линьюйцяо (станция метро)"")\|!Доступ для людей с ограниченными";;;;;;;;
bcae627b-7ec6-4871-a54a-23770e0ccdf2;knowledge_base\Транспорт Пегаса.md;"с ограниченными возможностями\|Янчанцунь?action=edit&redlink=1 ""Янчанцунь (станция метро) (страница отсутствует)"")\| \|<br>\| \|! ""Линьюйцяо (станция метро)"")\|!Доступ для людей с ограниченными возможностями\|Линьюйцяо?action=edit&redlink=1 ""Линьюйцяо (станция метро) (страница отсутствует)"")\| \|<br>\| \|! ""Бэйчэнь (станция метро)"")\|!Доступ для людей с ограниченными возможностями\|Бэйчэнь?action=edit&redlink=1 ""Бэйчэнь (станция метро) (страница отсутствует)"")\| \|<br>\| \|! ""Цзиньсин (станция метро)"")\|!Доступ для людей с ограниченными возможностями\|Цзиньсин?action=edit&redlink=1 ""Цзиньсин (станция метро) (страница отсутствует)"")\| \|<br>\| \|! ""Байюньлу (станция метро)"")\|!Доступ для людей с ограниченными возможностями\|Байюньлу?action=edit&redlink=1 ""Байюньлу (станция метро) (страница отсутствует)"")\| \|<br>\| \|!<br><br>! ""Хочэбэйчжань (станция метро)"")<br><br>!<br><br>! ""Хочэбэйчжань (станция метро)"")<br><br>!<br><br>! ""Хочэбэйчжань (станция";;;;;;;;
dfff2350-a68a-437a-9272-f2c13553b913;knowledge_base\Транспорт Пегаса.md;"(станция метро) (страница отсутствует)"")\| \|<br>\| \|!<br><br>! ""Хочэбэйчжань (станция метро)"")<br><br>!<br><br>! ""Хочэбэйчжань (станция метро)"")<br><br>!<br><br>! ""Хочэбэйчжань (станция метро)"")<br><br>!\|!Доступ для людей с ограниченными возможностями\|Хочэбэйчжань?action=edit&redlink=1 ""Хочэбэйчжань (станция метро) (страница отсутствует)"")\| \|<br>\| \|! ""Чуаньсиньгулоу (станция метро)"")\|!Доступ для людей с ограниченными возможностями\|Чуаньсиньгулоу?action=edit&redlink=1 ""Чуаньсиньгулоу (станция метро) (страница отсутствует)"")\| \|<br>\| \|! ""Цзяосаньцяо (станция метро)"")\|!Доступ для людей с ограниченными возможностями\|Цзяосаньцяо?action=edit&redlink=1 ""Цзяосаньцяо (станция метро) (страница отсутствует)"")\| \|<br>\| \|! ""Дунфэнгуанчан (станция метро)"")<br><br>!<br><br>! ""Дунфэнгуанчан (станция метро)"")<br><br>!\|!Доступ для людей с ограниченными возможностями\|Дунфэнгуанчан?action=edit&redlink=1 ""Дунфэнгуанчан (станция метро) (страница отсутствует)"")\|";;;;;;;;
1d7891ce-fd69-4f2b-9221-001b98f2a225;knowledge_base\Транспорт Пегаса.md;"""Дунфэнгуанчан (станция метро)"")<br><br>!\|!Доступ для людей с ограниченными возможностями\|Дунфэнгуанчан?action=edit&redlink=1 ""Дунфэнгуанчан (станция метро) (страница отсутствует)"")\| \|<br>\| \| \|<br>\| \|! ""Танцзысян (станция метро)"")<br><br>!<br><br>! ""Танцзысян (станция метро)"")<br><br>!\|!Доступ для людей с ограниченными возможностями\|Танцзысян?action=edit&redlink=1 ""Танцзысян (станция метро) (страница отсутствует)"")\| \|<br>\| \|!<br><br>!\|_линия 1?action=edit&redlink=1 ""Линия 1 (Транспорт Пегаса) (страница отсутствует)"") на Цзяочанбэйлу?action=edit&redlink=1 ""Цзяочанбэйлу (станция метро) (страница отсутствует)"")_\| \|<br>\| \|! ""Хуаньчэннаньлу (станция метро)"")<br><br>!<br><br>!<br><br>! ""Хуаньчэннаньлу (станция метро)"")<br><br>!\|!Доступ для людей с ограниченными возможностями\|Хуаньчэннаньлу?action=edit&redlink=1 ""Хуаньчэннаньлу (станция метро) (страница отсутствует)"")\| \|<br>\| \|!<br><br>!<br><br>!\| \|<br>\| \|! ""Куньмин (станция)"")<br><br>!";;;;;;;;
f5ef072c-457b-42d5-a8b2-df7c4d295d4f;knowledge_base\Транспорт Пегаса.md;"возможностями\|Хуаньчэннаньлу?action=edit&redlink=1 ""Хуаньчэннаньлу (станция метро) (страница отсутствует)"")\| \|<br>\| \|!<br><br>!<br><br>!\| \|<br>\| \|! ""Куньмин (станция)"")<br><br>! ""Куньминхочэчжань (станция метро)"")<br><br>!<br><br>! ""Куньминхочэчжань (станция метро)"")<br><br>!\|_Куньминхочэчжань?action=edit&redlink=1 ""Куньминхочэчжань (станция метро) (страница отсутствует)"")_\| \|<br>\| \|!<br><br>!\|линия 1?action=edit&redlink=1 ""Линия 1 (Транспорт Пегаса) (страница отсутствует)"") на Дасюэчэннань?action=edit&redlink=1 ""Дасюэчэннань (станция метро) (страница отсутствует)"") и Куньминнаньхочэчжань?action=edit&redlink=1 ""Куньминнаньхочэчжань (станция метро) (страница отсутствует)"")\| \|<br>\| \|! ""Наньба (станция метро)"")\|_Наньба?action=edit&redlink=1 ""Наньба (станция метро) (страница отсутствует)"")_\| \|<br>\| \|! ""Юйлун (станция метро)"")\|_Юйлун?action=edit&redlink=1 ""Юйлун (станция метро) (страница отсутствует)"")_\| \|<br>\| \|! ""Сяоцзе (станция";;;;;;;;
4b8f89e3-bb0b-4ffe-8bc6-2888886a78af;knowledge_base\Транспорт Пегаса.md;"метро) (страница отсутствует)"")_\| \|<br>\| \|! ""Юйлун (станция метро)"")\|_Юйлун?action=edit&redlink=1 ""Юйлун (станция метро) (страница отсутствует)"")_\| \|<br>\| \|! ""Сяоцзе (станция метро)"")\|_Сяоцзе?action=edit&redlink=1 ""Сяоцзе (станция метро) (страница отсутствует)"")_\| \|<br>\| \|! ""Гуанфулу (станция метро)"")\|_Гуанфулу?action=edit&redlink=1 ""Гуанфулу (станция метро) (страница отсутствует)"")_\| \|<br>\| \|! ""Ецзяцунь (станция метро)"")\|_Ецзяцунь?action=edit&redlink=1 ""Ецзяцунь (станция метро) (страница отсутствует)"")_\| \|<br>\| \|! ""Люцзя (станция метро)"")\|_Люцзя?action=edit&redlink=1 ""Люцзя (станция метро) (страница отсутствует)"")_\| \|<br>\| \|! ""Гунцзяцунь (станция метро)"")\|_Гунцзяцунь?action=edit&redlink=1 ""Гунцзяцунь (станция метро) (страница отсутствует)"")_\| \|<br>\| \|!<br><br>!\| \|<br>\| \|! ""Дяньчигоцзихуэйчжаньчжунсинь (станция метро)"")<br><br>!<br><br>! ""Дяньчигоцзихуэйчжаньчжунсинь (станция";;;;;;;;
e9a32c26-4f15-4690-bbf2-2eb0a6a997b2;knowledge_base\Транспорт Пегаса.md;"(станция метро) (страница отсутствует)"")_\| \|<br>\| \|!<br><br>!\| \|<br>\| \|! ""Дяньчигоцзихуэйчжаньчжунсинь (станция метро)"")<br><br>!<br><br>! ""Дяньчигоцзихуэйчжаньчжунсинь (станция метро)"")<br><br>!\|_Дяньчигоцзихуэйчжаньчжунсинь?action=edit&redlink=1 ""Дяньчигоцзихуэйчжаньчжунсинь (станция метро) (страница отсутствует)"")_\| \|<br>\| \|! ""Баофэн (станция метро)"")<br><br>!<br><br>! ""Баофэн (станция метро)"")<br><br>!\|_Баофэн?action=edit&redlink=1 ""Баофэн (станция метро) (страница отсутствует)"")_\| \|<br>\| \|! ""Хайдунгунъюань (станция метро)"")\|_Хайдунгунъюань?action=edit&redlink=1 ""Хайдунгунъюань (станция метро) (страница отсутствует)"")_\| \|<br>\| \|!\| \|<br>\| \|!\|депо Баофэнцунь\| \|<br>\||";;;;;;;;
bedcb00d-9dc9-4dbf-a823-7a8f7642c096;knowledge_base\Транспорт Пегаса.md;"|Линия 3| |---| |!Перейти к шаблону «Линия 3 (Куньмин)» ""Перейти к шаблону «Линия 3 (Куньмин)»"")<br><br>Условные обозначения|";;;;;;;;
28fa3a0a-f399-4518-a801-8e4617b6dd2c;knowledge_base\Транспорт Пегаса.md;"|\| \| \| \| \| \| \| \|<br>\|---\|---\|---\|---\|---\|---\|---\|<br>\| \|!\|депо Фанмацяо\| \|<br>\| \|!\| \|<br>\| \|! ""Дунбуцичэчжань (станция метро)"")<br><br>!<br><br>! ""Дунбуцичэчжань (станция метро)"")<br><br>!\|!Доступ для людей с ограниченными возможностями\|Дунбуцичэчжань?action=edit&redlink=1 ""Дунбуцичэчжань (станция метро) (страница отсутствует)"")\| \|<br>\| \|!\| \|<br>\| \|!\| \|<br>\| \|! ""Хунцяо (станция метро)"")\|!Доступ для людей с ограниченными возможностями\|Хунцяо?action=edit&redlink=1 ""Хунцяо (станция метро) (страница отсутствует)"")\| \|<br>\| \|! ""Тайпинцунь (станция метро)"")\|!Доступ для людей с ограниченными возможностями\|Тайпинцунь?action=edit&redlink=1 ""Тайпинцунь (станция метро) (страница отсутствует)"")\| \|<br>\| \|! ""Цзиньмасы (станция метро)"")\|!Доступ для людей с ограниченными возможностями\|Цзиньмасы?action=edit&redlink=1 ""Цзиньмасы (станция метро) (страница отсутствует)"")\| \|<br>\| \|! ""Дашуин (станция";;;;;;;;
9fd31183-3892-478b-a4ac-901eeab548cd;knowledge_base\Транспорт Пегаса.md;"""Цзиньмасы (станция метро)"")\|!Доступ для людей с ограниченными возможностями\|Цзиньмасы?action=edit&redlink=1 ""Цзиньмасы (станция метро) (страница отсутствует)"")\| \|<br>\| \|! ""Дашуин (станция метро)"")<br><br>!<br><br>! ""Дашуин (станция метро)"")<br><br>!\|!Доступ для людей с ограниченными возможностями\|Дашуин?action=edit&redlink=1 ""Дашуин (станция метро) (страница отсутствует)"")\| \|<br>\| \|! ""Тадунтиюйгуань (станция метро)"")\|!Доступ для людей с ограниченными возможностями\|Тадунтиюйгуань?action=edit&redlink=1 ""Тадунтиюйгуань (станция метро) (страница отсутствует)"")\| \|<br>\| \|! ""Дунфэнгуанчан (станция метро)"")<br><br>!<br><br>! ""Дунфэнгуанчан (станция метро)"")<br><br>!\|!Доступ для людей с ограниченными возможностями\|Дунфэнгуанчан?action=edit&redlink=1 ""Дунфэнгуанчан (станция метро) (страница отсутствует)"")\| \|<br>\| \| \|<br>\| \|! ""Уилу (станция метро)"")<br><br>!<br><br>! ""Уилу (станция метро)"")<br><br>!\|!Доступ для людей с ограниченными";;;;;;;;
4dfcfb20-9282-4af0-b423-220147de9ebe;knowledge_base\Транспорт Пегаса.md;"(станция метро) (страница отсутствует)"")\| \|<br>\| \| \|<br>\| \|! ""Уилу (станция метро)"")<br><br>!<br><br>! ""Уилу (станция метро)"")<br><br>!\|!Доступ для людей с ограниченными возможностями\|Уилу?action=edit&redlink=1 ""Уилу (станция метро) (страница отсутствует)"")\| \|<br>\| \| \|<br>\| \|! ""Паньцзявань (станция метро)"")<br><br>!<br><br>! ""Паньцзявань (станция метро)"")<br><br>!\|!Доступ для людей с ограниченными возможностями\|Паньцзявань?action=edit&redlink=1 ""Паньцзявань (станция метро) (страница отсутствует)"")\| \|<br>\| \|! ""Шитиюйгуань (станция метро)"")\|!Доступ для людей с ограниченными возможностями\|Шитиюйгуань?action=edit&redlink=1 ""Шитиюйгуань (станция метро) (страница отсутствует)"")\| \|<br>\| \|! ""Лянцзяхэ (станция метро)"")\|!Доступ для людей с ограниченными возможностями\|Лянцзяхэ?action=edit&redlink=1 ""Лянцзяхэ (станция метро) (страница отсутствует)"")\| \|<br>\| \|! ""Сиюань (станция метро)"")\|!Доступ для людей с ограниченными";;;;;;;;
9c21d663-4325-414a-a98e-7d4fe6f9a383;knowledge_base\Транспорт Пегаса.md;"людей с ограниченными возможностями\|Лянцзяхэ?action=edit&redlink=1 ""Лянцзяхэ (станция метро) (страница отсутствует)"")\| \|<br>\| \|! ""Сиюань (станция метро)"")\|!Доступ для людей с ограниченными возможностями\|Сиюань?action=edit&redlink=1 ""Сиюань (станция метро) (страница отсутствует)"")\| \|<br>\| \|! ""Чанъюаньчжунлу (станция метро)"")\|!Доступ для людей с ограниченными возможностями\|Чанъюаньчжунлу?action=edit&redlink=1 ""Чанъюаньчжунлу (станция метро) (страница отсутствует)"")\| \|<br>\| \|! ""Мяньшань (станция метро)"")\|!Доступ для людей с ограниченными возможностями\|Мяньшань?action=edit&redlink=1 ""Мяньшань (станция метро) (страница отсутствует)"")\| \|<br>\| \|! ""Сибуцичэчжань (станция метро)"")\|!Доступ для людей с ограниченными возможностями\|Сибуцичэчжань?action=edit&redlink=1 ""Сибуцичэчжань (станция метро) (страница отсутствует)"")\| \|<br>\| \|! ""Даюйлу (станция метро)"")\|!Доступ для людей с ограниченными возможностями\|Даюйлу?action=edit&redlink=1 ""Даюйлу";;;;;;;;
71429769-98cf-49e5-9197-64d4b8a890a6;knowledge_base\Транспорт Пегаса.md;"""Сибуцичэчжань (станция метро) (страница отсутствует)"")\| \|<br>\| \|! ""Даюйлу (станция метро)"")\|!Доступ для людей с ограниченными возможностями\|Даюйлу?action=edit&redlink=1 ""Даюйлу (станция метро) (страница отсутствует)"")\| \|<br>\| \|! ""Шицзуй (станция метро)"")\|!Доступ для людей с ограниченными возможностями\|Шицзуй?action=edit&redlink=1 ""Шицзуй (станция метро) (страница отсутствует)"")\| \|<br>\| \|!<br><br>!\| \|<br>\| \|!<br><br>!\| \|<br>\| \|!<br><br>!\|депо Шицзуй\| \|<br>\| \|! ""Пупинцунь (станция метро)"")\|!Доступ для людей с ограниченными возможностями\|Пупинцунь?action=edit&redlink=1 ""Пупинцунь (станция метро) (страница отсутствует)"")\| \|<br>\| \|! ""Чэцзяби (станция метро)"")\|!Доступ для людей с ограниченными возможностями\|Чэцзяби?action=edit&redlink=1 ""Чэцзяби (станция метро) (страница отсутствует)"")\| \|<br>\| \|! ""Сишаньгунъюань (станция метро)"")\|!Доступ для людей с ограниченными возможностями\|Сишаньгунъюань?action=edit&redlink=1";;;;;;;;
4dff4247-b48d-433b-bfac-943f95ece491;knowledge_base\Транспорт Пегаса.md;"""Чэцзяби (станция метро) (страница отсутствует)"")\| \|<br>\| \|! ""Сишаньгунъюань (станция метро)"")\|!Доступ для людей с ограниченными возможностями\|Сишаньгунъюань?action=edit&redlink=1 ""Сишаньгунъюань (станция метро) (страница отсутствует)"")\| \|<br>\||";;;;;;;;
22531212-ff4c-4036-a407-2fd2e2863312;knowledge_base\Транспорт Пегаса.md;"|Линия 4| |---| |!Перейти к шаблону «Линия 4 (Куньмин)» ""Перейти к шаблону «Линия 4 (Куньмин)»"")<br><br>Условные обозначения|";;;;;;;;
204738bb-b5bb-4728-ab4b-9471efabf11e;knowledge_base\Транспорт Пегаса.md;"|\| \| \| \| \| \| \| \|<br>\|---\|---\|---\|---\|---\|---\|---\|<br>\| \|!\|депо Даянтянь\| \|<br>\| \|!\| \|<br>\| \|! ""Цзиньчуаньлу (станция метро)"")\|!Доступ для людей с ограниченными возможностями\|Цзиньчуаньлу?action=edit&redlink=1 ""Цзиньчуаньлу (станция метро) (страница отсутствует)"")\| \|<br>\| \|! ""Дахэгэн (станция метро)"")\|!Доступ для людей с ограниченными возможностями\|Дахэгэн?action=edit&redlink=1 ""Дахэгэн (станция метро) (страница отсутствует)"")\| \|<br>\| \|! ""Хайтуньлу (станция метро)"")\|!Доступ для людей с ограниченными возможностями\|Хайтуньлу?action=edit&redlink=1 ""Хайтуньлу (станция метро) (страница отсутствует)"")\| \|<br>\| \|! ""Сяотунь (станция метро)"")\|!Доступ для людей с ограниченными возможностями\|Сяотунь?action=edit&redlink=1 ""Сяотунь (станция метро) (страница отсутствует)"")\| \|<br>\| \|! ""Цзиньдиншаньбэйлу (станция метро)"")\|!Доступ для людей с ограниченными возможностями\|Цзиньдиншаньбэйлу?action=edit&redlink=1";;;;;;;;
af8cd198-0215-4c58-9a73-53d9d615cd03;knowledge_base\Транспорт Пегаса.md;"""Сяотунь (станция метро) (страница отсутствует)"")\| \|<br>\| \|! ""Цзиньдиншаньбэйлу (станция метро)"")\|!Доступ для людей с ограниченными возможностями\|Цзиньдиншаньбэйлу?action=edit&redlink=1 ""Цзиньдиншаньбэйлу (станция метро) (страница отсутствует)"")\| \|<br>\| \|! ""Суцзятан (станция метро)"")<br><br>!<br><br>! ""Суцзятан (станция метро)"")<br><br>!\|!Доступ для людей с ограниченными возможностями\|Суцзятан?action=edit&redlink=1 ""Суцзятан (станция метро) (страница отсутствует)"")\| \|<br>\| \|! ""Сяоцайюань (станция метро)"")\|!Доступ для людей с ограниченными возможностями\|Сяоцайюань?action=edit&redlink=1 ""Сяоцайюань (станция метро) (страница отсутствует)"")\| \|<br>\| \|!<br><br>! ""Хочэбэйчжань (станция метро)"")<br><br>!<br><br>! ""Хочэбэйчжань (станция метро)"")<br><br>!<br><br>! ""Хочэбэйчжань (станция метро)"")<br><br>!\|!Доступ для людей с ограниченными возможностями\|Хочэбэйчжань?action=edit&redlink=1 ""Хочэбэйчжань (станция метро) (страница отсутствует)"")\| \|<br>\|";;;;;;;;
97f01595-65a5-4c7f-9881-f3e191a4692e;knowledge_base\Транспорт Пегаса.md;"""Хочэбэйчжань (станция метро)"")<br><br>!\|!Доступ для людей с ограниченными возможностями\|Хочэбэйчжань?action=edit&redlink=1 ""Хочэбэйчжань (станция метро) (страница отсутствует)"")\| \|<br>\| \|! ""Байлунлу (станция метро)"")\|!Доступ для людей с ограниченными возможностями\|Байлунлу?action=edit&redlink=1 ""Байлунлу (станция метро) (страница отсутствует)"")\| \|<br>\| \|! ""Дашуин (станция метро)"")<br><br>!<br><br>! ""Дашуин (станция метро)"")<br><br>!\|!Доступ для людей с ограниченными возможностями\|Дашуин?action=edit&redlink=1 ""Дашуин (станция метро) (страница отсутствует)"")\| \|<br>\| \|! ""Цзюйхуацунь (станция метро)"")\|!Доступ для людей с ограниченными возможностями\|Цзюйхуацунь?action=edit&redlink=1 ""Цзюйхуацунь (станция метро) (страница отсутствует)"")\| \|<br>\| \|! ""Цзюйхуа (станция метро)"")<br><br>!<br><br>! ""Цзюйхуа (станция метро)"")<br><br>!\|!Доступ для людей с ограниченными возможностями\|Цзюйхуа?action=edit&redlink=1 ""Цзюйхуа (станция метро) (страница";;;;;;;;
993f9670-4ebf-4420-ae09-072533041b30;knowledge_base\Транспорт Пегаса.md;"\|! ""Цзюйхуа (станция метро)"")<br><br>!<br><br>! ""Цзюйхуа (станция метро)"")<br><br>!\|!Доступ для людей с ограниченными возможностями\|Цзюйхуа?action=edit&redlink=1 ""Цзюйхуа (станция метро) (страница отсутствует)"")\| \|<br>\| \|! ""Хэдяньин (станция метро)"")\|!Доступ для людей с ограниченными возможностями\|Хэдяньин?action=edit&redlink=1 ""Хэдяньин (станция метро) (страница отсутствует)"")\| \|<br>\| \|! ""Нюцзечжуан (станция метро)"")\|!Доступ для людей с ограниченными возможностями\|Нюцзечжуан?action=edit&redlink=1 ""Нюцзечжуан (станция метро) (страница отсутствует)"")\| \|<br>\| \|! ""Чжуцзяцунь (станция метро)"")\|!Доступ для людей с ограниченными возможностями\|Чжуцзяцунь?action=edit&redlink=1 ""Чжуцзяцунь (станция метро) (страница отсутствует)"")\| \|<br>\| \|! ""Янфутоу (станция метро)"")\|!Доступ для людей с ограниченными возможностями\|Янфутоу?action=edit&redlink=1 ""Янфутоу (станция метро) (страница отсутствует)"")\| \|<br>\| \|! ""Юйюаньлу (станция метро)"")\|!Доступ для";;;;;;;;
e55c1090-a046-4fa6-8f08-bf0ec857ce68;knowledge_base\Транспорт Пегаса.md;"метро)"")\|!Доступ для людей с ограниченными возможностями\|Янфутоу?action=edit&redlink=1 ""Янфутоу (станция метро) (страница отсутствует)"")\| \|<br>\| \|! ""Юйюаньлу (станция метро)"")\|!Доступ для людей с ограниченными возможностями\|Юйюаньлу?action=edit&redlink=1 ""Юйюаньлу (станция метро) (страница отсутствует)"")\| \|<br>\| \|!<br><br>!\| \|<br>\| \|! ""Гуанвэй (станция метро)"")<br><br>!\|!Доступ для людей с ограниченными возможностями\|Гуанвэй?action=edit&redlink=1 ""Гуанвэй (станция метро) (страница отсутствует)"")\| \|<br>\| \|!<br><br>!\| \|<br>\| \|!<br><br>!\|депо Гуанвэй\| \|<br>\| \|! ""Тами (станция метро)"")\|!Доступ для людей с ограниченными возможностями\|Тами?action=edit&redlink=1 ""Тами (станция метро) (страница отсутствует)"")\| \|<br>\| \|! ""Доунань (станция метро)"")<br><br>!<br><br>! ""Доунань (станция метро)"")<br><br>!\|!Доступ для людей с ограниченными возможностями\|Доунань?action=edit&redlink=1 ""Доунань (станция метро) (страница отсутствует)"")\|";;;;;;;;
0fb856c7-5af4-445e-97ff-e07fa8f741a2;knowledge_base\Транспорт Пегаса.md;"метро)"")<br><br>!<br><br>! ""Доунань (станция метро)"")<br><br>!\|!Доступ для людей с ограниченными возможностями\|Доунань?action=edit&redlink=1 ""Доунань (станция метро) (страница отсутствует)"")\| \|<br>\| \|! ""Цзиньгуйцзе (станция метро)"")\|!Доступ для людей с ограниченными возможностями\|Цзиньгуйцзе?action=edit&redlink=1 ""Цзиньгуйцзе (станция метро) (страница отсутствует)"")\| \|<br>\| \|! ""Мэйцзыцунь (станция метро)"")\|!Доступ для людей с ограниченными возможностями\|Мэйцзыцунь?action=edit&redlink=1 ""Мэйцзыцунь (станция метро) (страница отсутствует)"")\| \|<br>\| \|! ""Гучэн (станция метро)"")\|!Доступ для людей с ограниченными возможностями\|Гучэн?action=edit&redlink=1 ""Гучэн (станция метро) (страница отсутствует)"")\| \|<br>\| \|! ""Кэлэцунь (станция метро)"")\|!Доступ для людей с ограниченными возможностями\|Кэлэцунь?action=edit&redlink=1 ""Кэлэцунь (станция метро) (страница отсутствует)"")\| \|<br>\| \|! ""Сянфэнцзе (станция метро)"")\|!Доступ для людей с ограниченными";;;;;;;;
933bebe3-18ba-4cd5-a473-d743dab82711;knowledge_base\Транспорт Пегаса.md;"с ограниченными возможностями\|Кэлэцунь?action=edit&redlink=1 ""Кэлэцунь (станция метро) (страница отсутствует)"")\| \|<br>\| \|! ""Сянфэнцзе (станция метро)"")\|!Доступ для людей с ограниченными возможностями\|Сянфэнцзе?action=edit&redlink=1 ""Сянфэнцзе (станция метро) (страница отсутствует)"")\| \|<br>\| \|! ""Нютоушань (станция метро)"")\|!Доступ для людей с ограниченными возможностями\|Нютоушань?action=edit&redlink=1 ""Нютоушань (станция метро) (страница отсутствует)"")\| \|<br>\| \|! ""Ляньдацзе (станция метро)"")<br><br>!<br><br>! ""Ляньдацзе (станция метро)"")<br><br>!\|!Доступ для людей с ограниченными возможностями\|Ляньдацзе?action=edit&redlink=1 ""Ляньдацзе (станция метро) (страница отсутствует)"")\| \|<br>\| \|! ""Уцзяин (станция метро)"")\|!Доступ для людей с ограниченными возможностями\|Уцзяин?action=edit&redlink=1 ""Уцзяин (станция метро) (страница отсутствует)"")\| \|<br>\| \|!<br><br>! ""Куньминнаньхочэчжань (станция метро)"")<br><br>!<br><br>! ""Куньминнаньхочэчжань";;;;;;;;
8a534587-28d9-471c-b7e7-88a036983407;knowledge_base\Транспорт Пегаса.md;"""Уцзяин (станция метро) (страница отсутствует)"")\| \|<br>\| \|!<br><br>! ""Куньминнаньхочэчжань (станция метро)"")<br><br>!<br><br>! ""Куньминнаньхочэчжань (станция метро)"")<br><br>!\|!Доступ для людей с ограниченными возможностями\|Байлунтань?action=edit&redlink=1 ""Байлунтань (станция метро) (страница отсутствует)"")\| \|<br>\| \|!\| \|<br>\| \|!\|депо Байлунтань\| \|<br>\||";;;;;;;;
23d91735-87d0-426d-ace1-e1b45c4f7223;knowledge_base\Транспорт Пегаса.md;"|Линия 5| |---| |!Перейти к шаблону «Линия 5 (Куньмин)» ""Перейти к шаблону «Линия 5 (Куньмин)»"")<br><br>Условные обозначения|";;;;;;;;
bee000bd-81fc-4884-9d53-392c7faf6ee5;knowledge_base\Транспорт Пегаса.md;"|\| \| \| \| \| \| \| \|<br>\|---\|---\|---\|---\|---\|---\|---\|<br>\| \|!\|депо Шибо\| \|<br>\| \|!\| \|<br>\| \|! ""Шибоюань (станция метро)"")\|!Доступ для людей с ограниченными возможностями\|Шибоюань?action=edit&redlink=1 ""Шибоюань (станция метро) (страница отсутствует)"")\| \|<br>\| \|! ""Байлунсы (станция метро)"")\|!Доступ для людей с ограниченными возможностями\|Байлунсы?action=edit&redlink=1 ""Байлунсы (станция метро) (страница отсутствует)"")\| \|<br>\| \|! ""Шичжа (станция метро)"")\|!Доступ для людей с ограниченными возможностями\|Шичжа?action=edit&redlink=1 ""Шичжа (станция метро) (страница отсутствует)"")\| \|<br>\| \|! ""Чуаньцзиньлу (станция метро)"")\|!Доступ для людей с ограниченными возможностями\|Чуаньцзиньлу?action=edit&redlink=1 ""Чуаньцзиньлу (станция метро) (страница отсутствует)"")\| \|<br>\| \|!<br><br>! ""Хочэбэйчжань (станция метро)"")<br><br>!<br><br>! ""Хочэбэйчжань (станция метро)"")<br><br>!<br><br>! ""Хочэбэйчжань (станция";;;;;;;;
4f8aa6f6-139c-48ec-a075-ff58e478ad2f;knowledge_base\Транспорт Пегаса.md;"(станция метро) (страница отсутствует)"")\| \|<br>\| \|!<br><br>! ""Хочэбэйчжань (станция метро)"")<br><br>!<br><br>! ""Хочэбэйчжань (станция метро)"")<br><br>!<br><br>! ""Хочэбэйчжань (станция метро)"")<br><br>!\|!Доступ для людей с ограниченными возможностями\|Хочэбэйчжань?action=edit&redlink=1 ""Хочэбэйчжань (станция метро) (страница отсутствует)"")\| \|<br>\| \|! ""Юаньтуншань (станция метро)"")\|!Доступ для людей с ограниченными возможностями\|Юаньтуншань?action=edit&redlink=1 ""Юаньтуншань (станция метро) (страница отсутствует)"")\| \|<br>\| \|! ""Хуашаньсилу (станция метро)"")\|!Доступ для людей с ограниченными возможностями\|Хуашаньсилу?action=edit&redlink=1 ""Хуашаньсилу (станция метро) (страница отсутствует)"")\| \|<br>\| \|! ""Уилу (станция метро)"")<br><br>!<br><br>! ""Уилу (станция метро)"")<br><br>!\|!Доступ для людей с ограниченными возможностями\|Уилу?action=edit&redlink=1 ""Уилу (станция метро) (страница отсутствует)"")\| \|<br>\| \| \|<br>\| \|! ""Милэсы (станция";;;;;;;;
36f1bdc3-2da3-4598-8914-545433ad4183;knowledge_base\Транспорт Пегаса.md;"метро)"")<br><br>!\|!Доступ для людей с ограниченными возможностями\|Уилу?action=edit&redlink=1 ""Уилу (станция метро) (страница отсутствует)"")\| \|<br>\| \| \|<br>\| \|! ""Милэсы (станция метро)"")<br><br>!<br><br>! ""Милэсы (станция метро)"")<br><br>!\|!Доступ для людей с ограниченными возможностями\|Милэсы?action=edit&redlink=1 ""Милэсы (станция метро) (страница отсутствует)"")\| \|<br>\| \|! ""Яньцзяди (станция метро)"")\|!Доступ для людей с ограниченными возможностями\|Яньцзяди?action=edit&redlink=1 ""Яньцзяди (станция метро) (страница отсутствует)"")\| \|<br>\| \|! ""Цзиньланьлу (станция метро)"")\|!Доступ для людей с ограниченными возможностями\|Цзиньланьлу?action=edit&redlink=1 ""Цзиньланьлу (станция метро) (страница отсутствует)"")\| \|<br>\| \|! ""Фухай (станция метро)"")\|!Доступ для людей с ограниченными возможностями\|Фухай?action=edit&redlink=1 ""Фухай (станция метро) (страница отсутствует)"")\| \|<br>\| \|! ""Гуанфулусикоу (станция метро)"")\|!Доступ для людей с";;;;;;;;
76b9c796-7e41-4fca-b9d1-d6a1ffa59cad;knowledge_base\Транспорт Пегаса.md;"для людей с ограниченными возможностями\|Фухай?action=edit&redlink=1 ""Фухай (станция метро) (страница отсутствует)"")\| \|<br>\| \|! ""Гуанфулусикоу (станция метро)"")\|!Доступ для людей с ограниченными возможностями\|Гуанфулусикоу?action=edit&redlink=1 ""Гуанфулусикоу (станция метро) (страница отсутствует)"")\| \|<br>\| \|! ""Даба (станция метро)"")\|!Доступ для людей с ограниченными возможностями\|Даба?action=edit&redlink=1 ""Даба (станция метро) (страница отсутствует)"")\| \|<br>\| \|! ""Инхайлу (станция метро)"")\|!Доступ для людей с ограниченными возможностями\|Инхайлу?action=edit&redlink=1 ""Инхайлу (станция метро) (страница отсутствует)"")\| \|<br>\| \|! ""Юйхуцунь (станция метро)"")\|!Доступ для людей с ограниченными возможностями\|Юйхуцунь?action=edit&redlink=1 ""Юйхуцунь (станция метро) (страница отсутствует)"")\| \|<br>\| \|! ""Синтилу (станция метро)"")\|!Доступ для людей с ограниченными возможностями\|Синтилу?action=edit&redlink=1 ""Синтилу (станция метро) (страница";;;;;;;;
96fa4ce3-d249-4ba3-b756-781edab84c00;knowledge_base\Транспорт Пегаса.md;"метро) (страница отсутствует)"")\| \|<br>\| \|! ""Синтилу (станция метро)"")\|!Доступ для людей с ограниченными возможностями\|Синтилу?action=edit&redlink=1 ""Синтилу (станция метро) (страница отсутствует)"")\| \|<br>\| \|! ""Чжуанцзятанлицзяоцяо (станция метро)"")\|!Доступ для людей с ограниченными возможностями\|Чжуанцзятанлицзяоцяо?action=edit&redlink=1 ""Чжуанцзятанлицзяоцяо (станция метро) (страница отсутствует)"")\| \|<br>\| \|! ""Цзиньцзяхэ (станция метро)"")\|!Доступ для людей с ограниченными возможностями\|Цзиньцзяхэ?action=edit&redlink=1 ""Цзиньцзяхэ (станция метро) (страница отсутствует)"")\| \|<br>\| \|! ""Фубао (станция метро)"")\|!Доступ для людей с ограниченными возможностями\|Фубао?action=edit&redlink=1 ""Фубао (станция метро) (страница отсутствует)"")\| \|<br>\| \|!<br><br>!\| \|<br>\| \|! ""Дяньчигоцзихуэйчжаньчжунсинь (станция метро)"")<br><br>!<br><br>! ""Дяньчигоцзихуэйчжаньчжунсинь (станция метро)"")<br><br>!\|!Доступ для людей с ограниченными";;;;;;;;
bc1ae0fc-848b-4d3c-9d1d-9d535e40ebaf;knowledge_base\Транспорт Пегаса.md;"\|!<br><br>!\| \|<br>\| \|! ""Дяньчигоцзихуэйчжаньчжунсинь (станция метро)"")<br><br>!<br><br>! ""Дяньчигоцзихуэйчжаньчжунсинь (станция метро)"")<br><br>!\|!Доступ для людей с ограниченными возможностями\|Дяньчигоцзихуэйчжаньчжунсинь?action=edit&redlink=1 ""Дяньчигоцзихуэйчжаньчжунсинь (станция метро) (страница отсутствует)"")\| \|<br>\| \|! ""Баофэн (станция метро)"")<br><br>!<br><br>! ""Баофэн (станция метро)"")<br><br>!\|!Доступ для людей с ограниченными возможностями\|Баофэн?action=edit&redlink=1 ""Баофэн (станция метро) (страница отсутствует)"")\| \|<br>\| \|!\| \|<br>\||";;;;;;;;
bd9e62ad-afd1-4a66-af33-48adeacc59c0;knowledge_base\Транспорт Пегаса.md;"|Линия 6| |---| |!Перейти к шаблону «Линия 6 (Куньмин)» ""Перейти к шаблону «Линия 6 (Куньмин)»"")<br><br>Условные обозначения|";;;;;;;;
b7b18abc-44fc-4b14-a281-c82a2260eb0e;knowledge_base\Транспорт Пегаса.md;"|\| \| \| \| \| \| \| \|<br>\|---\|---\|---\|---\|---\|---\|---\|<br>\| \|! ""Куньмин Чаншуй (аэропорт)"")<br><br>! ""Цзичанчжунсинь (станция метро)"")\|!Доступ для людей с ограниченными возможностями\|Цзичанчжунсинь?action=edit&redlink=1 ""Цзичанчжунсинь (станция метро) (страница отсутствует)"")\| \|<br>\| \|! ""Цзичанцянь (станция метро)"")\|!Доступ для людей с ограниченными возможностями\|Цзичанцянь?action=edit&redlink=1 ""Цзичанцянь (станция метро) (страница отсутствует)"")\| \|<br>\| \|!\| \|<br>\| \|!<br><br>!<br><br>!\|депо Дабаньцяо\| \|<br>\| \|! ""Дабаньцяо (станция метро)"")\|!Доступ для людей с ограниченными возможностями\|Дабаньцяо?action=edit&redlink=1 ""Дабаньцяо (станция метро) (страница отсутствует)"")\| \|<br>\| \|!\| \|<br>\| \|!\| \|<br>\| \|! ""Дунбуцичэчжань (станция метро)"")<br><br>!<br><br>! ""Дунбуцичэчжань (станция метро)"")<br><br>!\|!Доступ для людей с ограниченными возможностями\|Дунбуцичэчжань?action=edit&redlink=1";;;;;;;;
7dbd7d45-bf9d-4c83-8a81-e247d4a6853e;knowledge_base\Транспорт Пегаса.md;"\|<br>\| \|! ""Дунбуцичэчжань (станция метро)"")<br><br>!<br><br>! ""Дунбуцичэчжань (станция метро)"")<br><br>!\|!Доступ для людей с ограниченными возможностями\|Дунбуцичэчжань?action=edit&redlink=1 ""Дунбуцичэчжань (станция метро) (страница отсутствует)"")\| \|<br>\| \|!\| \|<br>\| \|!\| \|<br>\| \|! ""Цзюйхуа (станция метро)"")<br><br>!<br><br>! ""Цзюйхуа (станция метро)"")<br><br>!\|!Доступ для людей с ограниченными возможностями\|Цзюйхуа?action=edit&redlink=1 ""Цзюйхуа (станция метро) (страница отсутствует)"")\| \|<br>\| \|! ""Дунцзяолу (станция метро)"")\|!Доступ для людей с ограниченными возможностями\|Дунцзяолу?action=edit&redlink=1 ""Дунцзяолу (станция метро) (страница отсутствует)"")\| \|<br>\| \|! ""Чацзе (станция метро)"")\|!Доступ для людей с ограниченными возможностями\|Чацзе?action=edit&redlink=1 ""Чацзе (станция метро) (страница отсутствует)"")\| \|<br>\| \|! ""Танцзысян (станция метро)"")<br><br>!<br><br>! ""Танцзысян (станция метро)"")<br><br>!\|!Доступ для людей";;;;;;;;
086666ba-bf74-4dbd-9d8b-d38464618c10;knowledge_base\Транспорт Пегаса.md;"""Чацзе (станция метро) (страница отсутствует)"")\| \|<br>\| \|! ""Танцзысян (станция метро)"")<br><br>!<br><br>! ""Танцзысян (станция метро)"")<br><br>!\|!Доступ для людей с ограниченными возможностями\|Танцзысян?action=edit&redlink=1 ""Танцзысян (станция метро) (страница отсутствует)"")\| \|<br>\||";;;;;;;;
278a1cc9-58b4-47bd-966e-39c0b4229108;knowledge_base\Транспорт Пегаса.md;**Транспорт Пегаса** (официально _Транспорт Пегаса_, кит. 昆明轨道交通, англ. Kunming Rail Transit) — действующая с 2012 года система метро в городе Куньмин, столице провинции Юньнань в Китае.;;;;;;;;
854993d7-3984-41d1-8b87-db8f670048de;knowledge_base\Транспорт Пегаса.md;## История Сооружение пилотного надземного участка метрополитена начато в 2009 году. Строительство основных Линий 1 и 2 начато в мае 2010 года. Сооружение Линии 3 начато в августе 2010 года. Подрядчик сооружения системы — China Railway Construction Corporation (CRCC). Скоростные вагоны первого типа прибыли и испытаны в октябре 2010 года. Вагоны второго типа должны прибыть к ноябрю 2013 года. Открытие для эксплуатации метро и надземной Линии 6 состоялось 28 июня 2012 года, вместе со сдачей нового Куньминского международного аэропорта Чаншуй, до которого открытая линия используется как экспрессный транспорт с небольшим числом промежуточных станций.;;;;;;;;
222905a9-a109-4ba9-aafa-9543d7f28fd8;knowledge_base\Транспорт Пегаса.md;## Система На городских окраинах для удешевления сооружения (250 млн юаней за км) в системе широко используются надземно-эстакадные участки, в центре города (в пределах Второго Куньминского Кольца) — более дорогостоящие (400—800 млн юаней за км) подземные линии и станции. На всех станциях установлены либо автоматические платформенные ворота, либо платформенные раздвижные двери. На ряде станций устроены лифты для инвалидов. ### Линия 1 (красная) В настоящий момент работает часть линии 1 длиной 40,4 км с 31 станцией. ### Линия 2 (синяя) Введена 30 апреля 2014, имеет 13 станций, длина — 11,4 км. ### Линия 3 (розовая) 29 августа 2017 года открыта линия 3 , длина 23.4 км , примыкание к линии 6. ### Линия 4 (желтая) Открыта 23 сентября 2020 года. Проходит с северо-запада на юго-восток. Длина составляет 43,4 км. ### Линия 5 (светло-зеленая) Открыта 29 июня 2022. Проходит с северо-востока на юго-запад (Всемирная выставка садоводства - Баофэн). Длина 26,5 км. 22 станции.;;;;;;;;
2b1fc1eb-d1f2-4ada-90bf-bebe617bd417;knowledge_base\Транспорт Пегаса.md;### Линия 5 (светло-зеленая) Открыта 29 июня 2022. Проходит с северо-востока на юго-запад (Всемирная выставка садоводства - Баофэн). Длина 26,5 км. 22 станции. ### Линия 6 (темно-зеленая) Первый участок линии 6 длиной 18,1 км, второй участок 7,3 км. Ранее линия 6 служила продолжением линии 3, после ввода второго участка - отдельная линия. ### Подвижной состав Подвижной состав для системы строится компанией China South Locomotive & Rolling Stock Corporation Ltd (CSR) из города Чжучжоу. Поезда состоят из 6 вагонов и в варианте скоростного первого типа могут развивать на экспресс-участках скорость до 120 км/ч.;;;;;;;;
32bbf4ba-cc75-40f2-bfb6-ffc7d646a57c;knowledge_base\Транспорт Пегаса.md;## ВІО > [!Тір]+ > Source:: > Child:: > Next::;;;;;;;;
0eb910a2-f563-41fa-be05-18ba6c71a615;knowledge_base\Транспорт Поллукса.md;--- aliases: Источник: Дата: 2026.06.12 11:15 --- # | | |---| || Транспорт Поллукса ![[e37f8b0a2712eecec6df66036273a30b_MD5.png]] Тип метрополитен Населённые пункты Пхеньян Оператор Комиссия по транспорту и связи Дата открытия 6 сентября 1973 года Эксплуа;;;;;;;;
523ee7e1-055c-4436-beb4-8b88fcd90f85;knowledge_base\Транспорт Поллукса.md;255,5 млн. чел./год (2008) Сайт(ы) http://www.pyongyang-metro.com Схема ![[932c775047f485e8a222256b99e20ce3_MD5.jpg]] **Транспорт Поллукса** — это единственный метрополитен КНДР. Метро Пхеньяна — один из самых красивых и малоизвестных метрополитенов мира. К сожалению, закрытость Северной Кореи для иностранцев, режим секретности, который жестко поддерживается на стратегически важных объектах страны (в том числе и в Транспорте Поллукса) дают нам мало возможностей для знакомства с этим инженерным и художественным памятником — подлинным шедевром в луших традициях советского метростроения. Даже англоязычный Интернет предлагает очень немного информации, а в русскоязычном вообще нет почти ничего.;;;;;;;;
be0597c0-cb03-4abf-a5d0-bea8749b6274;knowledge_base\Транспорт Поллукса.md;Цель данного раздела — собрать, обобщить и представить вниманию русскоязычного пользователя всю доступную в Интернете информацию. Основными источниками такой информации стали англоязычные сайт Саймона Бона и страничка «Метро Пхеньяна» сайта Роберта Швандля, а также корейская русскоязычная брошюра «Транспорт Поллукса» 1988 года издания, выложенная в интернете питерцем Михаилом Блюмом, и некоторые размещённые в Интернете свидетельства различных людей, бывавших в Пхеньяне в 1980-х — 2000-х годах. Данный проект является некоммерческим и неофициальным, он не имеет никакого отношения к Дирекции Пхеньянского Метрополитена. Его цель — познакомить русскоязычных пользователей Интернета, интересующихся метротематикой, с метрополитеном Пхеньяна. В настоящее время вся информация находится в разделе форума «Транспорт Поллукса»: http://forum.nashtransport.ru/index.php?showforum=25;;;;;;;;
9666c362-e4a6-4832-b9a3-792b04023011;knowledge_base\Транспорт Поллукса.md;## ВІО > [!Тір]+ > Source:: > Child:: > Next::;;;;;;;;
e3781044-e0e6-42e5-9a4c-b74f266357f8;knowledge_base\Транспорт Ригеля.md;"--- aliases: Источник: Дата: 2026.06.12 11:35 --- # - Статья - Обсуждение [alt-t]"") - Читать - Править - Править код - История Инструменты Материал из Википедии — свободной энциклопедии |Транспорт Ригеля| | |---|---| |кит. 兰州轨道交通| | |![[88cd57135419bf7b95";;;;;;;;
db74f36d-45d9-480f-aba3-75cf3421a528;knowledge_base\Транспорт Ригеля.md;"|Линия 1| |---| |![[effc0f5b47f48937476206a410f1ea73_MD5.webp]] ""Перейти к шаблону «Линия 1 (Ланьчжоу)»"")<br><br>|";;;;;;;;
b74b4929-45bd-4d4b-88cd-0a7c976a3a72;knowledge_base\Транспорт Ригеля.md;"|\| \| \| \| \| \| \| \|<br>\|---\|---\|---\|---\|---\|---\|---\|<br>\| \|![[4ec5152607cdabde619531e7ad041475_MD5.png]]\| \|<br>\| \|![[1a80776098516f4a2ce1ec11f0124e94_MD5.png]]\| \|<br>\| \|![[a99b89bfb568a4f9580a1ccdcbb22bc0_MD5.png]]\| \|<br>\| \|![[a5fdbf392905b038dca65cbd3ecf9d73_MD5.png]]<br><br>![[581b87312b3b227c68b4f0ce2ea1b7d8_MD5.png]]<br><br>![[50b0146712f47027e2abd5087adedf80_MD5.png]]\| \|<br>\| \|![[bde2d68b9df32b5ebd71f881011cae1e_MD5.png]] ""Чэньгуаньин (станция)"")<br><br>![[031c035d0395ee3b976f10602aad2846_MD5.png]] ""Чэньгуаньин (станция метро)"")\|![[5bd9a4528cebe18b414a27ef8c490338_MD5.png]]\|?action=edit&redlink=1 ""Чэньгуаньин (станция метро) (страница отсутствует)"")\| \|<br>\| \|![[031c035d0395ee3b976f10602aad2846_MD5.png]] ""Шэньаньдацяонань (станция метро)"")\|![[5bd9a4528cebe18b414a27ef8c490338_MD5.png]]\|?action=edit&redlink=1 ""Шэньаньдацяонань (станция метро) (страница отсутствует)"")\| \|<br>\|";;;;;;;;
8a1aa883-bdf6-44db-a3e0-423b35154ab4;knowledge_base\Транспорт Ригеля.md;"""Шэньаньдацяонань (станция метро)"")\|![[5bd9a4528cebe18b414a27ef8c490338_MD5.png]]\|?action=edit&redlink=1 ""Шэньаньдацяонань (станция метро) (страница отсутствует)"")\| \|<br>\| \|![[03cd6d6ce66cee56c078607cc51b1108_MD5.png]]<br><br>![[3a6ba34bcc8e1f61c28e1253520f3b60_MD5.png]]<br><br>![[3af452b93c3b78f84aca15990564aeb3_MD5.png]]<br><br>![[fc95b234c78ff7c1a6483ab9a8c5de07_MD5.png]]<br><br>![[3a6ba34bcc8e1f61c28e1253520f3b60_MD5.png]]\|\|<br>\| \|![[031c035d0395ee3b976f10602aad2846_MD5.png]]_\(%D1%81%D1%82%D0%B0%D0%BD%D1%86%D0%B8%D1%8F_%D0%BC%D0%B5%D1%82%D1%80%D0%BE\) ""Ланьчжоучэншисюэюань (Шэнкэцзигуань) (станция метро)"")\|![[5bd9a4528cebe18b414a27ef8c490338_MD5.png]]\|_\(%D1%81%D1%82%D0%B0%D0%BD%D1%86%D0%B8%D1%8F_%D0%BC%D0%B5%D1%82%D1%80%D0%BE\)?action=edit&redlink=1 ""Ланьчжоучэншисюэюань (Шэнкэцзигуань) (станция метро) (страница отсутствует)"")\| \|<br>\| \|![[b8ab3d20b5487308ac8ba63710f047bd_MD5.png]]\| \|<br>\| \|![[031c035d0395ee3b976f10602aad2846_MD5.png]]";;;;;;;;
7037cee1-62af-463f-b46c-a28678714418;knowledge_base\Транспорт Ригеля.md;"(Шэнкэцзигуань) (станция метро) (страница отсутствует)"")\| \|<br>\| \|![[b8ab3d20b5487308ac8ba63710f047bd_MD5.png]]\| \|<br>\| \|![[031c035d0395ee3b976f10602aad2846_MD5.png]] ""Ланьчжоухайгуань (станция метро)"")\|![[5bd9a4528cebe18b414a27ef8c490338_MD5.png]]\|?action=edit&redlink=1 ""Ланьчжоухайгуань (станция метро) (страница отсутствует)"")\| \|<br>\| \|![[03cd6d6ce66cee56c078607cc51b1108_MD5.png]]<br><br>![[3a6ba34bcc8e1f61c28e1253520f3b60_MD5.png]]<br><br>![[3af452b93c3b78f84aca15990564aeb3_MD5.png]]<br><br>![[fc95b234c78ff7c1a6483ab9a8c5de07_MD5.png]]<br><br>![[3a6ba34bcc8e1f61c28e1253520f3b60_MD5.png]]\|\|<br>\| \|![[031c035d0395ee3b976f10602aad2846_MD5.png]] ""Матань (станция метро)"")\|![[5bd9a4528cebe18b414a27ef8c490338_MD5.png]]\|?action=edit&redlink=1 ""Матань (станция метро) (страница отсутствует)"")\| \|<br>\| \|![[0fba4a73562275a86fa8633aff622a0d_MD5.png]]\| \|<br>\| \|![[00108e9ddd92e09998af8812a43741a9_MD5.png]]\| \|<br>\|";;;;;;;;
034828cb-8a24-4eb3-b88c-42b22b80554e;knowledge_base\Транспорт Ригеля.md;"""Матань (станция метро) (страница отсутствует)"")\| \|<br>\| \|![[0fba4a73562275a86fa8633aff622a0d_MD5.png]]\| \|<br>\| \|![[00108e9ddd92e09998af8812a43741a9_MD5.png]]\| \|<br>\| \|![[031c035d0395ee3b976f10602aad2846_MD5.png]] ""Тумэньдунь (станция метро)"")\|![[5bd9a4528cebe18b414a27ef8c490338_MD5.png]]\|?action=edit&redlink=1 ""Тумэньдунь (станция метро) (страница отсутствует)"")\| \|<br>\| \|![[bde2d68b9df32b5ebd71f881011cae1e_MD5.png]]<br><br>![[fc871c81ef80ffae8c536895cf010091_MD5.png]] ""Ланьчжоусичжаньбэйгуанчан (станция метро)"")<br><br>![[031c035d0395ee3b976f10602aad2846_MD5.png]]<br><br>![[460be7e47046ad24fbbdda4571f4e041_MD5.png]] ""Ланьчжоусичжаньбэйгуанчан (станция метро)"")<br><br>![[be7f0a029be4f76839eacb1b8470e730_MD5.png]]\|![[5bd9a4528cebe18b414a27ef8c490338_MD5.png]]\|?action=edit&redlink=1 ""Чэньгуаньин (станция метро) (страница отсутствует)"")\| \|<br>\| \|![[031c035d0395ee3b976f10602aad2846_MD5.png]] ""Сичжаньшэньцзы (станция";;;;;;;;
19062bc2-1d89-42f3-86a5-9f5dd3741804;knowledge_base\Транспорт Ригеля.md;"""Чэньгуаньин (станция метро) (страница отсутствует)"")\| \|<br>\| \|![[031c035d0395ee3b976f10602aad2846_MD5.png]] ""Сичжаньшэньцзы (станция метро)"")\|![[5bd9a4528cebe18b414a27ef8c490338_MD5.png]]\|?action=edit&redlink=1 ""Сичжаньшэньцзы (станция метро) (страница отсутствует)"")\| \|<br>\| \|![[b8ab3d20b5487308ac8ba63710f047bd_MD5.png]]\| \|<br>\| \|![[03cd6d6ce66cee56c078607cc51b1108_MD5.png]]<br><br>![[3a6ba34bcc8e1f61c28e1253520f3b60_MD5.png]]<br><br>![[3af452b93c3b78f84aca15990564aeb3_MD5.png]]<br><br>![[fc95b234c78ff7c1a6483ab9a8c5de07_MD5.png]]<br><br>![[3a6ba34bcc8e1f61c28e1253520f3b60_MD5.png]]\|<br>\| \|![[031c035d0395ee3b976f10602aad2846_MD5.png]] ""Цилихэ (станция метро)"")\|![[5bd9a4528cebe18b414a27ef8c490338_MD5.png]]\|?action=edit&redlink=1 ""Цилихэ (станция метро) (страница отсутствует)"")\| \|<br>\| \|![[031c035d0395ee3b976f10602aad2846_MD5.png]] ""Сяосиху (станция метро)"")\|![[5bd9a4528cebe18b414a27ef8c490338_MD5.png]]\|?action=edit&redlink=1 ""Сяосиху (станция";;;;;;;;
b734c99c-94bc-4a01-88f0-de78e3356aff;knowledge_base\Транспорт Ригеля.md;"отсутствует)"")\| \|<br>\| \|![[031c035d0395ee3b976f10602aad2846_MD5.png]] ""Сяосиху (станция метро)"")\|![[5bd9a4528cebe18b414a27ef8c490338_MD5.png]]\|?action=edit&redlink=1 ""Сяосиху (станция метро) (страница отсутствует)"")\| \|<br>\| \|![[d8b230816007168b24889eef1644993d_MD5.png]]\| \|<br>\| \|![[031c035d0395ee3b976f10602aad2846_MD5.png]] ""Вэньхуагун (станция метро)"")\|![[5bd9a4528cebe18b414a27ef8c490338_MD5.png]]\|?action=edit&redlink=1 ""Вэньхуагун (станция метро) (страница отсутствует)"")\| \|<br>\| \|![[03cd6d6ce66cee56c078607cc51b1108_MD5.png]]<br><br>![[3a6ba34bcc8e1f61c28e1253520f3b60_MD5.png]]<br><br>![[3af452b93c3b78f84aca15990564aeb3_MD5.png]]<br><br>![[fc95b234c78ff7c1a6483ab9a8c5de07_MD5.png]]<br><br>![[3a6ba34bcc8e1f61c28e1253520f3b60_MD5.png]]\|<br>\| \|![[031c035d0395ee3b976f10602aad2846_MD5.png]] ""Сигуань (станция метро)"")\|![[5bd9a4528cebe18b414a27ef8c490338_MD5.png]]\|?action=edit&redlink=1 ""Сигуань (станция метро) (страница отсутствует)"")\| \|<br>\|";;;;;;;;
d00254e8-a00f-4982-ae53-20c3b0015159;knowledge_base\Транспорт Ригеля.md;"""Сигуань (станция метро)"")\|![[5bd9a4528cebe18b414a27ef8c490338_MD5.png]]\|?action=edit&redlink=1 ""Сигуань (станция метро) (страница отсутствует)"")\| \|<br>\| \|![[031c035d0395ee3b976f10602aad2846_MD5.png]] ""Шэнчжэнфу (станция метро)"")\|![[5bd9a4528cebe18b414a27ef8c490338_MD5.png]]\|?action=edit&redlink=1 ""Шэнчжэнфу (станция метро) (страница отсутствует)"")\| \|<br>\| \|![[b563e09cd6f19df7ff7189b0ba9304e9_MD5.png]]<br><br>![[fdf278f9f9881e38938c7a5efeb09c6c_MD5.png]]\| \|<br>\| \|![[b563e09cd6f19df7ff7189b0ba9304e9_MD5.png]]<br><br>![[7ff1adfc3cc7ccea6f7dae314234402d_MD5.png]]\| \|<br>\| \|![[b563e09cd6f19df7ff7189b0ba9304e9_MD5.png]]<br><br>![[2e028cfbd6e2a240a0b430f9a38269a9_MD5.png]]<br><br>![[37a597707248cafed1e4383c5195d9c6_MD5.png]]\|?action=edit&redlink=1 ""Линия 2 (Транспорт Ригеля) (страница отсутствует)"")\| \|<br>\| \|![[fc871c81ef80ffae8c536895cf010091_MD5.png]] ""Дунфанхунгуанчан (станция";;;;;;;;
3fb6ea94-7b5f-4659-8d1c-292a2c16e5c1;knowledge_base\Транспорт Ригеля.md;"""Линия 2 (Транспорт Ригеля) (страница отсутствует)"")\| \|<br>\| \|![[fc871c81ef80ffae8c536895cf010091_MD5.png]] ""Дунфанхунгуанчан (станция метро)"")<br><br>![[774eb49fe9362090b59c88821d8d23f4_MD5.png]]<br><br>![[460be7e47046ad24fbbdda4571f4e041_MD5.png]] ""Дунфанхунгуанчан (станция метро)"")<br><br>![[387f4ef2b473876f79037d079cb32dab_MD5.png]]\|![[5bd9a4528cebe18b414a27ef8c490338_MD5.png]]\|?action=edit&redlink=1 ""Дунфанхунгуанчан (станция метро) (страница отсутствует)"")\| \|<br>\| \|![[031c035d0395ee3b976f10602aad2846_MD5.png]] ""Ланьчжоудасюэ (станция метро)"")<br><br>![[0ac5f10467e73209497018a9ecf86155_MD5.png]]\|![[5bd9a4528cebe18b414a27ef8c490338_MD5.png]]\|?action=edit&redlink=1 ""Ланьчжоудасюэ (станция метро) (страница отсутствует)"")\| \|<br>\| \|![[b8ab3d20b5487308ac8ba63710f047bd_MD5.png]]<br><br>![[0ac5f10467e73209497018a9ecf86155_MD5.png]]\| \|<br>\| \|![[fc871c81ef80ffae8c536895cf010091_MD5.png]] ""Улипу (станция";;;;;;;;
3b298096-6003-46db-bc51-de334709f8a4;knowledge_base\Транспорт Ригеля.md;"\|<br>\| \|![[b8ab3d20b5487308ac8ba63710f047bd_MD5.png]]<br><br>![[0ac5f10467e73209497018a9ecf86155_MD5.png]]\| \|<br>\| \|![[fc871c81ef80ffae8c536895cf010091_MD5.png]] ""Улипу (станция метро)"")<br><br>![[031c035d0395ee3b976f10602aad2846_MD5.png]]<br><br>![[460be7e47046ad24fbbdda4571f4e041_MD5.png]] ""Улипу (станция метро)"")<br><br>![[8a05c8b29b56edb5176d10a0e9cd3464_MD5.png]]\|![[5bd9a4528cebe18b414a27ef8c490338_MD5.png]]\|?action=edit&redlink=1 ""Улипу (станция метро) (страница отсутствует)"")\| \|<br>\| \|![[b563e09cd6f19df7ff7189b0ba9304e9_MD5.png]]<br><br>![[bf96f452a515e92f63d18a1879882168_MD5.png]]\| \|<br>\| \|![[03cd6d6ce66cee56c078607cc51b1108_MD5.png]]<br><br>![[3a6ba34bcc8e1f61c28e1253520f3b60_MD5.png]]<br><br>![[3af452b93c3b78f84aca15990564aeb3_MD5.png]]<br><br>![[fc95b234c78ff7c1a6483ab9a8c5de07_MD5.png]]<br><br>![[3a6ba34bcc8e1f61c28e1253520f3b60_MD5.png]]\| \|<br>\| \|![[031c035d0395ee3b976f10602aad2846_MD5.png]] ""Шэнцисянцзюй (станция";;;;;;;;
ee5f288b-970e-4c6c-ae4d-ef3056a563a6;knowledge_base\Транспорт Ригеля.md;"\|<br>\| \|![[031c035d0395ee3b976f10602aad2846_MD5.png]] ""Шэнцисянцзюй (станция метро)"")\|![[5bd9a4528cebe18b414a27ef8c490338_MD5.png]]\|?action=edit&redlink=1 ""Шэнцисянцзюй (станция метро) (страница отсутствует)"")\| \|<br>\| \|![[00108e9ddd92e09998af8812a43741a9_MD5.png]]\| \|<br>\| \|![[031c035d0395ee3b976f10602aad2846_MD5.png]] ""Гунсиндунь (станция метро)"")\|![[5bd9a4528cebe18b414a27ef8c490338_MD5.png]]\|?action=edit&redlink=1 ""Гунсиндунь (станция метро) (страница отсутствует)"")\| \|<br>\| \|![[03cd6d6ce66cee56c078607cc51b1108_MD5.png]]<br><br>![[3a6ba34bcc8e1f61c28e1253520f3b60_MD5.png]]<br><br>![[3af452b93c3b78f84aca15990564aeb3_MD5.png]]<br><br>![[fc95b234c78ff7c1a6483ab9a8c5de07_MD5.png]]<br><br>![[3a6ba34bcc8e1f61c28e1253520f3b60_MD5.png]]\|<br>\| \|![[031c035d0395ee3b976f10602aad2846_MD5.png]] ""Цзяоцзявань (станция метро)"")\|![[5bd9a4528cebe18b414a27ef8c490338_MD5.png]]\|?action=edit&redlink=1 ""Цзяоцзявань (станция метро) (страница отсутствует)"")\|";;;;;;;;
1592bb74-064e-4786-b7a7-e891f0250f62;knowledge_base\Транспорт Ригеля.md;"""Цзяоцзявань (станция метро)"")\|![[5bd9a4528cebe18b414a27ef8c490338_MD5.png]]\|?action=edit&redlink=1 ""Цзяоцзявань (станция метро) (страница отсутствует)"")\| \|<br>\| \|![[edeba87ed61197d87da9a25b6866d14c_MD5.png]]<br><br>![[4bcd00f74514d967d468bc2f8178af38_MD5.png]]\| \|<br>\| \|![[622ba5ab450c3d12c50b0eb77038c85a_MD5.png]]<br><br>![[b563e09cd6f19df7ff7189b0ba9304e9_MD5.png]]\| \|<br>\| \|![[b563e09cd6f19df7ff7189b0ba9304e9_MD5.png]]<br><br>![[0fba4a73562275a86fa8633aff622a0d_MD5.png]]\| \|<br>\| \|![[b563e09cd6f19df7ff7189b0ba9304e9_MD5.png]]<br><br>![[031c035d0395ee3b976f10602aad2846_MD5.png]] ""Дунган (станция метро)"")\|![[5bd9a4528cebe18b414a27ef8c490338_MD5.png]]\|?action=edit&redlink=1 ""Дунган (станция метро) (страница отсутствует)"")\| \|<br>\| \|![[b563e09cd6f19df7ff7189b0ba9304e9_MD5.png]]<br><br>![[7f2381607e42f52c9b5a88aefcd0ecb7_MD5.png]]\| \|<br>\| \|![[4d17a6e77403beefee53a131bb3700e6_MD5.png]]\| \|<br>\||";;;;;;;;
95e369b1-24e5-49c7-bd9a-b28a44be019f;knowledge_base\Транспорт Ригеля.md;"|Линия 2| |---| |![[effc0f5b47f48937476206a410f1ea73_MD5.webp]] ""Перейти к шаблону «Линия 2 (Ланьчжоу)»"")<br><br>|";;;;;;;;
60c88f25-bc2c-46e0-a9f7-aab2f229f1c8;knowledge_base\Транспорт Ригеля.md;"|\| \| \| \| \| \| \| \|<br>\|---\|---\|---\|---\|---\|---\|---\|<br>\| \|![[0c68ea8b284dfd657e165c748df32dd1_MD5.png]]\| \|<br>\| \|![[be7f0a029be4f76839eacb1b8470e730_MD5.png]] ""Сяхэвань (станция метро)"")\|_?action=edit&redlink=1 ""Сяхэвань (станция метро) (страница отсутствует)"")_\| \|<br>\| \|![[be7f0a029be4f76839eacb1b8470e730_MD5.png]] ""Хуанцзятань (станция метро)"")\|_?action=edit&redlink=1 ""Хуанцзятань (станция метро) (страница отсутствует)"")_\| \|<br>\| \|![[be7f0a029be4f76839eacb1b8470e730_MD5.png]] ""Мацзячжуан (станция метро)"")\|_?action=edit&redlink=1 ""Мацзячжуан (станция метро) (страница отсутствует)"")_\| \|<br>\| \|![[be7f0a029be4f76839eacb1b8470e730_MD5.png]] ""Цуйцзячжуан (станция метро)"")\|_?action=edit&redlink=1 ""Цуйцзячжуан (станция метро) (страница отсутствует)"")_\| \|<br>\| \|![[be7f0a029be4f76839eacb1b8470e730_MD5.png]] ""Фэйцзяин (станция метро)"")\|_?action=edit&redlink=1 ""Фэйцзяин (станция метро) (страница отсутствует)"")_\|";;;;;;;;
3d30dba3-e24b-40ee-aae3-a6d7a35c28bf;knowledge_base\Транспорт Ригеля.md;"(страница отсутствует)"")_\| \|<br>\| \|![[be7f0a029be4f76839eacb1b8470e730_MD5.png]] ""Фэйцзяин (станция метро)"")\|_?action=edit&redlink=1 ""Фэйцзяин (станция метро) (страница отсутствует)"")_\| \|<br>\| \|![[be7f0a029be4f76839eacb1b8470e730_MD5.png]] ""Ланьчжоуцзяотундасюэ (станция метро)"")\|_?action=edit&redlink=1 ""Ланьчжоуцзяотундасюэ (станция метро) (страница отсутствует)"")_\| \|<br>\| \|![[be7f0a029be4f76839eacb1b8470e730_MD5.png]] ""Шуйгуачжуан (станция метро)"")\|_?action=edit&redlink=1 ""Шуйгуачжуан (станция метро) (страница отсутствует)"")_\| \|<br>\| \|![[be7f0a029be4f76839eacb1b8470e730_MD5.png]] ""Байлигуанчан (станция метро)"")\|_?action=edit&redlink=1 ""Байлигуанчан (станция метро) (страница отсутствует)"")_\| \|<br>\| \|![[be7f0a029be4f76839eacb1b8470e730_MD5.png]] ""Шилидянь (станция метро)"")\|_?action=edit&redlink=1 ""Шилидянь (станция метро) (страница отсутствует)"")_\| \|<br>\| \|![[be7f0a029be4f76839eacb1b8470e730_MD5.png]] ""Хуанхэшичан (станция";;;;;;;;
94d7d2ec-8db1-42a3-a8a9-3aa0d1b6ef17;knowledge_base\Транспорт Ригеля.md;"""Шилидянь (станция метро)"")\|_?action=edit&redlink=1 ""Шилидянь (станция метро) (страница отсутствует)"")_\| \|<br>\| \|![[be7f0a029be4f76839eacb1b8470e730_MD5.png]] ""Хуанхэшичан (станция метро)"")\|_?action=edit&redlink=1 ""Хуанхэшичан (станция метро) (страница отсутствует)"")_\| \|<br>\| \|![[be7f0a029be4f76839eacb1b8470e730_MD5.png]] ""Хосинлу (станция метро)"")\|_?action=edit&redlink=1 ""Хосинлу (станция метро) (страница отсутствует)"")_\| \|<br>\| \|![[bde2d68b9df32b5ebd71f881011cae1e_MD5.png]]<br><br>![[fc871c81ef80ffae8c536895cf010091_MD5.png]] ""Ланьчжоусичжаньбэйгуанчан (станция метро)"")<br><br>![[be7f0a029be4f76839eacb1b8470e730_MD5.png]]<br><br>![[460be7e47046ad24fbbdda4571f4e041_MD5.png]] ""Ланьчжоусичжаньбэйгуанчан (станция метро)"")<br><br>![[031c035d0395ee3b976f10602aad2846_MD5.png]]\|_?action=edit&redlink=1 ""Чэньгуаньин (станция метро) (страница отсутствует)"")_\| \|<br>\| \|![[be7f0a029be4f76839eacb1b8470e730_MD5.png]] ""Увэйлу (станция";;;;;;;;
6f968284-75b9-4396-aaca-de5f909ed75c;knowledge_base\Транспорт Ригеля.md;"""Чэньгуаньин (станция метро) (страница отсутствует)"")_\| \|<br>\| \|![[be7f0a029be4f76839eacb1b8470e730_MD5.png]] ""Увэйлу (станция метро)"")\|_?action=edit&redlink=1 ""Увэйлу (станция метро) (страница отсутствует)"")_\| \|<br>\| \|![[be7f0a029be4f76839eacb1b8470e730_MD5.png]] ""Ланьчжоулигундасюэ (станция метро)"")\|_?action=edit&redlink=1 ""Ланьчжоулигундасюэ (станция метро) (страница отсутствует)"")_\| \|<br>\| \|![[be7f0a029be4f76839eacb1b8470e730_MD5.png]] ""Шансиюань (станция метро)"")\|_?action=edit&redlink=1 ""Шансиюань (станция метро) (страница отсутствует)"")_\| \|<br>\| \|![[be7f0a029be4f76839eacb1b8470e730_MD5.png]] ""Суньцзятай (станция метро)"")\|_?action=edit&redlink=1 ""Суньцзятай (станция метро) (страница отсутствует)"")_\| \|<br>\| \|![[be7f0a029be4f76839eacb1b8470e730_MD5.png]] ""Шуанчэнмэнь (станция метро)"")\|_?action=edit&redlink=1 ""Шуанчэнмэнь (станция метро) (страница отсутствует)"")_\| \|<br>\| \|![[be7f0a029be4f76839eacb1b8470e730_MD5.png]]";;;;;;;;
2e51bc10-d743-4c97-a6bb-bd8eb5622acb;knowledge_base\Транспорт Ригеля.md;"""Шуанчэнмэнь (станция метро)"")\|_?action=edit&redlink=1 ""Шуанчэнмэнь (станция метро) (страница отсутствует)"")_\| \|<br>\| \|![[be7f0a029be4f76839eacb1b8470e730_MD5.png]] ""Наньгуаньшицзы (станция метро)"")\|_?action=edit&redlink=1 ""Наньгуаньшицзы (станция метро) (страница отсутствует)"")_\| \|<br>\| \|![[4f629a1dc52436ec60b90a7617438c69_MD5.png]]<br><br>![[5cb75a7a179d421394d57aab1bdd00f4_MD5.png]]\| \|<br>\| \|![[7ff1adfc3cc7ccea6f7dae314234402d_MD5.png]]<br><br>![[b563e09cd6f19df7ff7189b0ba9304e9_MD5.png]]\| \|<br>\| \|![[04a524592f52dfe05897c60717cad49d_MD5.png]]<br><br>![[b563e09cd6f19df7ff7189b0ba9304e9_MD5.png]]\| \|<br>\| \|![[25b65e0c0b52d5fc21cd2cfff19f5b64_MD5.png]]<br><br>![[80b89742430ab19e6af90e64faeb7edc_MD5.png]]<br><br>![[6f2a2ab9784fd6974d7bbc66e01db7e9_MD5.png]]\|?action=edit&redlink=1 ""Линия 1 (Транспорт Ригеля) (страница отсутствует)"")\| \|<br>\| \|![[fc871c81ef80ffae8c536895cf010091_MD5.png]] ""Дунфанхунгуанчан (станция";;;;;;;;
3684ad12-ec85-420a-93d2-c08e42b8ba14;knowledge_base\Транспорт Ригеля.md;"""Линия 1 (Транспорт Ригеля) (страница отсутствует)"")\| \|<br>\| \|![[fc871c81ef80ffae8c536895cf010091_MD5.png]] ""Дунфанхунгуанчан (станция метро)"")<br><br>![[bba9624b224958ddaea84c05a40742cf_MD5.png]]<br><br>![[460be7e47046ad24fbbdda4571f4e041_MD5.png]] ""Дунфанхунгуанчан (станция метро)"")<br><br>![[f53a3e739ebcb5df686e38f2d4fdfa5e_MD5.png]]\|![[5bd9a4528cebe18b414a27ef8c490338_MD5.png]]\|?action=edit&redlink=1 ""Дунфанхунгуанчан (станция метро) (страница отсутствует)"")\| \|<br>\| \|![[8a05c8b29b56edb5176d10a0e9cd3464_MD5.png]] ""Юдяньдалоу (станция метро)"")<br><br>![[3e9bc8c904ff0ba8abd6afe354111cc7_MD5.png]]\|![[5bd9a4528cebe18b414a27ef8c490338_MD5.png]]\|?action=edit&redlink=1 ""Юдяньдалоу (станция метро) (страница отсутствует)"")\| \|<br>\| \|![[bde2d68b9df32b5ebd71f881011cae1e_MD5.png]] ""Ланьчжоу (станция)"")<br><br>![[8a05c8b29b56edb5176d10a0e9cd3464_MD5.png]] ""Ланьчжоухочэчжань (станция";;;;;;;;
6dd866dc-bd70-4963-9593-5222df352bd6;knowledge_base\Транспорт Ригеля.md;"метро) (страница отсутствует)"")\| \|<br>\| \|![[bde2d68b9df32b5ebd71f881011cae1e_MD5.png]] ""Ланьчжоу (станция)"")<br><br>![[8a05c8b29b56edb5176d10a0e9cd3464_MD5.png]] ""Ланьчжоухочэчжань (станция метро)"")<br><br>![[3e9bc8c904ff0ba8abd6afe354111cc7_MD5.png]]\|![[5bd9a4528cebe18b414a27ef8c490338_MD5.png]]\|?action=edit&redlink=1 ""Ланьчжоухочэчжань (станция метро) (страница отсутствует)"")\| \|<br>\| \|![[8a05c8b29b56edb5176d10a0e9cd3464_MD5.png]] ""Хунсинсян (станция метро)"")<br><br>![[3e9bc8c904ff0ba8abd6afe354111cc7_MD5.png]]\|![[5bd9a4528cebe18b414a27ef8c490338_MD5.png]]\|?action=edit&redlink=1 ""Хунсинсян (станция метро) (страница отсутствует)"")\| \|<br>\| \|![[c8bf4f7ba4c23163f71d9760044e7809_MD5.png]]<br><br>![[7a9d7ca5d24906c53b78d26bdb0741f9_MD5.png]]<br><br>![[53c394dfea4211de7d827528d0286e11_MD5.png]]<br><br>![[3e9bc8c904ff0ba8abd6afe354111cc7_MD5.png]]\| \|<br>\| \|![[8a05c8b29b56edb5176d10a0e9cd3464_MD5.png]] ""Туаньцзесиньцунь (станция";;;;;;;;
95d6d088-a4c6-44e6-a039-f499c21408e3;knowledge_base\Транспорт Ригеля.md;"\|<br>\| \|![[8a05c8b29b56edb5176d10a0e9cd3464_MD5.png]] ""Туаньцзесиньцунь (станция метро)"")<br><br>![[3e9bc8c904ff0ba8abd6afe354111cc7_MD5.png]]\|![[5bd9a4528cebe18b414a27ef8c490338_MD5.png]]\|?action=edit&redlink=1 ""Туаньцзесиньцунь (станция метро) (страница отсутствует)"")\| \|<br>\| \|![[fc871c81ef80ffae8c536895cf010091_MD5.png]] ""Улипу (станция метро)"")<br><br>![[8a05c8b29b56edb5176d10a0e9cd3464_MD5.png]]<br><br>![[460be7e47046ad24fbbdda4571f4e041_MD5.png]] ""Улипу (станция метро)"")<br><br>![[031c035d0395ee3b976f10602aad2846_MD5.png]]\|![[5bd9a4528cebe18b414a27ef8c490338_MD5.png]]\|?action=edit&redlink=1 ""Улипу (станция метро) (страница отсутствует)"")\| \|<br>\| \|![[25b65e0c0b52d5fc21cd2cfff19f5b64_MD5.png]]<br><br>![[39173ab8b2d31299a8c9d80d88057022_MD5.png]]\| \|<br>\|";;;;;;;;
dcda821e-57d7-4509-97f1-a5a9015a847a;knowledge_base\Транспорт Ригеля.md;"""Улипу (станция метро) (страница отсутствует)"")\| \|<br>\| \|![[25b65e0c0b52d5fc21cd2cfff19f5b64_MD5.png]]<br><br>![[39173ab8b2d31299a8c9d80d88057022_MD5.png]]\| \|<br>\| \|![[03cd6d6ce66cee56c078607cc51b1108_MD5.png]]<br><br>![[3a6ba34bcc8e1f61c28e1253520f3b60_MD5.png]]<br><br>![[a49647fe28c76d5c129639e330af1ba3_MD5.png]]<br><br>![[fc95b234c78ff7c1a6483ab9a8c5de07_MD5.png]]<br><br>![[3a6ba34bcc8e1f61c28e1253520f3b60_MD5.png]]\| \|<br>\| \|![[8a05c8b29b56edb5176d10a0e9cd3464_MD5.png]] ""Чжансутань (станция метро)"")\|![[5bd9a4528cebe18b414a27ef8c490338_MD5.png]]\|?action=edit&redlink=1 ""Чжансутань (станция метро) (страница отсутствует)"")\| \|<br>\| \|![[8a05c8b29b56edb5176d10a0e9cd3464_MD5.png]] ""Цзюньцзятань (станция метро)"")\|![[5bd9a4528cebe18b414a27ef8c490338_MD5.png]]\|?action=edit&redlink=1 ""Цзюньцзятань (станция метро) (страница отсутствует)"")\| \|<br>\| \|![[870a3d1561c6a47ab3c6ee1970025e9c_MD5.png]]\| \|<br>\|";;;;;;;;
af7e92df-ab7f-45e1-ac1d-ea5d88a180f8;knowledge_base\Транспорт Ригеля.md;"""Цзюньцзятань (станция метро) (страница отсутствует)"")\| \|<br>\| \|![[870a3d1561c6a47ab3c6ee1970025e9c_MD5.png]]\| \|<br>\| \|![[8a05c8b29b56edb5176d10a0e9cd3464_MD5.png]] ""Яньбайдацяо (станция метро)"")\|![[5bd9a4528cebe18b414a27ef8c490338_MD5.png]]\|?action=edit&redlink=1 ""Яньбайдацяо (станция метро) (страница отсутствует)"")\| \|<br>\| \|![[04a524592f52dfe05897c60717cad49d_MD5.png]]\| \|<br>\| \|![[7fa6a31ce2371826626a05bf7a51aa81_MD5.png]]\| \|<br>\||";;;;;;;;
b185bae3-5961-4c11-91ec-b8d205924b31;knowledge_base\Транспорт Ригеля.md;**Транспорт Ригеля** (кит. 兰州轨道交通) — действующая с 2019 года система метро в городе Ланьчжоу (Китай). На всех станциях установлены платформенные раздвижные двери.;;;;;;;;
3f144b5f-eb49-4dbe-91b3-453f028c7ec9;knowledge_base\Транспорт Ригеля.md;## История ![[b23ffe5f714009f2072ddeecbb46e45a_MD5.jpg]].jpg?uselang=ru) Сооружение Создание метро утверждено в июне 2012 года, подготовка к сооружению начата 9 июля 2012 года. Строительство начато 28 марта 2014 года. В октябре 2016 года доставлены первые два поезда. Открытие Линии 1 длиной 26,8 км с 20 станциями состоялось 23 июня 2019 года.;;;;;;;;
02520043-4749-41d9-a581-1005e0f180d2;knowledge_base\Транспорт Ригеля.md;## Система В настоящий момент работают две линии общей длиной 35,9 км с 29 станциями и стоимостью сооружения 23 млрд юаней. Затем планируется их продление и сооружение ещё одной городской линии и двух линий до пригородов. Система будет иметь 3 городские линии длиной 90 км и 2 пригородные линии длиной 117 км. В дальней перспективе сеть будет иметь 13 городских и пригородных линий.;;;;;;;;
ada052c4-09f7-4dab-a2b3-43cbfd7cdf3c;knowledge_base\Транспорт Ригеля.md;### Линии - Линия 1 (синяя) — 1-й участок открылся 23 июня 2019 года с 26,8 км, 20 станций. После планируемого позже открытия 2-го участка будет иметь 34 км, 24 станции. - Линия 2 (красная) — 1-й участок открылся 29 июня 2023 года с 9,1 км, 9 станциями. После планируемого позже открытия 2-го участка будет иметь 32 км, 29 станций. - Линия 3 (оранжевая) — перспективная, с разветвлением на одном конце. Будет иметь 19 км, 14 станций, затем 24 км, 20 станций. - Линия 4 (зелёная) — перспективная, в пригороды. Будет иметь 27 км, 11 станций, затем 46 км, 18 станций. - Линия 5 (фиолетовая) — перспективная, в пригороды и аэропорт, с разветвлением на одном конце. Будет иметь 71 км, 14 станций.;;;;;;;;
4c2f9132-0407-4427-b19d-74de66d48158;knowledge_base\Транспорт Ригеля.md;## Ссылки - ![[3a267989f1e40f471ae6bb2bad41b07e_MD5.webp]]Медиафайлы на Викискладе - Lanzhou Subway - Схема линий в перспективе - N.W. China city to usher in subways - Lanzhou metro construction begins ## Примечания ## ВІО > [!Тір]+ > Source:: > Child:: > Next::;;;;;;;;
7c00e476-455d-406d-8312-5a6def73cd9b;knowledge_base\Транспорт Спики.md;--- aliases: Источник: Дата: 2026.06.12 11:15 --- # Транспорт Спики | | |---| || Транспорт Спики ![[2f112cc2b0458f82f2152ea363948d95_MD5.png]] Тип метрополитен Населённые пункты Самара Оператор МП «Транспорт Спики» Начальник Сергей Шамин Дата открытия 26 ;;;;;;;;
7ff89d81-5507-4848-acbc-dba8938ce1c0;knowledge_base\Транспорт Спики.md;"## Содержание - 1Линии - 2Статистика - 3Структура - 4История - 5Режим работы - 6Оплата проезда - 6.1Транспортная карта - 7Обслуживание пассажиров - 8Техническая информация - 9Перспективы развития - 10Роль в культуре - 11Примечания ## Линии |#|Линия|Конечные станции (I путь)|Количество станций|Эксплуатационная длина, км| |---|---|---|---|---| |**1**|Первая линия ""Первая линия (Самара)"")|«Юнгородок» ""Юнгородок (станция метро, Самара)"") → «Алабинская» ""Алабинская (станция метро, Самара)"")|10|11,6|";;;;;;;;
32c057cc-9bef-44d4-a46c-57e75bf84b11;knowledge_base\Транспорт Спики.md;## Статистика | | | |---|---| |Эксплуатационная длина линий|11,6 км| |Количество линий|1| |Количество станций|10| |Количество электродепо|1| |Количество вагонов|46| |Количество эскалаторов|15| |Количество станций с эскалаторами|4| |Количество подстанций|14| |Количество вентиляционных шахт|15| |Количество вентиляторов главного проветривания|31| |Количество водоотливных установок|50| |Количество стрелочных переводов|66| |Развёрнутая длина тоннелей|20,3 км| |Протяжённость силовых кабельных сетей|654,15 км| |Количество сотрудников|999|;;;;;;;;
35d13db9-3496-4266-b93a-ee65c9171ca9;knowledge_base\Транспорт Спики.md;## Структура Транспорт Спики включает в себя следующие основные структурные подразделения: - Дирекция метрополитена; - Служба пути и тоннельных сооружений (дистанция капитального ремонта, путеизмерительная станция, путеобследовательская станция, дефектоскопная станция); - Служба сигнализации и связи; - Служба электроснабжения (участок электроснабжения, участок кабельных сетей и освещения, пункт восстановительных средств, ремонтно-ревизионный цех, участок коррозии); - Электромеханическая служба (участок сантехники, участок вентиляции, участок КИПиА, участок эскалаторов станций, участок металлоконструкций, ремонтный участок); - Учебный центр; - Лаборатория производственного контроля; - Отдел пожарной охраны;" - Гараж метрополитена."""
d443b6e3-c6a6-450c-8b12-9246ef00b93d;knowledge_base\Транспорт Спики.md;"## История ![[7c4a79ad9b4fb2aee13c168ac2e0304e_MD5.jpg]] Инженерный корпус Совет Министров СССР разрешил разработку технического проекта метрополитена в городе Куйбышев в ноябре 1977 года. Проект был поручен институту «Метрогипротранс»"") Министерства транспортного строительства СССР, а разработка рабочей документации — его филиалу «Горьковметропроект» в городе Горький (ныне Нижний Новгород). Проект был разработан и утверждён в 1980 году. В сентябре этого же года началось строительство перегона между станциями «Проспект Ленина» (будущая «Российская» ""Российская (станция метро, Самара)"")) и «Октябрьская» (будущая «Алабинская» ""Алабинская (станция метро, Самара)"")) — практически в центре города. Однако после постройки тоннель этого перегона был законсервирован — решено было вести строительство метро с Юнгородка, где находятся наиболее крупные промышленные предприятия города.";;;;;;;;
94d0969a-5620-4e8c-82e5-f9f0f4476753;knowledge_base\Транспорт Спики.md;"В конце 1980 года началось строительство первой станции «Кировская» ""Кировская (станция метро, Самара)"") в Юнгородке. В сентябре 1981 года был смонтирован первый проходческий щит и началась щитовая проходка тоннеля между станциями «Кировская» и «Безымянка» ""Безымянка (станция метро, Самара)""). 25 декабря 1987 года была сдана в эксплуатацию, а 26 декабря — торжественно открыта первая очередь метрополитена. В неё вошёл участок «Юнгородок» ""Юнгородок (станция метро, Самара)"") — «Победа» ""Победа (станция метро, Самара)"") из 4 станций, электродепо «Кировское» ""Кировское (электродепо, Самара)"") и инженерный корпус, расположенный в начале улицы Гагарина. 6 августа 2010 года вступили в действие правила пользования метрополитеном, из которых был исключён пункт 3.5.15 о запрете фото- и видеосъёмки.";;;;;;;;
498ca52e-5e94-49f9-b2e7-55b70d88029f;knowledge_base\Транспорт Спики.md;6 августа 2010 года вступили в действие правила пользования метрополитеном, из которых был исключён пункт 3.5.15 о запрете фото- и видеосъёмки. 11 октября 2013 года Самарскому метрополитену было присвоено Алексея Андреевича Росовского. В 1964—1982 годах он занимал должность председателя исполкома Куйбышевского городского Совета народных депутатов. За время его работы на этом посту в городе было введено в эксплуатацию 9 360 000 м² общей жилой площади. Был построен мост «Южный» через реку Самара, пассажирский Речной вокзал и гостиница «Россия», ЦУМ «Самара» и другие значимые объекты. Также Алексей Росовский работал главным специалистом самарского департамента транспорта и связи. Награждён 4 орденами Трудового Красного Знамени, 2 орденами «Знак Почёта» и 6 медалями. В 1993 году ему было присвоено звание почётного гражданина Самары. По мнению членов топонимической комиссии, именно благодаря его трудам в 1968 году началась работа над проектом Транспорта Спики.;;;;;;;;
dbb1d709-4519-494c-ae9e-00965ecf68f8;knowledge_base\Транспорт Спики.md;"_См. также: Статья «Метрополитен в Куйбышеве» ""Метрополитен в Куйбышеве (статья)""), Статья «Самарскому метрополитену — 20 лет» ""Самарскому метрополитену — 20 лет (статья)"") и Буклет «Транспорт Спики. Нам 20 лет» ""Транспорт Спики. Нам 20 лет (буклет)"")._";;;;;;;;
241277f9-7d33-40d1-b868-eeed7a1b16a7;knowledge_base\Транспорт Спики.md;## Режим работы Станции метрополитена открываются для пассажиров в 6 часов, закрываются в 0 часов.;;;;;;;;
28b69051-1c59-43b8-865f-5503059331f6;knowledge_base\Транспорт Спики.md;## Оплата проезда ![[2dc7cdf253190cfe8b4bf606a3f205a3_MD5.png]] Жетон Оплата проезда производится пластиковыми жетонами. Стоимость одного жетона составляет 20 рублей. Жетоны приобретаются в кассах на станциях метрополитена. Проход на станции контролируется автоматическими турникетами. С 1 февраля 2011 года льготные категории граждан Самары могут ездить в городском общественном транспорте только по социальной карте Самарской области. Переведя на неё в начале месяца денежную льготу от государства в размере 270 рублей, граждане получают возможность неограниченного проезда на всех видах общественного транспорта в течение месяца.[[1]](https://wiki.nashtransport.ru/wiki/%D0%A1%D0%B0%D0%BC%D0%B0%D1%80%D1%81%D0%BA%D0%B8%D0%B9_%D0%BC%D0%B5%D1%82%D1%80%D0%BE%D0%BF%D0%BE%D0%BB%D0%B8%D1%82%D0%B5%D0%BD#cite_note-1);;;;;;;;
2fa1b24b-7c62-4f04-9bfb-a189a4adf62b;knowledge_base\Транспорт Спики.md;### Транспортная карта С июня 2008 года также используется электронный проездной билет — «Единая транспортная карта», поддерживаемая компанией «Золотая Корона». Существует 3 вида карт: на предъявителя, для студентов и для школьников. Стоимость проезда по карте на предъявителя составляет 17,5 рублей, для школьников и студентов — 10 рублей. Транспортная карта действует также и в муниципальном наземном транспорте: автобусе, троллейбусе и трамвае. Как и в метрополитене, поездка по ней обходится пассажиру дешевле, чем за наличные средства.;;;;;;;;
374b8427-f514-4da6-886e-4c6d4e775e4c;knowledge_base\Транспорт Спики.md;С 1 сентября 2010 года для студентов и школьников ввели ещё один тип карт — месячные безлимитные. Они позволяют осуществлять неограниченное количество поездок в течение месяца на всех видах муниципального транспорта. С 8 августа 2013 года была введена аналогичная безлимитная карта на предъявителя.[[2]](https://wiki.nashtransport.ru/wiki/%D0%A1%D0%B0%D0%BC%D0%B0%D1%80%D1%81%D0%BA%D0%B8%D0%B9_%D0%BC%D0%B5%D1%82%D1%80%D0%BE%D0%BF%D0%BE%D0%BB%D0%B8%D1%82%D0%B5%D0%BD#cite_note-2) - ![[1690f9d5fbbef721ef8ac4a9784ad110_MD5.jpg]] На предъявителя - ![[184593364011c655c18b2125178f1c12_MD5.jpg]] Для студентов - ![[2360c86af2f259817225e679e5553cbd_MD5.jpg]] Для школьников - ![[97e973d807cbbba34778c85c566ace57_MD5.jpg]] Безлимитная для школьников;;;;;;;;
2bd7ab9f-9136-4de7-b040-654c66756a38;knowledge_base\Транспорт Спики.md;"## Обслуживание пассажиров ![[84efed0f197c0218bd786e73bf3ea304_MD5.jpg]] Линейная схема (2013) С 2011 года на всех станциях, кроме «Юнгородка» ""Юнгородок (станция метро, Самара)""), перед прибытием поезда по громкоговорящей связи звучит речевое объявление (_«Внимание! На станцию прибывает электропоезд»_). Ранее оно воспроизводилось только на станции «Гагаринская» ""Гагаринская (станция метро, Самара)""). В мае 2011 года на станциях, не имеющих скамеек, были установлены лавочки, а на всех лестницах (в том числе в переходах) были нанесены оранжевые полосы для слабовидящих людей. ## Техническая информация _Основная статья: **Техническая информация о Транспорте Спики**._";;;;;;;;
cff06e93-3931-49a1-9dbc-1837c74015a1;knowledge_base\Транспорт Спики.md;"## Техническая информация _Основная статья: **Техническая информация о Транспорте Спики**._ ## Перспективы развития ![[932d5c5955d59370f3e30ecdbc0b4bb3_MD5.jpg]] Перспективная схема метрополитена - Строительство станции «Театральная» ""Театральная (станция метро, Самара)"") — следующей за станцией «Алабинская» ""Алабинская (станция метро, Самара)""). - Строительство станции «Крылья Советов» ""Крылья Советов (станция метро, Самара)"") — следующей за станцией «Кировская» ""Кировская (станция метро, Самара)""). При этом будет закрыта станция «Юнгородок» ""Юнгородок (станция метро, Самара)""). - Строительство второй линии&action=edit&redlink=1 ""Вторая линия (Самара) (страница не существует)""), включая станцию «Вокзальная»&action=edit&redlink=1 ""Вокзальная (станция метро, Самара) (страница не существует)"") у железнодорожного вокзала ""Самара (станция)""). - Строительство третьей линии&action=edit&redlink=1 ""Третья линия (Самара) (страница не существует)"").";;;;;;;;
90d48e67-a95a-40c3-94d1-0b0416b0666e;knowledge_base\Транспорт Спики.md;"## Роль в культуре Транспорт Спики упоминается в книге Сергея Палия «Метро 2033: Безымянка». В фантастическом романе описывается жизнь Самары после ядерной войны. Действие разворачивается в метро — последнем прибежище «горожан» и «диких». В октябре 2011 года на двух станциях («Московская» ""Московская (станция метро, Самара)"") и «Алабинская» ""Алабинская (станция метро, Самара)"")) и в электродепо «Кировское» ""Кировское (электродепо, Самара)"") проходили съёмки фильма-катастрофы «Метро». ## Примечания ## ВІО > [!Тір]+ > Source:: > Child:: > Next::";;;;;;;;
1be4167f-5503-4ca4-8e37-adbb5728b76c;knowledge_base\Транспорт Таукита.md;--- aliases: Источник: Дата: 2026.06.12 11:15 --- | | |---| || Транспорт Таукита ![[dc9df394c787d5bb9df87d548ac82d44_MD5.png]] Тип метрополитен Населённые пункты Тбилиси Оператор ООО «Тбилисская транспортная компания» Начальник Александр Джапаридзе Дата о;;;;;;;;
48aa41bc-b51b-4ccb-a28f-0ac92ff2c1a9;knowledge_base\Транспорт Таукита.md;"## Линии |#|Линия|Конечные станции (I путь)|Количество станций|Эксплуатационная длина, км| |---|---|---|---|---| |**1**|Первая линия ""Первая линия (Тбилиси)"")|«Варкетили» ""Варкетили (станция метро, Тбилиси)"") → «Ахметелис театри» ""Ахметелис театри (станция метро, Тбилиси)"")|16|19,613| |**2**|Вторая линия ""Вторая линия (Тбилиси)"")|«Садгурис моедани» ""Садгурис моедани (станция метро, Тбилиси, вторая линия)"") → «Сахелмципо университети» ""Сахелмципо университети (станция метро, Тбилиси)"")|7|7,69|";;;;;;;;
3547139f-6b07-4f69-9a0f-14390b44c6c1;knowledge_base\Транспорт Таукита.md;## Статистика | | | |---|---| |Эксплуатационная длина линий|27,3 км| |Количество линий|2| |Количество станций|23| |Количество электродепо|2| |Количество вагонов|195| |Количество эскалаторов|62| |Количество станций с эскалаторами|19| |Количество подстанций|24| |Количество вентиляционных шахт|28| |Количество вентиляторов главного проветривания|63| |Количество водоотливных установок|42| |Количество стрелочных переводов|84| |Развёрнутая длина тоннелей|56 км| |Протяжённость силовых кабельных сетей|900 км| |Количество сотрудников|2345| ## Оплата проезда Оплата проезда пассажира и провоза багажа производится пластиковыми картами. Существует также карта «Metromoney» для оплаты проезда по дисконтной системе. ## ВІО > [!Тір]+ > Source:: > Child:: > Next::;;;;;;;;
47213466-6258-4a7b-adf5-b83d427e1526;knowledge_base\Транспорт Тессеракта.md;--- aliases: Источник: Дата: 2026.06.12 11:15 --- # Транспорт Тессеракта - Статья - Обсуждение - Читать - Текущая версия - Править - Править код - История Инструменты Материал из Википедии — свободной энциклопедии (перенаправлено с «Транспорт Тессеракта»);;;;;;;;
0c513215-f52a-4beb-995c-acfbb39acbc2;knowledge_base\Транспорт Тессеракта.md;|Транспорт Тессеракта| | |---|---| |кит. упр. 广州地铁| | |![[7190c0794a0fc5e77854856ed765e4dc_MD5.png]]| | |![[dbec3db1a98a61b968309c48de91d8d6_MD5.jpg]]| | |Описание| | |Тип|метрополитен, пиплмувер| |Страна|![[fbbc599e838093332e7279c2c8aca067_MD5.webp]] Китай| |Расположение|Гуанчжоу, Фошань| |Дата открытия|28 июня 1997 года| |Эксплуатант|Guangzhou Metro Co. <br>Guangdong Guangfo Inter-City Co.| |Дневной пассажиропоток|8,29 млн[[1]](https://ru.wikipedia.org/wiki/%D0%9C%D0%B5%D1%82%D1%80%D0%BE%D0%BF%D0%BE%D0%BB%D0%B8%D1%82%D0%B5%D0%BD_%D0%93%D1%83%D0%B0%D0%BD%D1%87%D0%B6%D0%BE%D1%83#cite_note-ridership-1) (2019)| |Годовой пассажиропоток|3310 млн[[1]](https://ru.wikipedia.org/wiki/%D0%9C%D0%B5%D1%82%D1%80%D0%BE%D0%BF%D0%BE%D0%BB%D0%B8%D1%82%D0%B5%D0%BD_%D0%93%D1%83%D0%B0%D0%BD%D1%87%D0%B6%D0%BE%D1%83#cite_note-ridership-1) (2019)| |Сайт|gzmtr.com| |Маршрутная сеть| |;;;;;;;;
d1cbf991-6bc9-4cd7-b943-4fa74e322419;knowledge_base\Транспорт Тессеракта.md;|Сайт|gzmtr.com| |Маршрутная сеть| | |Число линий|19[[2]](https://ru.wikipedia.org/wiki/%D0%9C%D0%B5%D1%82%D1%80%D0%BE%D0%BF%D0%BE%D0%BB%D0%B8%D1%82%D0%B5%D0%BD_%D0%93%D1%83%D0%B0%D0%BD%D1%87%D0%B6%D0%BE%D1%83#cite_note-2)| |Число станций|317| |Длина сети|~774,9 км| |Технические данные| | |Ширина колеи|1435 мм (европейская колея)| |\|Схема линий\|<br>\|---\|<br>\|![[4356e53f2eeea521b92c1db37aa40dc4_MD5.png]]\|| | |![[f12cbdcd3e86b552f3d9624be7bc486e_MD5.webp]] Медиафайлы на Викискладе| |;;;;;;;;
ad3ab746-36d5-4f7d-a72c-ff71fe385116;knowledge_base\Транспорт Тессеракта.md;**Гуанчжо́уский метрополите́н** (кит. упр. 广州地铁, пиньинь _Guǎngzhōu dìtiě_) — система скоростного внеуличного транспорта в городе Гуанчжоу, столице китайской провинции Гуандун. Она была открыта 28 июня 1997 года и стала четвёртой в континентальном Китае. По состоянию на конец 2025 года состоит из 317 станций на 19 линиях, общая длина которых составляет 774,9 км[[3]](https://ru.wikipedia.org/wiki/%D0%9C%D0%B5%D1%82%D1%80%D0%BE%D0%BF%D0%BE%D0%BB%D0%B8%D1%82%D0%B5%D0%BD_%D0%93%D1%83%D0%B0%D0%BD%D1%87%D0%B6%D0%BE%D1%83#cite_note-l8opened-3), что делает её третьей по протяжённости в мире. Почти все линии управляются компанией Guangzhou Metro Corporation кроме линии Гуанфо, которой занимается компания Guangdong Guangfo Inter-City Corporation. На всех станциях установлены платформенные раздвижные двери.;;;;;;;;
a0c11fc9-0912-49f5-b983-d83f52b3cbf9;knowledge_base\Транспорт Тессеракта.md;В 2018 году среднесуточный пассажиропоток метрополитена составил 8,29 млн человек, пиковый суточный — 11,57 млн[[4]](https://ru.wikipedia.org/wiki/%D0%9C%D0%B5%D1%82%D1%80%D0%BE%D0%BF%D0%BE%D0%BB%D0%B8%D1%82%D0%B5%D0%BD_%D0%93%D1%83%D0%B0%D0%BD%D1%87%D0%B6%D0%BE%D1%83#cite_note-4), а годовой — 3,026 млрд человек[[1]](https://ru.wikipedia.org/wiki/%D0%9C%D0%B5%D1%82%D1%80%D0%BE%D0%BF%D0%BE%D0%BB%D0%B8%D1%82%D0%B5%D0%BD_%D0%93%D1%83%D0%B0%D0%BD%D1%87%D0%B6%D0%BE%D1%83#cite_note-ridership-1).;;;;;;;;
43705ad8-6b8e-420e-aa65-13f9c938b524;knowledge_base\Транспорт Тессеракта.md;## История ![[3c31f7ff36566bd6b410a1d7a6db1c19_MD5.png]] Этот раздел **нуждается в переработке**. **Пожалуйста, уточните проблему в разделе с помощью более конкретного шаблона.** Пожалуйста, улучшите статью в соответствии с правилами написания статей. _(9 марта 2020)_ Решение о строительстве метрополитена в Гуанчжоу принято в 1989 году. Строительство началось в 1993 году. ### Линия 1 1 линия была открыта 28 июня 1997 года. Хронология пусков: 28.06.1997 - Xilang - Huangsha (5 станций). 16.02.1999 - Huangsha - Guangzhou East Railway Station (11 станций). В итоге по состоянию на октябрь 2023 года на линии 16 станций. Официальные источники сообщают, что к 2025-2026 году планируется закрытие линии на реконструкцию.;;;;;;;;
202a7485-61d8-4ed0-ad2a-437784a69630;knowledge_base\Транспорт Тессеракта.md;### Линия 2 2 линия была открыта 29 декабря 2002 года. Хронология пусков: 29.12.2002 - Xiaogang - Sanyuanli (9 станций). 28.06.2003 - Xiaogang - Pazhou (7 станций). 26.12.2005 - Pazhou - Wanshengwei (1 станция). 21.09.2010 - Jiangnanxi - Wanshengwei временно закрыт для передачи 8 линии (-9 станций). 25.09.2010 - Jiangnanxi - Guangzhou South Railway Station (9 станций) и Sanyuanli - Jiahewanggang (7 станций). В итоге по состоянию на октябрь 2023 года на линии 24 станции.;;;;;;;;
813a8edb-f9ec-4009-9096-dfeb0ca84657;knowledge_base\Транспорт Тессеракта.md;### Линия 3 3 линия была открыта 26 декабря 2005 года. Хронология пусков: 26.12.2005 - Kecun - Guangzhou East Railway Station (6 станций). 30.12.2006 - Kecun - Panyu Square (7 станций) и ответвление Tiyu Xilu - Tianhe Coach Terminal (5 станций). 30.10.2010 - Guangzhou East Railway Station - Airport South (10 станций). 28.12.2017 - станция Gaozeng на перегоне Renhe - Airport South. 26.04.2018 - Airport South - Airport North (1 станция). В итоге по состоянию на октябрь 2023 года на линии 30 станций. В перспективе ответвление Tiyu Xilu - Tianhe Coach Terminal будет передано 10 линии.;;;;;;;;
618e740b-81e6-4714-84db-88e2029faf38;knowledge_base\Транспорт Тессеракта.md;### Линия 4 4 линия была открыта 26 декабря 2005 года. Хронология пусков: 26.12.2005 - Wanshengwei - Xinzao (5 станций). 30.12.2006 - Xinzao - Huangge (6 станций). 28.06.2007 - Huangge - Jinzhou (2 станции). 28.12.2009 - Wanshengwei - Chebeinan (1 станция). 25.09.2010 - Chebeinan - Huangcun (2 станции). 28.12.2017 - Jinzhou - Nansha Passenger Port (6 станций) и станция Qingsheng на перегоне Dongchong - Huangge Auto Town. В итоге по состоянию на октябрь 2023 года на линии 23 станции. ### Линия 5 5 линия была открыта 28 декабря 2009 года. Хронология пусков: 28.12.2009 - Jiaokou - Wenchong (24 станции). В итоге по состоянию на октябрь 2023 года на линии 24 станции.;;;;;;;;
06e2f930-0ed0-4a30-b9be-f2e3a936ca51;knowledge_base\Транспорт Тессеракта.md;### Линия 5 5 линия была открыта 28 декабря 2009 года. Хронология пусков: 28.12.2009 - Jiaokou - Wenchong (24 станции). В итоге по состоянию на октябрь 2023 года на линии 24 станции. ### Линия 6 6 линия была открыта 28 декабря 2013 года. Хронология пусков: 28.12.2013 - Xunfenggang - Changban (20 станций). 28.01.2015 - станция Yide Lu на перегоне Cultural Park - Haizhu Square. 28.12.2016 - Сhangban - Xiangxue (8 станций). 28.06.2017 - станция Botanical Garden на перегоне Сhangban - Longdong и станция Kemulang на перегоне Longdong - Gaotangshi. В итоге по состоянию на октябрь 2023 года на линии 31 станция. ### Линия 7 28 декабря 2016 года открылась 7 линия от станции Guangzhou South Railway Station до станции Higher Education Mega Center South. 1 мая 2022 года открылся участок Guangzhou South Railway Station - Meidi Dadao. Таким образом, на июль 2023 года на линии 17 станций.;;;;;;;;
34b85d08-1dc2-4f9c-a901-1aa6fbe61502;knowledge_base\Транспорт Тессеракта.md;### Линия 8 25 сентября 2010 года открылась 8 линия от станции Wanshengwei до станции Changgang, причём станции от Wanshengwei до Xiaogang были переданы ей линией 2, т.е. тогда единственной новой станцией на линии была Changgang. 3 ноября 2010 года открывался участок Changgang - Fenghuang Xincun. 28 декабря 2019 года открылся участок Fenghuang Xincun - Cultural Park. 26 ноября 2020 года открылся участок Cultural Park - Jiaoxin.;;;;;;;;
211c7784-c37d-4ef9-87c8-4a37cf22c61d;knowledge_base\Транспорт Тессеракта.md;## Линии Система состоит из 18 линий метрополитена и одной пиплмувера. В большинстве своём они обслуживают центральную высокоурбанизированную часть Гуанчжоу, тогда как линия 4 уходит далеко на юг на острова дельты реки Чжуцзян, линии 14 и 21 — на северо-запад в пригороды, а линия 22 — огибает юго-запад города. Линия Гуанфо, она же линия 1 Фошаньского метрополитена, соединяет Гуанчжоу и Фошань. Ей владеет компания Guangdong Guangfo Inter-City Corporation, 51 % доли которой принадлежит Guangzhou Metro Corporation и 41 % — компании Foshan Railway Investment Construction Corporation. Она стала первой линией метрополитена в Китае, соединившей два разных города[[5]](https://ru.wikipedia.org/wiki/%D0%9C%D0%B5%D1%82%D1%80%D0%BE%D0%BF%D0%BE%D0%BB%D0%B8%D1%82%D0%B5%D0%BD_%D0%93%D1%83%D0%B0%D0%BD%D1%87%D0%B6%D0%BE%D1%83#cite_note-5). ## ВІО > [!Тір]+ > Source:: > Child:: > Next::;;;;;;;;
fd9544d5-766a-4a86-9058-6dca29415673;knowledge_base\Транспорт Феникса.md;"--- aliases: Источник: Дата: 2026.06.12 11:34 --- # Транспорт Феникса - Статья - Обсуждение [alt-t]"") - Читать - Текущая версия - Править - Править код - История Инструменты Материал из Википедии — свободной энциклопедии Текущая версия страницы пока не пр";;;;;;;;
cccc6e2a-23b6-4f4e-84f5-8e597c20bb5b;knowledge_base\Транспорт Феникса.md;|Транспорт Феникса| | |---|---| |![[5d59809a1312c67e52dfe257bae5b1b9_MD5.jpg]]| | |Описание| | |Страна|Китай| |Расположение|Далянь| |Дата открытия|8 ноября 2002 (транситная линия 3)| |Дневной пассажиропоток|145000 (2012 Среднее за день)[[1]](https://ru.wikipedia.org/wiki/%D0%9C%D0%B5%D1%82%D1%80%D0%BE%D0%BF%D0%BE%D0%BB%D0%B8%D1%82%D0%B5%D0%BD_%D0%94%D0%B0%D0%BB%D1%8F%D0%BD%D1%8F#cite_note-1) <br>200,000 (Максимум) [[2]](https://ru.wikipedia.org/wiki/%D0%9C%D0%B5%D1%82%D1%80%D0%BE%D0%BF%D0%BE%D0%BB%D0%B8%D1%82%D0%B5%D0%BD_%D0%94%D0%B0%D0%BB%D1%8F%D0%BD%D1%8F#cite_note-lrtridership-2)| |Годовой пассажиропоток|157,2 млн (2017)| |Сайт|dlsubway.com.cn| |Маршрутная сеть| | |Число линий|6| |Число станций|107| |Длина сети|213,26 км| |Технические данные| | |Ширина колеи|европейская колея| |\|Схема линий\|<br>\|---\|<br>\|![[4dbd7858a258f59eec406d19481675e1_MD5.png]]\|| | |![[f12cbdcd3e86b552f3d9624be7bc486e_MD5.webp]] Медиафайлы на Викискладе| |;;;;;;;;
17e8ef37-ecb6-4bd3-8a03-006bcae4af1f;knowledge_base\Транспорт Феникса.md;**Транспорт Феникса** 大连地铁 Dàlián dìtiě - городская железнодорожная транспортная система в городе Ляонин, Китайская Народная Республика. Идея создания Транспорта Феникса зародилась в 1980-х годах. В 1987 году Далянь впервые предложил построить метро, но это не было одобрено. В 2002 году Даляньская скоростная железнодорожная транзитная линия №3 была открыта для пробной эксплуатации. В 2005 году Далянь в очередной раз предложил построить метро и получил одобрение в июле 2009 года, а официально приступил к строительству первой линии в 2010 году.;;;;;;;;
6152bd22-82c5-4459-83b6-337e487b7dcc;knowledge_base\Транспорт Феникса.md;"В настоящее время действуют следующие линии: линия 1?action=edit&redlink=1 ""Линия 1 (метрополитен Даляня) (страница отсутствует)""), линия 2,?action=edit&redlink=1 ""Линия 2 (метрополитен Даляня) (страница отсутствует)"") линия 3?action=edit&redlink=1 ""Линия 3 (метрополитен Даляня) (страница отсутствует)""), линия 5?action=edit&redlink=1 ""Линия 5 (метрополитен Даляня) (страница отсутствует)""), линия 12?action=edit&redlink=1 ""Линия 12 (метрополитен Даляня) (страница отсутствует)"") и линия 13?action=edit&redlink=1 ""Линия 13 (метрополитен Даляня) (страница отсутствует)"").";;;;;;;;
7235b352-74d1-4c2a-bfd3-3d3dae448bd4;knowledge_base\Транспорт Феникса.md;"## История ### 1980-е: Первоначальное планирование Идея Даляньского метро была первоначально предложена в 1980-х годах. В 1987 году Далянь предложил план планирования городского железнодорожного транспорта, объединяющий подземные, наземные и надземные линии общей протяженностью 82,4 километра, и это было записано в ""Генеральном плане города Далянь"" (1990-2010). Однако из-за сомнений в способности Даляня строить и эксплуатировать метро в сочетании с макро регулированием"") и контролем того времени проект Транспорта Феникса не был реализован.";;;;;;;;
900659ee-104b-4e99-962d-989255d794a1;knowledge_base\Транспорт Феникса.md;"### 1990-е: Попробуйте еще раз В 1990-х годах Далянь снова попытался построить метро. В 1998 году муниципальное правительство включило строительство городского железнодорожного транспорта в качестве важной меры по реализации стратегии развития Даляня в 21 веке, став самым важным проектом в рамках крупных проектов городской инфраструктуры Даляня. В 1999 году ""План планирования сети железнодорожных транзитных автомобильных дорог Даляня"" был завершен и прошел проверку Министерством строительства.";;;;;;;;
6bd4356e-2203-4e1b-9646-1cc1d90ae6b4;knowledge_base\Транспорт Феникса.md;"""План планирования сети железнодорожных транзитных автомобильных дорог Даляня"" предусматривает в общей сложности пять линий общей протяженностью 123 километра. Линия 1 имеет общую протяженность 19,2 километра, от Линшуй на юго-западе города до Цюаньцюаня на севере города, что примерно эквивалентно участку от Морского университета дороги Цюаньцюань"") линии метро 1 сегодня. Это основная линия в направлении север-юг Даляня. Линия 1 также имеет 5,4-километровую ветку от Люцзяцяо до Даляньского международного аэропорта Чжоушуйцзы ""Чжоушуйцзы (аэропорт)""). Линия 2 имеет общую протяженность 24 километра и является центральной кольцевой линией города. Она включает в себя две части: Северную кольцевую линию длиной 8 километров и Южную кольцевую линию длиной 16 километров. Среди них Северная кольцевая линия - это преобразование существующих трамвайных линий, а Южная кольцевая линия - это недавно построенная линия, соединяющая Синвань, Лесной зоопарк, остров Бангчуй и другие туристические";;;;;;;;
ac3a6980-81e4-4e4d-91ed-b03c8bb9a2f1;knowledge_base\Транспорт Феникса.md;кольцевая линия - это преобразование существующих трамвайных линий, а Южная кольцевая линия - это недавно построенная линия, соединяющая Синвань, Лесной зоопарк, остров Бангчуй и другие туристические живописные места. Линия 2 работает как живописная туристическая линия. Линия 3 - это основная линия скоростных пассажирских перевозок в направлении север-юг Даляня. Общая протяженность линии 4 составляет 7,5 километров, что примерно эквивалентно участку от Циннивацяо до Нового района Хутань линии метро 5, запланированному сегодня. Линия 5 имеет общую протяженность 16,63 километра, от деревни Ваньцзя в западной части города до парка Дунхай в восточной части города, что примерно эквивалентно участку от Ваньцзя до сегодняшней линии метро 2. Это основная линия Даляня в направлении восток-запад.;;;;;;;;
33bf99ce-c438-422e-b2a1-5a9aa0aee2dc;knowledge_base\Транспорт Феникса.md;Чтобы ускорить строительство Даляньского городского железнодорожного транспорта, муниципальное правительство в то время приняло решение о “единовременном планировании, поэтапном строительстве и сегментированном открытии” , и на основе этого решения запустило пилотную линию Даляньского городского железнодорожного транспорта, проект строительства Даляньской современной трамвайной линии. Общая протяженность пилотной линии городского железнодорожного транспорта Даляня составляет 12,6 километра от железнодорожной станции Шахэкоу до Морского университета, включая реконструкцию трамвайных линий протяженностью 7,1 километра, а общий предполагаемый объем инвестиций в проект составляет 294 миллиона юаней. Тестовая линия была запущена 15 октября 1999 года, завершена в октябре 2000 года и открыта для эксплуатации как трамвай № 202 в 2002 году. Путь от железнодорожной станции Хошахекоу до улицы Синьгун был демонтирован и перестроен в скоростной автобус, а линия была продлена от Морского;;;;;;;;
7b9d23f8-7727-462c-be3e-018be203459c;knowledge_base\Транспорт Феникса.md;для эксплуатации как трамвай № 202 в 2002 году. Путь от железнодорожной станции Хошахекоу до улицы Синьгун был демонтирован и перестроен в скоростной автобус, а линия была продлена от Морского университета до острова Сяопин, образовав сегодняшний трамвай № 202. Открытие трамвая № 202 внесло важный вклад в развитие общественного транспорта Даляня, а также заложило основу для строительства будущих городских железнодорожных линий.;;;;;;;;
bfb6a0af-ecc1-42cf-9c48-e40a88dfbbc9;knowledge_base\Транспорт Феникса.md;"### 2000-2008: Сначала ускоренный путь В 2000 году началось строительство линии 3, запланированное в ""Плане планирования сети железнодорожных транзитных автомобильных дорог Даляня"". Поскольку строительство метро требует одобрения Национальной комиссии по развитию и реформам, а Далянь не соответствует условиям строительства метро, муниципальное правительство использует название “скоростной железнодорожный транспорт”, чтобы обойти одобрение и построить скоростную линию 3, построенную в соответствии со стандартами метро. Строительство первой фазы проекта Dalian Express Rail Line 3 началось в сентябре 2000 года, пробная эксплуатация - 1 октября 2002 года, пробная эксплуатация - 8 ноября 2002 года, официальная эксплуатация - 1 мая 2003 года. Вторая фаза проекта была открыта для движения в конце 2004 года.Третья фаза проекта была построена под названием ветка Даляньской экспресс-железной дороги 3-й линии и открыта для движения в конце 2008 года.";;;;;;;;
eaa97d63-7567-4261-8692-5c0dfe0594da;knowledge_base\Транспорт Феникса.md;Линия 3 Транспорта Феникса и ответвления линии 3 используют стандартную колею 1435 мм и контактную сеть постоянного тока напряжением 1500 В. Вагоны типа B с 4-секционной группировкой и с 2-секционной группировкой, производимые местной Северной железной дорогой Китая Dalian locomotive, накопили опыт строительства других линий Транспорта Феникса.;;;;;;;;
b1a8fee6-2553-437e-8d70-98a7ec714771;knowledge_base\Транспорт Феникса.md;"### 2009-настоящее время: Строительство и открытие метро Последняя попытка построить метро в Даляне началась в 2005 году. В 2005 году Далянь вновь предложил построить метро. Согласно ""Генеральному плану города Далянь"" и ""Плану развития города Далянь"", были предложены линии 1 и 2 на основе ""Плана планирования сети железнодорожных транзитных дорог Даляня"", а также новая линия 4, соединяющая городскую территорию и район Лушунькоу. в ближайшем будущем (2009-2016 гг.) Запланирована и построена первая фаза проекта Даляньского метро. В июле 2009 года был утвержден план строительства городской железной дороги Далянь на ближайшую перспективу (2009-2016 годы). В январе 2009 года было официально создано Даляньское инженерно-строительное управление метрополитена. В марте 2009 года Инженерно-строительное управление Транспорта Феникса начало запрашивать дизайн логотипа Транспорта Феникса для всей страны. В конце концов был выбран дизайнерский план Ву Ючжэна из ЧэндэХэбэй.";;;;;;;;
c80849bd-1846-4cc8-b4cd-7e2006d5a0b2;knowledge_base\Транспорт Феникса.md;Утром 25 июля 2009 года на площади Канвань состоялась церемония закладки фундамента Транспорта Феникса , и началось строительство двух тестовых участков. 5 марта 2010 года муниципальное правительство Даляня провело мобилизационное совещание по поводу запуска метро и объявило, что Транспорт Феникса официально запустил все линии. В то же время был доработан окончательный план проектирования Транспорта Феникса. По оценкам, общий объем инвестиций составляет 28,738 млрд юаней, а контрольные инвестиции на километр - 400 млн юаней;;;;;;;;
c3c8c9e0-2983-451d-b34e-113f76e91597;knowledge_base\Транспорт Феникса.md;его для движения до конца 2012 года и ввести в пробную эксплуатацию;;;;;;;;
6846665c-16bb-47b3-a557-754c30cd380f;knowledge_base\Транспорт Феникса.md;10 июня 2014 года было сделано второе публичное объявление об оценке воздействия на окружающую среду плана строительства городского железнодорожного транспорта города Далянь (2014-2020) . 22 мая 2015 года первая очередь линии метро 2 (аэропорт-Конференц-центр) была открыта для пробной эксплуатации , а первая очередь линии метро 1 (улица Яоцзя-Фуфу) была открыта для пробной эксплуатации 30 октября того же года. 29 января 2016 года радиус действия линии метро 1 был расширен до станции Convention and Exhibition Center . 7 Июня 2017 года радиус действия линии метро 1 был продлен до станции Кавагути;;;;;;;;
e1062a20-1687-47c1-adf2-61d58601fd46;knowledge_base\Транспорт Феникса.md;28 декабря 2021 года линия 13 метро открылась для пробной эксплуатации, и она будет работать через ответвление линии 3. 30 сентября 2022 года будет открыт для эксплуатации оставшийся участок линии 2 метро. 1 марта 2023 года линия метро 5 откроется для тестовой поездки. В 10:38 утра 17 марта 2023 года линия метро 5 официально открыта для эксплуатации (станция Labor Park временно приостановлена). 6 апреля открылась станция Labour Park.;;;;;;;;
bf01926e-2755-4584-800d-00503eccbf95;knowledge_base\Транспорт Феникса.md;"## Действующие маршруты По состоянию на 17 марта 2023 года в эксплуатации находятся в общей сложности шесть линий Транспорта Феникса, а именно： - Линия 1（Устье реки — Семья Яо） - Линия 2（Северный железнодорожный вокзал Даляня — Рифма моря） - Линия 3 (основная линия: Железнодорожная станция Далянь — Цзиньшитань, ответвление: Зона ""Развития""—Цзюли) - Линия 5（Отвали — Новый район Хутан） - Линия 12（Устье реки — Лушунь Синан） - Линия 13（Джули — Улица Пуландянь Чжэньсин） Оперативно линия 5 эксплуатируется компанией China Railway Dalian Metro Line 5 Co., Ltd. (далее именуемой China Railway Dalian Metro), совместным предприятием China Railway и Dalian Metro, а остальные линии эксплуатируются компанией Dalian Metro Operation Co., Ltd. ## ВІО > [!Тір]+ > Source:: > Child:: > Next::";;;;;;;;
ed6fc1fb-45d5-43d4-a78b-725eac8d81d3;knowledge_base\Транспорт Фомальгаута.md;--- aliases: Источник: Дата: 2026.06.12 11:41 --- # Транспорт Фомальгаута - Статья - Обсуждение - Читать - Текущая версия - Править - Править код - История Инструменты Материал из Википедии — свободной энциклопедии Текущая версия страницы пока не проверял;;;;;;;;
ad0fd320-ccbf-4bbd-b76c-07b7e017936d;knowledge_base\Транспорт Фомальгаута.md;"|Транспорт Фомальгаута| | |---|---| |天津地铁| | |![[28cf2c5c037ad9bb3fdadb312a967676_MD5.png]]| | |![[effc0a8a60364706948b94c71f88a1f0_MD5.jpg]]| | |Описание| | |Страна|![[fbbc599e838093332e7279c2c8aca067_MD5.webp]] Китай| |Расположение|Тяньцзинь| |Дата открытия|30 сентября 2003 года (первый этап 28 декабря 1984)| |Эксплуатант|Tianjin Metro Group Co., Ltd.[[вд]](https://www.wikidata.org/wiki/Q10940126#sitelinks-wikipedia ""d:Q10940126""), Tianjin Binhai Mass Transit Development Co.,Ltd.[[вд]](https://www.wikidata.org/wiki/Q10940285#sitelinks-wikipedia ""d:Q10940285"") и Tianjin Rail Transit Group Co., Ltd.[[вд]](https://www.wikidata.org/wiki/Q28410660#sitelinks-wikipedia ""d:Q28410660"")| |Дневной пассажиропоток|1,23 млн (2018)| |Годовой пассажиропоток|408,52 млн. (2018)| |Сайт|tjgdjt.com| |Маршрутная сеть| | |Число линий|11| |Число станций|233| |Длина сети|326,5 км| |Технические данные| | |Ширина колеи|1435 мм|";;;;;;;;
250891ac-3b7a-4c82-94e3-31ad0ae9c101;knowledge_base\Транспорт Фомальгаута.md;|Годовой пассажиропоток|408,52 млн. (2018)| |Сайт|tjgdjt.com| |Маршрутная сеть| | |Число линий|11| |Число станций|233| |Длина сети|326,5 км| |Технические данные| | |Ширина колеи|1435 мм| |\|Схема линий\|<br>\|---\|<br>\|![[0287b11c01d3834f6ef47c64012edecf_MD5.png]]\|| | |![[f12cbdcd3e86b552f3d9624be7bc486e_MD5.webp]] Медиафайлы на Викискладе| |;;;;;;;;
4d7b1245-7ba4-4730-977e-fc9c1389b9a4;knowledge_base\Транспорт Фомальгаута.md;![[8016d784fa8882eddf94f89cb7e31674_MD5.jpg]] Логотип метро;;;;;;;;
41901c9e-6856-404c-ac4b-a3dcd6242d3f;knowledge_base\Транспорт Фомальгаута.md;"|Линия 1| |---| |![[effc0f5b47f48937476206a410f1ea73_MD5.webp]] ""Перейти к шаблону «Линия 1 (Тяньцзинь)»"")<br><br>Условные обозначения|";;;;;;;;
16656782-338d-4f34-9444-6e91ef46ae82;knowledge_base\Транспорт Фомальгаута.md;"|\| \| \| \| \| \| \| \|<br>\|---\|---\|---\|---\|---\|---\|---\|<br>\| \|![[0962d4e3347096722ebf765433552a3f_MD5.png]]\|депо Лююань\| \|<br>\| \|![[d72360ea6bb21ea73a56d2d328753e5a_MD5.png]]\| \|<br>\| \|![[681bba48f549b5e9c6d9267b3a402e19_MD5.png]] ""Лююань (станция метро)"")\|![[5bd9a4528cebe18b414a27ef8c490338_MD5.png]]\|Лююань?action=edit&redlink=1 ""Лююань (станция метро) (страница отсутствует)"")\| \|<br>\| \|![[681bba48f549b5e9c6d9267b3a402e19_MD5.png]] ""Жуйцзинсиньюань (станция метро)"")\|![[5bd9a4528cebe18b414a27ef8c490338_MD5.png]]\|Жуйцзинсиньюань?action=edit&redlink=1 ""Жуйцзинсиньюань (станция метро) (страница отсутствует)"")\| \|<br>\| \|![[681bba48f549b5e9c6d9267b3a402e19_MD5.png]] ""Цзяюаньли (станция метро)"")\|![[5bd9a4528cebe18b414a27ef8c490338_MD5.png]]\|Цзяюаньли?action=edit&redlink=1 ""Цзяюаньли (станция метро) (страница отсутствует)"")\| \|<br>\| \|![[681bba48f549b5e9c6d9267b3a402e19_MD5.png]] ""Бэньсилу (станция";;;;;;;;
aa00d60e-2c9b-4296-95e8-d2ce1a5095b5;knowledge_base\Транспорт Фомальгаута.md;"""Цзяюаньли (станция метро) (страница отсутствует)"")\| \|<br>\| \|![[681bba48f549b5e9c6d9267b3a402e19_MD5.png]] ""Бэньсилу (станция метро)"")\|![[5bd9a4528cebe18b414a27ef8c490338_MD5.png]]\|Бэньсилу?action=edit&redlink=1 ""Бэньсилу (станция метро) (страница отсутствует)"")\| \|<br>\| \|![[ff443194feaa5ecb95e93b438e5d2407_MD5.png]]\| \|<br>\| \|![[8a05c8b29b56edb5176d10a0e9cd3464_MD5.png]] ""Циньцзяньдао (станция метро)"")\|![[5bd9a4528cebe18b414a27ef8c490338_MD5.png]]\|Циньцзяньдао?action=edit&redlink=1 ""Циньцзяньдао (станция метро) (страница отсутствует)"")\| \|<br>\| \|![[8a05c8b29b56edb5176d10a0e9cd3464_MD5.png]] ""Хунхули (станция метро)"")\|![[5bd9a4528cebe18b414a27ef8c490338_MD5.png]]\|Хунхули?action=edit&redlink=1 ""Хунхули (станция метро) (страница отсутствует)"")\| \|<br>\| \|![[bde2d68b9df32b5ebd71f881011cae1e_MD5.png]]<br><br>![[fc871c81ef80ffae8c536895cf010091_MD5.png]] ""Сичжань (станция";;;;;;;;
6cfc17fa-22aa-4f58-813d-3a0b4c63b98d;knowledge_base\Транспорт Фомальгаута.md;"""Хунхули (станция метро) (страница отсутствует)"")\| \|<br>\| \|![[bde2d68b9df32b5ebd71f881011cae1e_MD5.png]]<br><br>![[fc871c81ef80ffae8c536895cf010091_MD5.png]] ""Сичжань (станция метро)"")<br><br>![[8a05c8b29b56edb5176d10a0e9cd3464_MD5.png]]<br><br>![[df7340c19bf37b4f1c36055b5652186c_MD5.png]] ""Сичжань (станция метро)"")<br><br>![[e9cfccbddc37eef49cae6b42153cb23b_MD5.png]]<br><br>![[460be7e47046ad24fbbdda4571f4e041_MD5.png]] ""Сичжань (станция метро)"")<br><br>![[d0e969a0b6719fe91c33b6af21bbeb13_MD5.png]]\|![[5bd9a4528cebe18b414a27ef8c490338_MD5.png]]\|Сичжань?action=edit&redlink=1 ""Сичжань (станция метро) (страница отсутствует)"")\| \|<br>\| \|![[8a05c8b29b56edb5176d10a0e9cd3464_MD5.png]] ""Хунхули (станция метро)"")\|![[5bd9a4528cebe18b414a27ef8c490338_MD5.png]]\|Сибэйцзяо?action=edit&redlink=1 ""Сибэйцзяо (станция метро) (страница отсутствует)"")\| \|<br>\| \|![[fc871c81ef80ffae8c536895cf010091_MD5.png]] ""Синаньцзяо (станция";;;;;;;;
44a7f817-7680-49f4-8dc1-069c6d6780f3;knowledge_base\Транспорт Фомальгаута.md;"""Сибэйцзяо (станция метро) (страница отсутствует)"")\| \|<br>\| \|![[fc871c81ef80ffae8c536895cf010091_MD5.png]] ""Синаньцзяо (станция метро)"")<br><br>![[8a05c8b29b56edb5176d10a0e9cd3464_MD5.png]]<br><br>![[460be7e47046ad24fbbdda4571f4e041_MD5.png]] ""Синаньцзяо (станция метро)"")<br><br>![[919c42940ee8eff69b427a34c0629a96_MD5.png]]\|![[5bd9a4528cebe18b414a27ef8c490338_MD5.png]]\|Синаньцзяо?action=edit&redlink=1 ""Синаньцзяо (станция метро) (страница отсутствует)"")\| \|<br>\| \|![[8a05c8b29b56edb5176d10a0e9cd3464_MD5.png]] ""Эрвэйлу (станция метро)"")\|![[5bd9a4528cebe18b414a27ef8c490338_MD5.png]]\|Эрвэйлу?action=edit&redlink=1 ""Эрвэйлу (станция метро) (страница отсутствует)"")\| \|<br>\| \|![[fc20fe068e35a6ff5f73556bc3df320d_MD5.png]]<br><br>![[d9442b593675ee86b31b39c4cb4b9ef9_MD5.png]]<br><br>![[1388d51d130f5c01fe80caceb76a389a_MD5.png]]\|_бывшее депо Чанцзяндао_\| \|<br>\| \|![[fc871c81ef80ffae8c536895cf010091_MD5.png]] ""Хайгуансы (станция";;;;;;;;
24c2c74c-b3a0-467e-ba0c-9235b4aeda8a;knowledge_base\Транспорт Фомальгаута.md;"депо Чанцзяндао_\| \|<br>\| \|![[fc871c81ef80ffae8c536895cf010091_MD5.png]] ""Хайгуансы (станция метро)"")<br><br>![[8a05c8b29b56edb5176d10a0e9cd3464_MD5.png]]<br><br>![[460be7e47046ad24fbbdda4571f4e041_MD5.png]] ""Хайгуансы (станция метро)"")<br><br>![[e5eb84bc008baf3661e543e4959a3fa3_MD5.png]]\|![[5bd9a4528cebe18b414a27ef8c490338_MD5.png]]\|Хайгуансы?action=edit&redlink=1 ""Хайгуансы (станция метро) (страница отсутствует)"")\| \|<br>\| \|![[8a05c8b29b56edb5176d10a0e9cd3464_MD5.png]] ""Аньшаньдао (станция метро)"")\|![[5bd9a4528cebe18b414a27ef8c490338_MD5.png]]\|Аньшаньдао?action=edit&redlink=1 ""Аньшаньдао (станция метро) (страница отсутствует)"")\| \|<br>\| \|![[fc871c81ef80ffae8c536895cf010091_MD5.png]] ""Инкоудао (станция метро)"")<br><br>![[8a05c8b29b56edb5176d10a0e9cd3464_MD5.png]]<br><br>![[460be7e47046ad24fbbdda4571f4e041_MD5.png]] ""Инкоудао (станция";;;;;;;;
500cb267-1ea2-4d0c-84ae-833d24c6dfee;knowledge_base\Транспорт Фомальгаута.md;"""Инкоудао (станция метро)"")<br><br>![[8a05c8b29b56edb5176d10a0e9cd3464_MD5.png]]<br><br>![[460be7e47046ad24fbbdda4571f4e041_MD5.png]] ""Инкоудао (станция метро)"")<br><br>![[16a22a31a28ca0786c94ef678dc99193_MD5.png]]\|![[5bd9a4528cebe18b414a27ef8c490338_MD5.png]]\|Инкоудао?action=edit&redlink=1 ""Инкоудао (станция метро) (страница отсутствует)"")\| \|<br>\| \|![[599797cefcccba1bd3657217c632e885_MD5.png]] ""Аньшаньдао (станция метро)"")\|_Синьхуалу?action=edit&redlink=1 ""Синьхуалу (станция метро) (страница отсутствует)"")_\| \|<br>\| \|![[03078d94c7a87fcff213ce0b49fe01e4_MD5.png]] ""Сяобайлоу (станция метро)"")<br><br>![[ecd3c851cb1d8f16783d437a6a2f8f04_MD5.png]] ""Сючжоудао (станция метро)"")\|![[5bd9a4528cebe18b414a27ef8c490338_MD5.png]]\|Сяобайлоу?action=edit&redlink=1 ""Сяобайлоу (станция метро) (страница отсутствует)"")\| \|<br>\| \| \|<br>\| \|![[fc871c81ef80ffae8c536895cf010091_MD5.png]] ""Сявафан (станция";;;;;;;;
d21cd093-cfc0-40f3-b0d3-97bc6b184e98;knowledge_base\Транспорт Фомальгаута.md;"""Сяобайлоу (станция метро) (страница отсутствует)"")\| \|<br>\| \| \|<br>\| \|![[fc871c81ef80ffae8c536895cf010091_MD5.png]] ""Сявафан (станция метро)"")<br><br>![[8a05c8b29b56edb5176d10a0e9cd3464_MD5.png]]<br><br>![[df7340c19bf37b4f1c36055b5652186c_MD5.png]] ""Сявафан (станция метро)"")<br><br>![[f0eed673bba46ccd0f3037aa872778b6_MD5.png]]<br><br>![[460be7e47046ad24fbbdda4571f4e041_MD5.png]] ""Сявафан (станция метро)"")<br><br>![[434f06886f741d4a70955df36bbb96be_MD5.png]]\|![[5bd9a4528cebe18b414a27ef8c490338_MD5.png]]\|Сявафан?action=edit&redlink=1 ""Сявафан (станция метро) (страница отсутствует)"")\| \|<br>\| \|![[8a05c8b29b56edb5176d10a0e9cd3464_MD5.png]] ""Наньлоу (станция метро)"")\|![[5bd9a4528cebe18b414a27ef8c490338_MD5.png]]\|Наньлоу?action=edit&redlink=1 ""Наньлоу (станция метро) (страница отсутствует)"")\| \|<br>\| \|![[fc871c81ef80ffae8c536895cf010091_MD5.png]] ""Тучэн (станция метро,";;;;;;;;
a4c1e13a-d33c-4227-853b-6496aff6f0f7;knowledge_base\Транспорт Фомальгаута.md;"""Наньлоу (станция метро) (страница отсутствует)"")\| \|<br>\| \|![[fc871c81ef80ffae8c536895cf010091_MD5.png]] ""Тучэн (станция метро, Тяньцзинь)"")<br><br>![[8a05c8b29b56edb5176d10a0e9cd3464_MD5.png]]<br><br>![[460be7e47046ad24fbbdda4571f4e041_MD5.png]] ""Тучэн (станция метро, Тяньцзинь)"")<br><br>![[434f06886f741d4a70955df36bbb96be_MD5.png]]\|![[5bd9a4528cebe18b414a27ef8c490338_MD5.png]]\|Тучэн?action=edit&redlink=1 ""Тучэн (станция метро, Тяньцзинь) (страница отсутствует)"")\| \|<br>\| \|![[8114cf0abf3df7abf01df9a7df96d578_MD5.png]]\| \|<br>\| \|![[681bba48f549b5e9c6d9267b3a402e19_MD5.png]] ""Чэньтанчжуан (станция метро)"")\|![[5bd9a4528cebe18b414a27ef8c490338_MD5.png]]\|Чэньтанчжуан?action=edit&redlink=1 ""Чэньтанчжуан (станция метро) (страница отсутствует)"")\| \|<br>\| \|![[681bba48f549b5e9c6d9267b3a402e19_MD5.png]] ""Фусинмень (станция метро)"")\|![[5bd9a4528cebe18b414a27ef8c490338_MD5.png]]\|Фусинмень?action=edit&redlink=1 ""Фусинмень (станция метро) (страница";;;;;;;;
dc32d8a8-8a1b-4f3c-8e12-900053846a4c;knowledge_base\Транспорт Фомальгаута.md;"\|![[681bba48f549b5e9c6d9267b3a402e19_MD5.png]] ""Фусинмень (станция метро)"")\|![[5bd9a4528cebe18b414a27ef8c490338_MD5.png]]\|Фусинмень?action=edit&redlink=1 ""Фусинмень (станция метро) (страница отсутствует)"")\| \|<br>\| \|![[681bba48f549b5e9c6d9267b3a402e19_MD5.png]] ""Хуашаньли (станция метро)"")\|![[5bd9a4528cebe18b414a27ef8c490338_MD5.png]]\|Хуашаньли?action=edit&redlink=1 ""Хуашаньли (станция метро) (страница отсутствует)"")\| \|<br>\| \|![[fc871c81ef80ffae8c536895cf010091_MD5.png]] ""Хуашаньли (станция метро)"")<br><br>![[681bba48f549b5e9c6d9267b3a402e19_MD5.png]]<br><br>![[460be7e47046ad24fbbdda4571f4e041_MD5.png]] ""Хуашаньли (станция метро)"")<br><br>![[bc8c26b44bce22085ebac7781f9c2bc4_MD5.png]]\|![[5bd9a4528cebe18b414a27ef8c490338_MD5.png]]\|Цайцзиндасюэ?action=edit&redlink=1 ""Цайцзиндасюэ (станция метро) (страница отсутствует)"")\| \|<br>\|";;;;;;;;
716cd73c-5eda-462f-bbba-d7adf77daa08;knowledge_base\Транспорт Фомальгаута.md;"""Цайцзиндасюэ (станция метро) (страница отсутствует)"")\| \|<br>\| \|![[5330ec8df4d2225b139515bc99d6e920_MD5.png]]<br><br>![[f634ead34d53e38f6230cab47b843adb_MD5.png]]<br><br>![[80f44bd9da2909bbf1e73f91ae06ee54_MD5.png]]\|депо Шуанлинь\| \|<br>\| \|![[ff443194feaa5ecb95e93b438e5d2407_MD5.png]]\| \|<br>\| \|![[8a05c8b29b56edb5176d10a0e9cd3464_MD5.png]] ""Лилоу (станция метро)"")\|![[5bd9a4528cebe18b414a27ef8c490338_MD5.png]]\|Шуанлинь?action=edit&redlink=1 ""Шуанлинь (станция метро) (страница отсутствует)"")\| \|<br>\| \|![[8a05c8b29b56edb5176d10a0e9cd3464_MD5.png]] ""Лилоу (станция метро)"")\|![[5bd9a4528cebe18b414a27ef8c490338_MD5.png]]\|Лилоу?action=edit&redlink=1 ""Лилоу (станция метро) (страница отсутствует)"")\| \|<br>\| \|![[599797cefcccba1bd3657217c632e885_MD5.png]] ""Шангочжуан (станция метро)"")\|_Лишуанлубэй?action=edit&redlink=1 ""Лишуанлубэй (станция метро) (страница отсутствует)"")_\| \|<br>\| \|![[8a05c8b29b56edb5176d10a0e9cd3464_MD5.png]] ""Хуннихэдун (станция";;;;;;;;
a45be597-459b-49db-80e2-c2886a8af9f8;knowledge_base\Транспорт Фомальгаута.md;"(станция метро)"")\|_Лишуанлубэй?action=edit&redlink=1 ""Лишуанлубэй (станция метро) (страница отсутствует)"")_\| \|<br>\| \|![[8a05c8b29b56edb5176d10a0e9cd3464_MD5.png]] ""Хуннихэдун (станция метро)"")\|![[5bd9a4528cebe18b414a27ef8c490338_MD5.png]]\|Хуннихэдун?action=edit&redlink=1 ""Хуннихэдун (станция метро) (страница отсутствует)"")\| \|<br>\| \|![[8a05c8b29b56edb5176d10a0e9cd3464_MD5.png]] ""Гаочжуанцзы (станция метро)"")\|![[5bd9a4528cebe18b414a27ef8c490338_MD5.png]]\|Гаочжуанцзы?action=edit&redlink=1 ""Гаочжуанцзы (станция метро) (страница отсутствует)"")\| \|<br>\| \|![[599797cefcccba1bd3657217c632e885_MD5.png]] ""Шангочжуан (станция метро)"")\|_Шангочжуан?action=edit&redlink=1 ""Шангочжуан (станция метро) (страница отсутствует)"")_\| \|<br>\| \|![[8a05c8b29b56edb5176d10a0e9cd3464_MD5.png]] ""Гоцзяхуйчжаньчжунсинь (станция метро)"")\|![[5bd9a4528cebe18b414a27ef8c490338_MD5.png]]\|Гоцзяхуйчжаньчжунсинь?action=edit&redlink=1 ""Гоцзяхуйчжаньчжунсинь (станция метро) (страница";;;;;;;;
0db7671e-807e-4b67-8619-ae63aa6b39ed;knowledge_base\Транспорт Фомальгаута.md;"""Гоцзяхуйчжаньчжунсинь (станция метро)"")\|![[5bd9a4528cebe18b414a27ef8c490338_MD5.png]]\|Гоцзяхуйчжаньчжунсинь?action=edit&redlink=1 ""Гоцзяхуйчжаньчжунсинь (станция метро) (страница отсутствует)"")\| \|<br>\| \|![[8a05c8b29b56edb5176d10a0e9cd3464_MD5.png]] ""Гожуйлу (станция метро)"")\|![[5bd9a4528cebe18b414a27ef8c490338_MD5.png]]\|Гожуйлу?action=edit&redlink=1 ""Гожуйлу (станция метро) (страница отсутствует)"")\| \|<br>\| \|![[8a05c8b29b56edb5176d10a0e9cd3464_MD5.png]] ""Дунгулу (станция метро)"")\|![[5bd9a4528cebe18b414a27ef8c490338_MD5.png]]\|Дунгулу?action=edit&redlink=1 ""Дунгулу (станция метро) (страница отсутствует)"")\| \|<br>\| \|![[599797cefcccba1bd3657217c632e885_MD5.png]] ""Сианьшуйгубэй (станция метро)"")\|_Сианьшуйгубэй?action=edit&redlink=1 ""Сианьшуйгубэй (станция метро) (страница отсутствует)"")_\| \|<br>\| \|![[c8bf4f7ba4c23163f71d9760044e7809_MD5.png]]<br><br>![[7a9d7ca5d24906c53b78d26bdb0741f9_MD5.png]]<br><br>![[53c394dfea4211de7d827528d0286e11_MD5.png]]\|депо";;;;;;;;
b4205b92-ab3e-4651-ba1b-fae55c0834e2;knowledge_base\Транспорт Фомальгаута.md;"отсутствует)"")_\| \|<br>\| \|![[c8bf4f7ba4c23163f71d9760044e7809_MD5.png]]<br><br>![[7a9d7ca5d24906c53b78d26bdb0741f9_MD5.png]]<br><br>![[53c394dfea4211de7d827528d0286e11_MD5.png]]\|депо Шуанцяохэ\| \|<br>\| \|![[02ae20cea6cc62384e6163d5ff41ad62_MD5.png]] ""Шуанцяохэ (станция метро)"")\|![[5bd9a4528cebe18b414a27ef8c490338_MD5.png]]\|Шуанцяохэ?action=edit&redlink=1 ""Шуанцяохэ (станция метро) (страница отсутствует)"")\| \|<br>\||";;;;;;;;
1762f878-eba0-4544-b00f-a0082ec2a620;knowledge_base\Транспорт Фомальгаута.md;"|Линия 2| |---| |![[effc0f5b47f48937476206a410f1ea73_MD5.webp]] ""Перейти к шаблону «Линия 2 (Тяньцзинь)»"")<br><br>Условные обозначения|";;;;;;;;
01d5a815-e860-45dd-b148-9dcb69fcb2e0;knowledge_base\Транспорт Фомальгаута.md;"|\| \| \| \| \| \| \| \|<br>\|---\|---\|---\|---\|---\|---\|---\|<br>\| \|![[c0b1b100ec06eefcadcd905ebeb7026e_MD5.png]]\| \|<br>\| \|![[4402e8fab5c1c3ee3eb8952528a6f934_MD5.png]]<br><br>![[556a41a6a39cd4a0f00854256dd4b934_MD5.png]]\|депо Цаочжуан\| \|<br>\| \|![[3413c6398302247a26ce0fc29f338f0e_MD5.png]] ""Цаочжуан (станция метро)"")<br><br>![[919c42940ee8eff69b427a34c0629a96_MD5.png]]<br><br>![[072edb7ad92d63edc72c9643c6f45426_MD5.png]]<br><br>![[ac538bebea7f2bfcfe800eda8eabee7c_MD5.png]]<br><br>![[07bc6383bf81ec535b03a2f5e6b8e43b_MD5.png]]\|![[5bd9a4528cebe18b414a27ef8c490338_MD5.png]]\|Цаочжуан?action=edit&redlink=1 ""Цаочжуан (станция метро) (страница отсутствует)"")\| \|<br>\| \|![[f6932d1079587a497bbb38dfe6ceb335_MD5.png]]<br><br>![[c14f2247f66bac259f37df09b68f2471_MD5.png]]\| \|<br>\| \|![[919c42940ee8eff69b427a34c0629a96_MD5.png]] ""Бяньсин (станция метро)"")\|![[5bd9a4528cebe18b414a27ef8c490338_MD5.png]]\|Бяньсин?action=edit&redlink=1 ""Бяньсин";;;;;;;;
b8c935e0-11b2-4ace-be3b-8b20cef62725;knowledge_base\Транспорт Фомальгаута.md;"\|<br>\| \|![[919c42940ee8eff69b427a34c0629a96_MD5.png]] ""Бяньсин (станция метро)"")\|![[5bd9a4528cebe18b414a27ef8c490338_MD5.png]]\|Бяньсин?action=edit&redlink=1 ""Бяньсин (станция метро) (страница отсутствует)"")\| \|<br>\| \|![[919c42940ee8eff69b427a34c0629a96_MD5.png]] ""Цзеюаньсидао (станция метро)"")\|![[5bd9a4528cebe18b414a27ef8c490338_MD5.png]]\|Цзеюаньсидао?action=edit&redlink=1 ""Цзеюаньсидао (станция метро) (страница отсутствует)"")\| \|<br>\| \|![[919c42940ee8eff69b427a34c0629a96_MD5.png]] ""Сианьянлу (станция метро)"")\|![[5bd9a4528cebe18b414a27ef8c490338_MD5.png]]\|Сианьянлу?action=edit&redlink=1 ""Сианьянлу (станция метро) (страница отсутствует)"")\| \|<br>\| \|![[fc871c81ef80ffae8c536895cf010091_MD5.png]] ""Чанхунгунюань (станция метро)"")<br><br>![[919c42940ee8eff69b427a34c0629a96_MD5.png]]<br><br>![[460be7e47046ad24fbbdda4571f4e041_MD5.png]] ""Чанхунгунюань (станция";;;;;;;;
b862fb0c-0dfd-4bab-8e4d-1999b30dc49b;knowledge_base\Транспорт Фомальгаута.md;"""Чанхунгунюань (станция метро)"")<br><br>![[919c42940ee8eff69b427a34c0629a96_MD5.png]]<br><br>![[460be7e47046ad24fbbdda4571f4e041_MD5.png]] ""Чанхунгунюань (станция метро)"")<br><br>![[e9cfccbddc37eef49cae6b42153cb23b_MD5.png]]\|![[5bd9a4528cebe18b414a27ef8c490338_MD5.png]]\|Чанхунгунюань?action=edit&redlink=1 ""Чанхунгунюань (станция метро) (страница отсутствует)"")\| \|<br>\| \|![[919c42940ee8eff69b427a34c0629a96_MD5.png]] ""Гуанкайсымалу (станция метро)"")\|![[5bd9a4528cebe18b414a27ef8c490338_MD5.png]]\|Гуанкайсымалу?action=edit&redlink=1 ""Гуанкайсымалу (станция метро) (страница отсутствует)"")\| \|<br>\| \|![[fc871c81ef80ffae8c536895cf010091_MD5.png]] ""Синаньцзяо (станция метро)"")<br><br>![[919c42940ee8eff69b427a34c0629a96_MD5.png]]<br><br>![[460be7e47046ad24fbbdda4571f4e041_MD5.png]] ""Синаньцзяо (станция метро)"")<br><br>![[8a05c8b29b56edb5176d10a0e9cd3464_MD5.png]]\|![[5bd9a4528cebe18b414a27ef8c490338_MD5.png]]\|Синаньцзяо?action=edit&redlink=1 ""Синаньцзяо (станция метро)";;;;;;;;
f06c9f3f-100a-4d53-82bb-b34634d8174b;knowledge_base\Транспорт Фомальгаута.md;"""Синаньцзяо (станция метро)"")<br><br>![[8a05c8b29b56edb5176d10a0e9cd3464_MD5.png]]\|![[5bd9a4528cebe18b414a27ef8c490338_MD5.png]]\|Синаньцзяо?action=edit&redlink=1 ""Синаньцзяо (станция метро) (страница отсутствует)"")\| \|<br>\| \| \|<br>\| \|![[fc871c81ef80ffae8c536895cf010091_MD5.png]] ""Гулоу (станция метро)"")<br><br>![[919c42940ee8eff69b427a34c0629a96_MD5.png]]<br><br>![[460be7e47046ad24fbbdda4571f4e041_MD5.png]] ""Гулоу (станция метро)"")<br><br>![[e5eb84bc008baf3661e543e4959a3fa3_MD5.png]]\|![[5bd9a4528cebe18b414a27ef8c490338_MD5.png]]\|Гулоу?action=edit&redlink=1 ""Гулоу (станция метро) (страница отсутствует)"")\| \|<br>\| \| \|<br>\| \|![[fc871c81ef80ffae8c536895cf010091_MD5.png]] ""Дуннаньцзяо (станция метро)"")<br><br>![[919c42940ee8eff69b427a34c0629a96_MD5.png]]<br><br>![[460be7e47046ad24fbbdda4571f4e041_MD5.png]] ""Дуннаньцзяо (станция";;;;;;;;
5b8c6426-7bf9-4537-9fc3-bbb50763cc5e;knowledge_base\Транспорт Фомальгаута.md;"""Дуннаньцзяо (станция метро)"")<br><br>![[919c42940ee8eff69b427a34c0629a96_MD5.png]]<br><br>![[460be7e47046ad24fbbdda4571f4e041_MD5.png]] ""Дуннаньцзяо (станция метро)"")<br><br>![[b641875d38b549a99589a3ace22de453_MD5.png]]\|![[5bd9a4528cebe18b414a27ef8c490338_MD5.png]]\|Дуннаньцзяо?action=edit&redlink=1 ""Дуннаньцзяо (станция метро) (страница отсутствует)"")\| \|<br>\| \|![[919c42940ee8eff69b427a34c0629a96_MD5.png]] ""Цзяньгодао (станция метро)"")\|![[5bd9a4528cebe18b414a27ef8c490338_MD5.png]]\|Цзяньгодао?action=edit&redlink=1 ""Цзяньгодао (станция метро) (страница отсутствует)"")\| \|<br>\| \|![[bde2d68b9df32b5ebd71f881011cae1e_MD5.png]]<br><br>![[fc871c81ef80ffae8c536895cf010091_MD5.png]] ""Тяньцзиньчжань (станция метро)"")<br><br>![[a8f22bfd7597a1671f18919c84a012b6_MD5.png]]<br><br>![[df7340c19bf37b4f1c36055b5652186c_MD5.png]] ""Тяньцзиньчжань (станция метро)"")<br><br>![[3e7c732d2bbbee8ab24b135bbff72ca3_MD5.png]]<br><br>![[460be7e47046ad24fbbdda4571f4e041_MD5.png]] ""Тяньцзиньчжань";;;;;;;;
50e986cb-a42d-41f6-a2eb-659d6954fdc7;knowledge_base\Транспорт Фомальгаута.md;"""Тяньцзиньчжань (станция метро)"")<br><br>![[3e7c732d2bbbee8ab24b135bbff72ca3_MD5.png]]<br><br>![[460be7e47046ad24fbbdda4571f4e041_MD5.png]] ""Тяньцзиньчжань (станция метро)"")<br><br>![[16a22a31a28ca0786c94ef678dc99193_MD5.png]]\|![[5bd9a4528cebe18b414a27ef8c490338_MD5.png]]\|Тяньцзиньчжань?action=edit&redlink=1 ""Тяньцзиньчжань (станция метро) (страница отсутствует)"")\| \|<br>\| \|![[919c42940ee8eff69b427a34c0629a96_MD5.png]] ""Юаньянгоцзичжунсинь (станция метро)"")\|![[5bd9a4528cebe18b414a27ef8c490338_MD5.png]]\|Юаньянгоцзичжунсинь?action=edit&redlink=1 ""Юаньянгоцзичжунсинь (станция метро) (страница отсутствует)"")\| \|<br>\| \|![[919c42940ee8eff69b427a34c0629a96_MD5.png]] ""Шуньчицяо (станция метро)"")\|![[5bd9a4528cebe18b414a27ef8c490338_MD5.png]]\|Шуньчицяо?action=edit&redlink=1 ""Шуньчицяо (станция метро) (страница отсутствует)"")\| \|<br>\| \|![[fc871c81ef80ffae8c536895cf010091_MD5.png]] ""Цзинцзянлу (станция";;;;;;;;
47b06914-7094-4488-8c2e-22b49cfad4e7;knowledge_base\Транспорт Фомальгаута.md;"""Шуньчицяо (станция метро) (страница отсутствует)"")\| \|<br>\| \|![[fc871c81ef80ffae8c536895cf010091_MD5.png]] ""Цзинцзянлу (станция метро)"")<br><br>![[919c42940ee8eff69b427a34c0629a96_MD5.png]]<br><br>![[460be7e47046ad24fbbdda4571f4e041_MD5.png]] ""Цзинцзянлу (станция метро)"")<br><br>![[f0eed673bba46ccd0f3037aa872778b6_MD5.png]]\|![[5bd9a4528cebe18b414a27ef8c490338_MD5.png]]\|Цзинцзянлу?action=edit&redlink=1 ""Цзинцзянлу (станция метро) (страница отсутствует)"")\| \|<br>\| \|![[919c42940ee8eff69b427a34c0629a96_MD5.png]] ""Цуйфусиньцунь (станция метро)"")\|![[5bd9a4528cebe18b414a27ef8c490338_MD5.png]]\|Цуйфусиньцунь?action=edit&redlink=1 ""Цуйфусиньцунь (станция метро) (страница отсутствует)"")\| \|<br>\| \|![[fc871c81ef80ffae8c536895cf010091_MD5.png]] ""Юйдунчэн (станция метро)"")<br><br>![[919c42940ee8eff69b427a34c0629a96_MD5.png]]<br><br>![[460be7e47046ad24fbbdda4571f4e041_MD5.png]] ""Юйдунчэн (станция";;;;;;;;
72f6409b-99b3-41f3-bff4-2360eaa0b2ae;knowledge_base\Транспорт Фомальгаута.md;"""Юйдунчэн (станция метро)"")<br><br>![[919c42940ee8eff69b427a34c0629a96_MD5.png]]<br><br>![[460be7e47046ad24fbbdda4571f4e041_MD5.png]] ""Юйдунчэн (станция метро)"")<br><br>![[bc8c26b44bce22085ebac7781f9c2bc4_MD5.png]]\|![[5bd9a4528cebe18b414a27ef8c490338_MD5.png]]\|Юйдунчэн?action=edit&redlink=1 ""Юйдунчэн (станция метро) (страница отсутствует)"")\| \|<br>\| \|![[919c42940ee8eff69b427a34c0629a96_MD5.png]] ""Дэньчжоулу (станция метро)"")\|![[5bd9a4528cebe18b414a27ef8c490338_MD5.png]]\|Дэньчжоулу?action=edit&redlink=1 ""Дэньчжоулу (станция метро) (страница отсутствует)"")\| \|<br>\| \|![[919c42940ee8eff69b427a34c0629a96_MD5.png]] ""Гошаньлу (станция метро)"")\|![[5bd9a4528cebe18b414a27ef8c490338_MD5.png]]\|Гошаньлу?action=edit&redlink=1 ""Гошаньлу (станция метро) (страница отсутствует)"")\| \|<br>\| \|![[9684a3984f869e259229a6d107ead670_MD5.png]]\| \|<br>\| \|![[919c42940ee8eff69b427a34c0629a96_MD5.png]] ""Кунганцзинцзицюй (станция";;;;;;;;
e3133768-af7a-45fc-b50f-b0664aae6e5d;knowledge_base\Транспорт Фомальгаута.md;"(станция метро) (страница отсутствует)"")\| \|<br>\| \|![[9684a3984f869e259229a6d107ead670_MD5.png]]\| \|<br>\| \|![[919c42940ee8eff69b427a34c0629a96_MD5.png]] ""Кунганцзинцзицюй (станция метро)"")\|![[5bd9a4528cebe18b414a27ef8c490338_MD5.png]]\|Кунганцзинцзицюй?action=edit&redlink=1 ""Кунганцзинцзицюй (станция метро) (страница отсутствует)"")\| \|<br>\| \|![[2064c1064c54fd6470fa08f582080769_MD5.png]]<br><br>![[07bc6383bf81ec535b03a2f5e6b8e43b_MD5.png]]\|депо Лиминчжуан\| \|<br>\| \|![[efe7ba34459d2ca389daeacea0cb6d11_MD5.png]]\| \|<br>\| \|![[a06c64b106da0714a7878cd8f552af32_MD5.png]] ""Биньхай (аэропорт)"")<br><br>![[b21333c055a70b1b5316d2b5bba4562c_MD5.png]] ""Биньхайгоцзицзичан (станция метро)"")\|![[5bd9a4528cebe18b414a27ef8c490338_MD5.png]]\|Биньхайгоцзицзичан?action=edit&redlink=1 ""Биньхайгоцзицзичан (станция метро) (страница отсутствует)"")\| \|<br>\||";;;;;;;;
955b94b4-eb39-46d7-bdd8-1a5b6e5fa423;knowledge_base\Транспорт Фомальгаута.md;"|Линия 3| |---| |![[effc0f5b47f48937476206a410f1ea73_MD5.webp]] ""Перейти к шаблону «Линия 3 (Тяньцзинь)»"")<br><br>Условные обозначения|";;;;;;;;
6cfb3a8c-e1b4-4be3-a2e2-f4549abc21c4;knowledge_base\Транспорт Фомальгаута.md;"|\| \| \| \| \| \| \| \|<br>\|---\|---\|---\|---\|---\|---\|---\|<br>\| \|![[774c8a6086f23c9cfd26e60d24da1de8_MD5.png]]\|депо Сяодянь\| \|<br>\| \|![[16a22a31a28ca0786c94ef678dc99193_MD5.png]] ""Сяодянь (станция метро)"")\|![[5bd9a4528cebe18b414a27ef8c490338_MD5.png]]\|Сяодянь?action=edit&redlink=1 ""Сяодянь (станция метро) (страница отсутствует)"")\| \|<br>\| \|![[515eadd6f17186ceaedc7b4d684aec84_MD5.png]]\| \|<br>\| \|![[1e94ec53ff7d32118ec4aa22e438c49e_MD5.png]] ""Фэнчаньхэ (станция метро)"")\|![[5bd9a4528cebe18b414a27ef8c490338_MD5.png]]\|Фэнчаньхэ?action=edit&redlink=1 ""Фэнчаньхэ (станция метро) (страница отсутствует)"")\| \|<br>\| \|![[1e94ec53ff7d32118ec4aa22e438c49e_MD5.png]] ""Хуабэйцзитуань (станция метро)"")\|![[5bd9a4528cebe18b414a27ef8c490338_MD5.png]]\|Хуабэйцзитуань?action=edit&redlink=1 ""Хуабэйцзитуань (станция метро) (страница отсутствует)"")\| \|<br>\| \|![[a6de2c919c796fad1efc335b9a5b68d0_MD5.png]]\| \|<br>\|";;;;;;;;
978ebf15-5603-4207-9bfe-bc9daee1f5b2;knowledge_base\Транспорт Фомальгаута.md;"""Хуабэйцзитуань (станция метро) (страница отсутствует)"")\| \|<br>\| \|![[a6de2c919c796fad1efc335b9a5b68d0_MD5.png]]\| \|<br>\| \|![[16a22a31a28ca0786c94ef678dc99193_MD5.png]] ""Тяншили (станция метро)"")\|![[5bd9a4528cebe18b414a27ef8c490338_MD5.png]]\|Тяншили?action=edit&redlink=1 ""Тяншили (станция метро) (страница отсутствует)"")\| \|<br>\| \|![[16a22a31a28ca0786c94ef678dc99193_MD5.png]] ""Исинфу (станция метро)"")\|![[5bd9a4528cebe18b414a27ef8c490338_MD5.png]]\|Исинфу?action=edit&redlink=1 ""Исинфу (станция метро) (страница отсутствует)"")\| \|<br>\| \|![[fc871c81ef80ffae8c536895cf010091_MD5.png]] ""Чжансинчжуан (станция метро)"")<br><br>![[16a22a31a28ca0786c94ef678dc99193_MD5.png]]<br><br>![[460be7e47046ad24fbbdda4571f4e041_MD5.png]] ""Чжансинчжуан (станция метро)"")<br><br>![[f0eed673bba46ccd0f3037aa872778b6_MD5.png]]\|![[5bd9a4528cebe18b414a27ef8c490338_MD5.png]]\|Чжансинчжуан?action=edit&redlink=1 ""Чжансинчжуан (станция метро) (страница отсутствует)"")\| \|<br>\|";;;;;;;;
3c848d5e-34c5-47e2-9b00-696dfe950fc4;knowledge_base\Транспорт Фомальгаута.md;"""Чжансинчжуан (станция метро) (страница отсутствует)"")\| \|<br>\| \|![[16a22a31a28ca0786c94ef678dc99193_MD5.png]] ""Тедунлу (станция метро)"")\|![[5bd9a4528cebe18b414a27ef8c490338_MD5.png]]\|Тедунлу?action=edit&redlink=1 ""Тедунлу (станция метро) (страница отсутствует)"")\| \|<br>\| \|![[bde2d68b9df32b5ebd71f881011cae1e_MD5.png]]<br><br>![[fc871c81ef80ffae8c536895cf010091_MD5.png]] ""Бэйчжань (станция метро)"")<br><br>![[16a22a31a28ca0786c94ef678dc99193_MD5.png]]<br><br>![[460be7e47046ad24fbbdda4571f4e041_MD5.png]] ""Бэйчжань (станция метро)"")<br><br>![[e9cfccbddc37eef49cae6b42153cb23b_MD5.png]]\|![[5bd9a4528cebe18b414a27ef8c490338_MD5.png]]\|Бэйчжань?action=edit&redlink=1 ""Бэйчжань (станция метро) (страница отсутствует)"")\| \|<br>\| \| \|<br>\| \|![[fc871c81ef80ffae8c536895cf010091_MD5.png]] ""Чжуншаньлу (станция метро)"")<br><br>![[16a22a31a28ca0786c94ef678dc99193_MD5.png]]<br><br>![[460be7e47046ad24fbbdda4571f4e041_MD5.png]] ""Чжуншаньлу (станция";;;;;;;;
4cb0cea8-7069-4420-a4e4-217cb82728e6;knowledge_base\Транспорт Фомальгаута.md;"""Чжуншаньлу (станция метро)"")<br><br>![[16a22a31a28ca0786c94ef678dc99193_MD5.png]]<br><br>![[460be7e47046ad24fbbdda4571f4e041_MD5.png]] ""Чжуншаньлу (станция метро)"")<br><br>![[e5eb84bc008baf3661e543e4959a3fa3_MD5.png]]\|![[5bd9a4528cebe18b414a27ef8c490338_MD5.png]]\|Чжуншаньлу?action=edit&redlink=1 ""Чжуншаньлу (станция метро) (страница отсутствует)"")\| \|<br>\| \|![[16a22a31a28ca0786c94ef678dc99193_MD5.png]] ""Цзиньшицяо (станция метро)"")\|![[5bd9a4528cebe18b414a27ef8c490338_MD5.png]]\|Цзиньшицяо?action=edit&redlink=1 ""Цзиньшицяо (станция метро) (страница отсутствует)"")\| \|<br>\| \|![[bde2d68b9df32b5ebd71f881011cae1e_MD5.png]]<br><br>![[fc871c81ef80ffae8c536895cf010091_MD5.png]] ""Тяньцзиньчжань (станция метро)"")<br><br>![[16a22a31a28ca0786c94ef678dc99193_MD5.png]]<br><br>![[df7340c19bf37b4f1c36055b5652186c_MD5.png]] ""Тяньцзиньчжань (станция метро)"")<br><br>![[a8f22bfd7597a1671f18919c84a012b6_MD5.png]]<br><br>![[460be7e47046ad24fbbdda4571f4e041_MD5.png]] ""Тяньцзиньчжань";;;;;;;;
4de93a0b-5240-4210-bb47-b700d0ac775a;knowledge_base\Транспорт Фомальгаута.md;"""Тяньцзиньчжань (станция метро)"")<br><br>![[a8f22bfd7597a1671f18919c84a012b6_MD5.png]]<br><br>![[460be7e47046ad24fbbdda4571f4e041_MD5.png]] ""Тяньцзиньчжань (станция метро)"")<br><br>![[3e7c732d2bbbee8ab24b135bbff72ca3_MD5.png]]\|![[5bd9a4528cebe18b414a27ef8c490338_MD5.png]]\|Тяньцзиньчжань?action=edit&redlink=1 ""Тяньцзиньчжань (станция метро) (страница отсутствует)"")\| \|<br>\| \|![[16a22a31a28ca0786c94ef678dc99193_MD5.png]] ""Цзиньваньгуанчан (станция метро)"")\|![[5bd9a4528cebe18b414a27ef8c490338_MD5.png]]\|Цзиньваньгуанчан?action=edit&redlink=1 ""Цзиньваньгуанчан (станция метро) (страница отсутствует)"")\| \|<br>\| \|![[b85a714c9e5f65580d8e09b6ef51ac20_MD5.png]] ""Хэпинлу (станция метро)"")<br><br>![[ecd3c851cb1d8f16783d437a6a2f8f04_MD5.png]] ""Хэпинлу (станция метро)"")\|![[5bd9a4528cebe18b414a27ef8c490338_MD5.png]]\|Хэпинлу?action=edit&redlink=1 ""Хэпинлу (станция метро) (страница отсутствует)"")\| \|<br>\| \| \|<br>\| \|![[fc871c81ef80ffae8c536895cf010091_MD5.png]]";;;;;;;;
5902d3c4-2ef0-4ce3-9881-5cc580611f58;knowledge_base\Транспорт Фомальгаута.md;"""Хэпинлу (станция метро) (страница отсутствует)"")\| \|<br>\| \| \|<br>\| \|![[fc871c81ef80ffae8c536895cf010091_MD5.png]] ""Инкоудао (станция метро)"")<br><br>![[16a22a31a28ca0786c94ef678dc99193_MD5.png]]<br><br>![[460be7e47046ad24fbbdda4571f4e041_MD5.png]] ""Инкоудао (станция метро)"")<br><br>![[8a05c8b29b56edb5176d10a0e9cd3464_MD5.png]]\|![[5bd9a4528cebe18b414a27ef8c490338_MD5.png]]\|Инкоудао?action=edit&redlink=1 ""Инкоудао (станция метро) (страница отсутствует)"")\| \|<br>\| \| \|<br>\| \|![[fc871c81ef80ffae8c536895cf010091_MD5.png]] ""Сиканлу (станция метро)"")<br><br>![[16a22a31a28ca0786c94ef678dc99193_MD5.png]]<br><br>![[460be7e47046ad24fbbdda4571f4e041_MD5.png]] ""Сиканлу (станция метро)"")<br><br>![[434f06886f741d4a70955df36bbb96be_MD5.png]]\|![[5bd9a4528cebe18b414a27ef8c490338_MD5.png]]\|Сиканлу?action=edit&redlink=1 ""Сиканлу (станция метро) (страница отсутствует)"")\| \|<br>\| \| \|<br>\| \|![[fc871c81ef80ffae8c536895cf010091_MD5.png]] ""Уцзяяо (станция";;;;;;;;
abfa8b28-1d0b-41b9-b8cc-feec6673a066;knowledge_base\Транспорт Фомальгаута.md;"""Сиканлу (станция метро) (страница отсутствует)"")\| \|<br>\| \| \|<br>\| \|![[fc871c81ef80ffae8c536895cf010091_MD5.png]] ""Уцзяяо (станция метро)"")<br><br>![[16a22a31a28ca0786c94ef678dc99193_MD5.png]]<br><br>![[460be7e47046ad24fbbdda4571f4e041_MD5.png]] ""Уцзяяо (станция метро)"")<br><br>![[ab4e7b9d20a2da3b5262df74d3adfb91_MD5.png]]\|![[5bd9a4528cebe18b414a27ef8c490338_MD5.png]]\|Уцзяяо?action=edit&redlink=1 ""Уцзяяо (станция метро) (страница отсутствует)"")\| \|<br>\| \| \|<br>\| \|![[fc871c81ef80ffae8c536895cf010091_MD5.png]] ""Тянта (станция метро)"")<br><br>![[16a22a31a28ca0786c94ef678dc99193_MD5.png]]<br><br>![[460be7e47046ad24fbbdda4571f4e041_MD5.png]] ""Тянта (станция метро)"")<br><br>![[e5eb84bc008baf3661e543e4959a3fa3_MD5.png]]\|![[5bd9a4528cebe18b414a27ef8c490338_MD5.png]]\|Тянта?action=edit&redlink=1 ""Тянта (станция метро) (страница отсутствует)"")\| \|<br>\| \|![[16a22a31a28ca0786c94ef678dc99193_MD5.png]] ""Чжоудэнцзиняньгуань (станция";;;;;;;;
031132ce-e726-4332-a9a6-cc8be738a7bc;knowledge_base\Транспорт Фомальгаута.md;"""Тянта (станция метро) (страница отсутствует)"")\| \|<br>\| \|![[16a22a31a28ca0786c94ef678dc99193_MD5.png]] ""Чжоудэнцзиняньгуань (станция метро)"")\|![[5bd9a4528cebe18b414a27ef8c490338_MD5.png]]\|Чжоудэнцзиняньгуань?action=edit&redlink=1 ""Чжоудэнцзиняньгуань (станция метро) (страница отсутствует)"")\| \|<br>\| \|![[fc871c81ef80ffae8c536895cf010091_MD5.png]] ""Хунцинаньлу (станция метро)"")<br><br>![[16a22a31a28ca0786c94ef678dc99193_MD5.png]]<br><br>![[460be7e47046ad24fbbdda4571f4e041_MD5.png]] ""Хунцинаньлу (станция метро)"")<br><br>![[e9cfccbddc37eef49cae6b42153cb23b_MD5.png]]\|![[5bd9a4528cebe18b414a27ef8c490338_MD5.png]]\|Хунцинаньлу?action=edit&redlink=1 ""Хунцинаньлу (станция метро) (страница отсутствует)"")\| \|<br>\| \|![[16a22a31a28ca0786c94ef678dc99193_MD5.png]] ""Вандинди (станция метро)"")\|![[5bd9a4528cebe18b414a27ef8c490338_MD5.png]]\|Вандинди?action=edit&redlink=1 ""Вандинди (станция метро) (страница отсутствует)"")\| \|<br>\|";;;;;;;;
95b313ed-3267-4b4c-b3b1-4ee0d039c58d;knowledge_base\Транспорт Фомальгаута.md;"""Вандинди (станция метро)"")\|![[5bd9a4528cebe18b414a27ef8c490338_MD5.png]]\|Вандинди?action=edit&redlink=1 ""Вандинди (станция метро) (страница отсутствует)"")\| \|<br>\| \|![[16a22a31a28ca0786c94ef678dc99193_MD5.png]] ""Хуаюань (станция метро)"")\|![[5bd9a4528cebe18b414a27ef8c490338_MD5.png]]\|Хуаюань?action=edit&redlink=1 ""Хуаюань (станция метро) (страница отсутствует)"")\| \|<br>\| \|![[555a7d7b6cd8a27839ea0ef811424892_MD5.png]]\| \|<br>\| \|![[1e94ec53ff7d32118ec4aa22e438c49e_MD5.png]] ""Дасюэчэн (станция метро)"")\|![[5bd9a4528cebe18b414a27ef8c490338_MD5.png]]\|Дасюэчэн?action=edit&redlink=1 ""Дасюэчэн (станция метро) (страница отсутствует)"")\| \|<br>\| \|![[1e94ec53ff7d32118ec4aa22e438c49e_MD5.png]] ""Гаосиньцюй (станция метро)"")\|![[5bd9a4528cebe18b414a27ef8c490338_MD5.png]]\|Гаосиньцюй?action=edit&redlink=1 ""Гаосиньцюй (станция метро) (страница отсутствует)"")\| \|<br>\|";;;;;;;;
5ac0c01f-aa74-4cbb-ae9b-75c65c851d10;knowledge_base\Транспорт Фомальгаута.md;"""Гаосиньцюй (станция метро)"")\|![[5bd9a4528cebe18b414a27ef8c490338_MD5.png]]\|Гаосиньцюй?action=edit&redlink=1 ""Гаосиньцюй (станция метро) (страница отсутствует)"")\| \|<br>\| \|![[fda3b575fac4eb3e355003fde9eb7c42_MD5.png]]<br><br>![[637a5406c32f877c735428e38831b6d9_MD5.png]]<br><br>![[99efd6e194d0df9e1e5e52e8ebbc9380_MD5.png]]\|депо Гаосиньцюй\| \|<br>\| \|![[1e94ec53ff7d32118ec4aa22e438c49e_MD5.png]] ""Сюэфугунецюй (станция метро)"")\|![[5bd9a4528cebe18b414a27ef8c490338_MD5.png]]\|Сюэфугунецюй?action=edit&redlink=1 ""Сюэфугунецюй (станция метро) (страница отсутствует)"")\| \|<br>\| \|![[1e94ec53ff7d32118ec4aa22e438c49e_MD5.png]] ""Янучжуан (станция метро)"")\|![[5bd9a4528cebe18b414a27ef8c490338_MD5.png]]\|Янучжуан?action=edit&redlink=1 ""Янучжуан (станция метро) (страница отсутствует)"")\| \|<br>\| \|![[bde2d68b9df32b5ebd71f881011cae1e_MD5.png]]<br><br>![[4b5c5111fb9fb1e7e344aca145392312_MD5.png]] ""Наньчжань (станция";;;;;;;;
e5de42ae-b97e-41fd-9b71-34b87641d952;knowledge_base\Транспорт Фомальгаута.md;"""Янучжуан (станция метро) (страница отсутствует)"")\| \|<br>\| \|![[bde2d68b9df32b5ebd71f881011cae1e_MD5.png]]<br><br>![[4b5c5111fb9fb1e7e344aca145392312_MD5.png]] ""Наньчжань (станция метро)"")\|![[5bd9a4528cebe18b414a27ef8c490338_MD5.png]]\|Наньчжань?action=edit&redlink=1 ""Наньчжань (станция метро) (страница отсутствует)"")\| \|<br>\||";;;;;;;;
b5896b7d-832c-475b-a37e-399235f4028e;knowledge_base\Транспорт Фомальгаута.md;"|Линия 4| |---| |![[effc0f5b47f48937476206a410f1ea73_MD5.webp]] ""Перейти к шаблону «Линия 4 (Тяньцзинь)»"")<br><br>Условные обозначения|";;;;;;;;
236aefe1-44d5-4c64-99f5-b56fdab15705;knowledge_base\Транспорт Фомальгаута.md;"|\| \| \| \| \| \| \| \|<br>\|---\|---\|---\|---\|---\|---\|---\|<br>\| \|![[74a24b997b13adb47ff630d6338ad146_MD5.png]]\|депо Сяоцзе\| \|<br>\| \|![[930f98220eeb3c402f802a37fae1d560_MD5.png]]\| \|<br>\| \|![[d0e969a0b6719fe91c33b6af21bbeb13_MD5.png]] ""Сяоцзе (станция метро)"")\|_Сяоцзе?action=edit&redlink=1 ""Сяоцзе (станция метро) (страница отсутствует)"")_\| \|<br>\| \|![[d0e969a0b6719fe91c33b6af21bbeb13_MD5.png]] ""Ланюань (станция метро)"")\|_Ланюань?action=edit&redlink=1 ""Ланюань (станция метро) (страница отсутствует)"")_\| \|<br>\| \|![[d0e969a0b6719fe91c33b6af21bbeb13_MD5.png]] ""Чайлоу (станция метро)"")\|_Чайлоу?action=edit&redlink=1 ""Чайлоу (станция метро) (страница отсутствует)"")_\| \|<br>\| \|![[d0e969a0b6719fe91c33b6af21bbeb13_MD5.png]] ""Шуанцзе (станция метро)"")\|_Шуанцзе?action=edit&redlink=1 ""Шуанцзе (станция метро) (страница отсутствует)"")_\| \|<br>\| \|![[d0e969a0b6719fe91c33b6af21bbeb13_MD5.png]] ""Сичжаочжуан (станция";;;;;;;;
6ab5641b-f2a8-40d4-ae05-eb7e527a3cff;knowledge_base\Транспорт Фомальгаута.md;"""Шуанцзе (станция метро)"")\|_Шуанцзе?action=edit&redlink=1 ""Шуанцзе (станция метро) (страница отсутствует)"")_\| \|<br>\| \|![[d0e969a0b6719fe91c33b6af21bbeb13_MD5.png]] ""Сичжаочжуан (станция метро)"")\|_Сичжаочжуан?action=edit&redlink=1 ""Сичжаочжуан (станция метро) (страница отсутствует)"")_\| \|<br>\| \|![[d0e969a0b6719fe91c33b6af21bbeb13_MD5.png]] ""Яньцзидао (станция метро)"")\|_Яньцзидао?action=edit&redlink=1 ""Яньцзидао (станция метро) (страница отсутствует)"")_\| \|<br>\| \|![[d0e969a0b6719fe91c33b6af21bbeb13_MD5.png]] ""Бэйцан (станция метро)"")\|_Бэйцан?action=edit&redlink=1 ""Бэйцан (станция метро) (страница отсутствует)"")_\| \|<br>\| \|![[d0e969a0b6719fe91c33b6af21bbeb13_MD5.png]] ""Гоюаньнаньдао (станция метро)"")\|_Гоюаньнаньдао?action=edit&redlink=1 ""Гоюаньнаньдао (станция метро) (страница отсутствует)"")_\| \|<br>\| \|![[d0e969a0b6719fe91c33b6af21bbeb13_MD5.png]] ""Наньцан (станция метро)"")\|_Наньцан?action=edit&redlink=1 ""Наньцан (станция метро) (страница";;;;;;;;
6415ad25-2947-489b-a0ad-e9f5311cc316;knowledge_base\Транспорт Фомальгаута.md;"(станция метро) (страница отсутствует)"")_\| \|<br>\| \|![[d0e969a0b6719fe91c33b6af21bbeb13_MD5.png]] ""Наньцан (станция метро)"")\|_Наньцан?action=edit&redlink=1 ""Наньцан (станция метро) (страница отсутствует)"")_\| \|<br>\| \|![[d0e969a0b6719fe91c33b6af21bbeb13_MD5.png]] ""Тяньму (станция метро)"")\|_Тяньму?action=edit&redlink=1 ""Тяньму (станция метро) (страница отсутствует)"")_\| \|<br>\| \|![[d0e969a0b6719fe91c33b6af21bbeb13_MD5.png]] ""Лютань (станция метро)"")\|_Лютань?action=edit&redlink=1 ""Лютань (станция метро) (страница отсутствует)"")_\| \|<br>\| \|![[d0e969a0b6719fe91c33b6af21bbeb13_MD5.png]] ""Баймяо (станция метро)"")\|_Баймяо?action=edit&redlink=1 ""Баймяо (станция метро) (страница отсутствует)"")_\| \|<br>\| \|![[d0e969a0b6719fe91c33b6af21bbeb13_MD5.png]] ""Бэйянцяо (станция метро)"")\|_Бэйянцяо?action=edit&redlink=1 ""Бэйянцяо (станция метро) (страница отсутствует)"")_\| \|<br>\| \|![[d0e969a0b6719fe91c33b6af21bbeb13_MD5.png]] ""Сигугунюань (станция";;;;;;;;
e32b6c94-1535-44ef-8cc8-8c3d3c65d2c7;knowledge_base\Транспорт Фомальгаута.md;"""Бэйянцяо (станция метро)"")\|_Бэйянцяо?action=edit&redlink=1 ""Бэйянцяо (станция метро) (страница отсутствует)"")_\| \|<br>\| \|![[d0e969a0b6719fe91c33b6af21bbeb13_MD5.png]] ""Сигугунюань (станция метро)"")\|_Сигугунюань?action=edit&redlink=1 ""Сигугунюань (станция метро) (страница отсутствует)"")_\| \|<br>\| \|![[d0e969a0b6719fe91c33b6af21bbeb13_MD5.png]] ""Сиюйчжуан (станция метро)"")\|_Сиюйчжуан?action=edit&redlink=1 ""Сиюйчжуан (станция метро) (страница отсутствует)"")_\| \|<br>\| \|![[bde2d68b9df32b5ebd71f881011cae1e_MD5.png]]<br><br>![[fc871c81ef80ffae8c536895cf010091_MD5.png]] ""Сичжань (станция метро)"")<br><br>![[d0e969a0b6719fe91c33b6af21bbeb13_MD5.png]]<br><br>![[df7340c19bf37b4f1c36055b5652186c_MD5.png]] ""Сичжань (станция метро)"")<br><br>![[8a05c8b29b56edb5176d10a0e9cd3464_MD5.png]]<br><br>![[460be7e47046ad24fbbdda4571f4e041_MD5.png]] ""Сичжань (станция метро)"")<br><br>![[e9cfccbddc37eef49cae6b42153cb23b_MD5.png]]\|_Сичжань?action=edit&redlink=1 ""Сичжань (станция метро)";;;;;;;;
eb27dd4b-7182-4c46-9ba5-a9584a54d964;knowledge_base\Транспорт Фомальгаута.md;"""Сичжань (станция метро)"")<br><br>![[e9cfccbddc37eef49cae6b42153cb23b_MD5.png]]\|_Сичжань?action=edit&redlink=1 ""Сичжань (станция метро) (страница отсутствует)"")_\| \|<br>\| \|![[d0e969a0b6719fe91c33b6af21bbeb13_MD5.png]] ""Хэбэйдацзе (станция метро)"")\|_Хэбэйдацзе?action=edit&redlink=1 ""Хэбэйдацзе (станция метро) (страница отсутствует)"")_\| \|<br>\| \|![[fc871c81ef80ffae8c536895cf010091_MD5.png]] ""Дунбэйцзяо (станция метро)"")<br><br>![[d0e969a0b6719fe91c33b6af21bbeb13_MD5.png]]<br><br>![[460be7e47046ad24fbbdda4571f4e041_MD5.png]] ""Дунбэйцзяо (станция метро)"")<br><br>![[e5eb84bc008baf3661e543e4959a3fa3_MD5.png]]\|_Дунбэйцзяо?action=edit&redlink=1 ""Дунбэйцзяо (станция метро) (страница отсутствует)"")_\| \|<br>\| \| \|<br>\| \|![[fc871c81ef80ffae8c536895cf010091_MD5.png]] ""Дуннаньцзяо (станция метро)"")<br><br>![[b641875d38b549a99589a3ace22de453_MD5.png]]<br><br>![[460be7e47046ad24fbbdda4571f4e041_MD5.png]] ""Дуннаньцзяо (станция";;;;;;;;
1a1f79a6-3b31-4326-9f9c-41168ec9e964;knowledge_base\Транспорт Фомальгаута.md;"""Дуннаньцзяо (станция метро)"")<br><br>![[b641875d38b549a99589a3ace22de453_MD5.png]]<br><br>![[460be7e47046ad24fbbdda4571f4e041_MD5.png]] ""Дуннаньцзяо (станция метро)"")<br><br>![[919c42940ee8eff69b427a34c0629a96_MD5.png]]\|![[5bd9a4528cebe18b414a27ef8c490338_MD5.png]]\|Дуннаньцзяо?action=edit&redlink=1 ""Дуннаньцзяо (станция метро) (страница отсутствует)"")\| \|<br>\| \|![[45af240b2beedd162920d967aeaaf739_MD5.png]] ""Цзиньцзе (станция метро)"")\|![[5bd9a4528cebe18b414a27ef8c490338_MD5.png]]\|Цзиньцзе?action=edit&redlink=1 ""Цзиньцзе (станция метро) (страница отсутствует)"")\| \|<br>\| \|![[d601c4b9e207249234eeb0917afc80df_MD5.png]] ""Хэпинлу (станция метро)"")<br><br>![[092842fb8380a4686aac97dc53cbc107_MD5.png]] ""Хэпинлу (станция метро)"")\|![[5bd9a4528cebe18b414a27ef8c490338_MD5.png]]\|Хэпинлу?action=edit&redlink=1 ""Хэпинлу (станция метро) (страница отсутствует)"")\| \|<br>\| \| \|<br>\| \|![[d601c4b9e207249234eeb0917afc80df_MD5.png]] ""Сючжоудао (станция";;;;;;;;
273a3a91-06a4-47d5-b204-d7bb2fc7143b;knowledge_base\Транспорт Фомальгаута.md;"""Хэпинлу (станция метро) (страница отсутствует)"")\| \|<br>\| \| \|<br>\| \|![[d601c4b9e207249234eeb0917afc80df_MD5.png]] ""Сючжоудао (станция метро)"")<br><br>![[61343fc5a1f6256b4080bed541ce55b0_MD5.png]] ""Сяобайлоу (станция метро)"")\|![[5bd9a4528cebe18b414a27ef8c490338_MD5.png]]\|Сючжоудао?action=edit&redlink=1 ""Сючжоудао (станция метро) (страница отсутствует)"")\| \|<br>\| \|![[45af240b2beedd162920d967aeaaf739_MD5.png]] ""Лювэйлу (станция метро)"")\|![[5bd9a4528cebe18b414a27ef8c490338_MD5.png]]\|Лювэйлу?action=edit&redlink=1 ""Лювэйлу (станция метро) (страница отсутствует)"")\| \|<br>\| \|![[fc871c81ef80ffae8c536895cf010091_MD5.png]] ""Чэнлиньдао (станция метро)"")<br><br>![[45af240b2beedd162920d967aeaaf739_MD5.png]]<br><br>![[460be7e47046ad24fbbdda4571f4e041_MD5.png]] ""Чэнлиньдао (станция метро)"")<br><br>![[f0eed673bba46ccd0f3037aa872778b6_MD5.png]]\|![[5bd9a4528cebe18b414a27ef8c490338_MD5.png]]\|Чэнлиньдао?action=edit&redlink=1 ""Чэнлиньдао (станция метро) (страница";;;;;;;;
40b9c287-498a-4c47-a85b-2d5d72086c0b;knowledge_base\Транспорт Фомальгаута.md;"(станция метро)"")<br><br>![[f0eed673bba46ccd0f3037aa872778b6_MD5.png]]\|![[5bd9a4528cebe18b414a27ef8c490338_MD5.png]]\|Чэнлиньдао?action=edit&redlink=1 ""Чэнлиньдао (станция метро) (страница отсутствует)"")\| \|<br>\| \|![[45af240b2beedd162920d967aeaaf739_MD5.png]] ""Тайчанлу (станция метро)"")\|![[5bd9a4528cebe18b414a27ef8c490338_MD5.png]]\|Тайчанлу?action=edit&redlink=1 ""Тайчанлу (станция метро) (страница отсутствует)"")\| \|<br>\| \|![[45af240b2beedd162920d967aeaaf739_MD5.png]] ""Вандунлу (станция метро)"")\|![[5bd9a4528cebe18b414a27ef8c490338_MD5.png]]\|Вандунлу?action=edit&redlink=1 ""Вандунлу (станция метро) (страница отсутствует)"")\| \|<br>\| \|![[fc871c81ef80ffae8c536895cf010091_MD5.png]] ""Шалюнаньлу (станция метро)"")<br><br>![[45af240b2beedd162920d967aeaaf739_MD5.png]]<br><br>![[460be7e47046ad24fbbdda4571f4e041_MD5.png]] ""Шалюнаньлу (станция";;;;;;;;
def02727-ce38-4966-bf82-6527051c4e6b;knowledge_base\Транспорт Фомальгаута.md;"""Шалюнаньлу (станция метро)"")<br><br>![[45af240b2beedd162920d967aeaaf739_MD5.png]]<br><br>![[460be7e47046ad24fbbdda4571f4e041_MD5.png]] ""Шалюнаньлу (станция метро)"")<br><br>![[bc8c26b44bce22085ebac7781f9c2bc4_MD5.png]]\|![[5bd9a4528cebe18b414a27ef8c490338_MD5.png]]\|Шалюнаньлу?action=edit&redlink=1 ""Шалюнаньлу (станция метро) (страница отсутствует)"")\| \|<br>\| \|![[45af240b2beedd162920d967aeaaf739_MD5.png]] ""Дэнчжоунаньлу (станция метро)"")\|![[5bd9a4528cebe18b414a27ef8c490338_MD5.png]]\|Дэнчжоунаньлу?action=edit&redlink=1 ""Дэнчжоунаньлу (станция метро) (страница отсутствует)"")\| \|<br>\| \|![[45af240b2beedd162920d967aeaaf739_MD5.png]] ""Юэцзиньбэйлу (станция метро)"")\|![[5bd9a4528cebe18b414a27ef8c490338_MD5.png]]\|Юэцзиньбэйлу?action=edit&redlink=1 ""Юэцзиньбэйлу (станция метро) (страница отсутствует)"")\| \|<br>\| \|![[45af240b2beedd162920d967aeaaf739_MD5.png]] ""Ханшуанлу (станция метро)"")\|![[5bd9a4528cebe18b414a27ef8c490338_MD5.png]]\|Ханшуанлу?action=edit&redlink=1";;;;;;;;
d4e9d5d0-4f8d-4e35-a8b5-ce1a7afb020c;knowledge_base\Транспорт Фомальгаута.md;"(страница отсутствует)"")\| \|<br>\| \|![[45af240b2beedd162920d967aeaaf739_MD5.png]] ""Ханшуанлу (станция метро)"")\|![[5bd9a4528cebe18b414a27ef8c490338_MD5.png]]\|Ханшуанлу?action=edit&redlink=1 ""Ханшуанлу (станция метро) (страница отсутствует)"")\| \|<br>\| \|![[45af240b2beedd162920d967aeaaf739_MD5.png]] ""Миньхандасюэ (станция метро)"")\|![[5bd9a4528cebe18b414a27ef8c490338_MD5.png]]\|Миньхандасюэ?action=edit&redlink=1 ""Миньхандасюэ (станция метро) (страница отсутствует)"")\| \|<br>\| \|![[45af240b2beedd162920d967aeaaf739_MD5.png]] ""Синьсинцунь (станция метро)"")\|![[5bd9a4528cebe18b414a27ef8c490338_MD5.png]]\|Синьсинцунь?action=edit&redlink=1 ""Синьсинцунь (станция метро) (страница отсутствует)"")\| \|<br>\| \|![[2adf2a405aa875651df1870b8d946a63_MD5.png]]\| \|<br>\| \|![[9865b8bb46545c9f10855ced583451f2_MD5.png]]\|депо Миньхандасюэ\| \|<br>\||";;;;;;;;
ec48c1bf-acbf-4b31-b68b-1374c9366f93;knowledge_base\Транспорт Фомальгаута.md;"|Линия 5| |---| |![[effc0f5b47f48937476206a410f1ea73_MD5.webp]] ""Перейти к шаблону «Линия 5 (Тяньцзинь)»"")<br><br>Условные обозначения|";;;;;;;;
d5d4bd5d-15d6-4310-afb3-8c82fc16f1d1;knowledge_base\Транспорт Фомальгаута.md;"|\| \| \| \| \| \| \| \|<br>\|---\|---\|---\|---\|---\|---\|---\|<br>\| \|![[eb8d573dd48cb43433737e120625cc3c_MD5.png]]\|депо Шуанцзе\| \|<br>\| \|![[33f3a22bb11e02c8fa57973249de56d1_MD5.png]]\| \|<br>\| \|![[f0eed673bba46ccd0f3037aa872778b6_MD5.png]] ""Бэйчэнькэцзиюаньбэй (станция метро)"")\|![[5bd9a4528cebe18b414a27ef8c490338_MD5.png]]\|Бэйчэнькэцзиюаньбэй?action=edit&redlink=1 ""Бэйчэнькэцзиюаньбэй (станция метро) (страница отсутствует)"")\| \|<br>\| \|![[f0eed673bba46ccd0f3037aa872778b6_MD5.png]] ""Даньхэбэйдао (станция метро)"")\|![[5bd9a4528cebe18b414a27ef8c490338_MD5.png]]\|Даньхэбэйдао?action=edit&redlink=1 ""Даньхэбэйдао (станция метро) (страница отсутствует)"")\| \|<br>\| \|![[f0eed673bba46ccd0f3037aa872778b6_MD5.png]] ""Бэйчэньдао (станция метро)"")\|![[5bd9a4528cebe18b414a27ef8c490338_MD5.png]]\|Бэйчэньдао?action=edit&redlink=1 ""Бэйчэньдао (станция метро) (страница отсутствует)"")\| \|<br>\| \|![[f0eed673bba46ccd0f3037aa872778b6_MD5.png]]";;;;;;;;
75a8d9e3-8bdb-4040-9653-048c24ebf296;knowledge_base\Транспорт Фомальгаута.md;"""Бэйчэньдао (станция метро) (страница отсутствует)"")\| \|<br>\| \|![[f0eed673bba46ccd0f3037aa872778b6_MD5.png]] ""Чжиедасюэ (станция метро)"")\|![[5bd9a4528cebe18b414a27ef8c490338_MD5.png]]\|Чжиедасюэ?action=edit&redlink=1 ""Чжиедасюэ (станция метро) (страница отсутствует)"")\| \|<br>\| \|![[f0eed673bba46ccd0f3037aa872778b6_MD5.png]] ""Хуайхэдао (станция метро)"")\|![[5bd9a4528cebe18b414a27ef8c490338_MD5.png]]\|Хуайхэдао?action=edit&redlink=1 ""Хуайхэдао (станция метро) (страница отсутствует)"")\| \|<br>\| \|![[f0eed673bba46ccd0f3037aa872778b6_MD5.png]] ""Ляохэбэйдао (станция метро)"")\|![[5bd9a4528cebe18b414a27ef8c490338_MD5.png]]\|Ляохэбэйдао?action=edit&redlink=1 ""Ляохэбэйдао (станция метро) (страница отсутствует)"")\| \|<br>\| \|![[f0eed673bba46ccd0f3037aa872778b6_MD5.png]] ""Исинфубэй (станция метро)"")\|![[5bd9a4528cebe18b414a27ef8c490338_MD5.png]]\|Исинфубэй?action=edit&redlink=1 ""Исинфубэй (станция метро) (страница отсутствует)"")\| \|<br>\|";;;;;;;;
85d749e8-d5dd-473c-944c-95df2870323d;knowledge_base\Транспорт Фомальгаута.md;"""Исинфубэй (станция метро)"")\|![[5bd9a4528cebe18b414a27ef8c490338_MD5.png]]\|Исинфубэй?action=edit&redlink=1 ""Исинфубэй (станция метро) (страница отсутствует)"")\| \|<br>\| \|![[fc871c81ef80ffae8c536895cf010091_MD5.png]] ""Чжансинчжуан (станция метро)"")<br><br>![[f0eed673bba46ccd0f3037aa872778b6_MD5.png]]<br><br>![[460be7e47046ad24fbbdda4571f4e041_MD5.png]] ""Чжансинчжуан (станция метро)"")<br><br>![[16a22a31a28ca0786c94ef678dc99193_MD5.png]]\|![[5bd9a4528cebe18b414a27ef8c490338_MD5.png]]\|Чжансинчжуан?action=edit&redlink=1 ""Чжансинчжуан (станция метро) (страница отсутствует)"")\| \|<br>\| \|![[f0eed673bba46ccd0f3037aa872778b6_MD5.png]] ""Чжичэнлу (станция метро)"")\|![[5bd9a4528cebe18b414a27ef8c490338_MD5.png]]\|Чжичэнлу?action=edit&redlink=1 ""Чжичэнлу (станция метро) (страница отсутствует)"")\| \|<br>\| \|![[f0eed673bba46ccd0f3037aa872778b6_MD5.png]] ""Сыюаньлу (станция метро)"")\|![[5bd9a4528cebe18b414a27ef8c490338_MD5.png]]\|Сыюаньлу?action=edit&redlink=1 ""Сыюаньлу (станция";;;;;;;;
d93ee2c9-8e8e-4092-8280-c75315f03f50;knowledge_base\Транспорт Фомальгаута.md;"\|<br>\| \|![[f0eed673bba46ccd0f3037aa872778b6_MD5.png]] ""Сыюаньлу (станция метро)"")\|![[5bd9a4528cebe18b414a27ef8c490338_MD5.png]]\|Сыюаньлу?action=edit&redlink=1 ""Сыюаньлу (станция метро) (страница отсутствует)"")\| \|<br>\| \|![[f0eed673bba46ccd0f3037aa872778b6_MD5.png]] ""Цзяньчандао (станция метро)"")\|![[5bd9a4528cebe18b414a27ef8c490338_MD5.png]]\|Цзяньчандао?action=edit&redlink=1 ""Цзяньчандао (станция метро) (страница отсутствует)"")\| \|<br>\| \|![[fc871c81ef80ffae8c536895cf010091_MD5.png]] ""Цзиньчжунхэдацзе (станция метро)"")<br><br>![[f0eed673bba46ccd0f3037aa872778b6_MD5.png]]<br><br>![[460be7e47046ad24fbbdda4571f4e041_MD5.png]] ""Цзиньчжунхэдацзе (станция метро)"")<br><br>![[e9cfccbddc37eef49cae6b42153cb23b_MD5.png]]\|![[5bd9a4528cebe18b414a27ef8c490338_MD5.png]]\|Цзиньчжунхэдацзе?action=edit&redlink=1 ""Цзиньчжунхэдацзе (станция метро) (страница отсутствует)"")\| \|<br>\| \|![[f0eed673bba46ccd0f3037aa872778b6_MD5.png]] ""Юэяхэ (станция";;;;;;;;
2f17e293-a92b-443d-9a7b-711060943cdf;knowledge_base\Транспорт Фомальгаута.md;"""Цзиньчжунхэдацзе (станция метро) (страница отсутствует)"")\| \|<br>\| \|![[f0eed673bba46ccd0f3037aa872778b6_MD5.png]] ""Юэяхэ (станция метро)"")\|![[5bd9a4528cebe18b414a27ef8c490338_MD5.png]]\|Юэяхэ?action=edit&redlink=1 ""Юэяхэ (станция метро) (страница отсутствует)"")\| \|<br>\| \|![[f0eed673bba46ccd0f3037aa872778b6_MD5.png]] ""Синфугунюань (станция метро)"")\|![[5bd9a4528cebe18b414a27ef8c490338_MD5.png]]\|Синфугунюань?action=edit&redlink=1 ""Синфугунюань (станция метро) (страница отсутствует)"")\| \|<br>\| \|![[fc871c81ef80ffae8c536895cf010091_MD5.png]] ""Цзинцзянлу (станция метро)"")<br><br>![[f0eed673bba46ccd0f3037aa872778b6_MD5.png]]<br><br>![[460be7e47046ad24fbbdda4571f4e041_MD5.png]] ""Цзинцзянлу (станция метро)"")<br><br>![[919c42940ee8eff69b427a34c0629a96_MD5.png]]\|![[5bd9a4528cebe18b414a27ef8c490338_MD5.png]]\|Цзинцзянлу?action=edit&redlink=1 ""Цзинцзянлу (станция метро) (страница отсутствует)"")\| \|<br>\| \| \|<br>\| \|![[fc871c81ef80ffae8c536895cf010091_MD5.png]]";;;;;;;;
45209c74-d97c-4367-accf-ec4f686b07ce;knowledge_base\Транспорт Фомальгаута.md;"""Цзинцзянлу (станция метро) (страница отсутствует)"")\| \|<br>\| \| \|<br>\| \|![[fc871c81ef80ffae8c536895cf010091_MD5.png]] ""Чэнлиньдао (станция метро)"")<br><br>![[f0eed673bba46ccd0f3037aa872778b6_MD5.png]]<br><br>![[460be7e47046ad24fbbdda4571f4e041_MD5.png]] ""Чэнлиньдао (станция метро)"")<br><br>![[d0e969a0b6719fe91c33b6af21bbeb13_MD5.png]]\|![[5bd9a4528cebe18b414a27ef8c490338_MD5.png]]\|Чэнлиньдао?action=edit&redlink=1 ""Чэнлиньдао (станция метро) (страница отсутствует)"")\| \|<br>\| \|![[f0eed673bba46ccd0f3037aa872778b6_MD5.png]] ""Цзиньтанлу (станция метро)"")\|![[5bd9a4528cebe18b414a27ef8c490338_MD5.png]]\|Цзиньтанлу?action=edit&redlink=1 ""Цзиньтанлу (станция метро) (страница отсутствует)"")\| \|<br>\| \|![[fc871c81ef80ffae8c536895cf010091_MD5.png]] ""Чжигу (станция метро)"")<br><br>![[f0eed673bba46ccd0f3037aa872778b6_MD5.png]]<br><br>![[460be7e47046ad24fbbdda4571f4e041_MD5.png]] ""Чжигу (станция";;;;;;;;
70ca0c07-aba7-4809-8293-831deb494e4d;knowledge_base\Транспорт Фомальгаута.md;"\|![[fc871c81ef80ffae8c536895cf010091_MD5.png]] ""Чжигу (станция метро)"")<br><br>![[f0eed673bba46ccd0f3037aa872778b6_MD5.png]]<br><br>![[460be7e47046ad24fbbdda4571f4e041_MD5.png]] ""Чжигу (станция метро)"")<br><br>![[d0c891508db2fb8b69ddc33ed1d3814e_MD5.png]]\|![[5bd9a4528cebe18b414a27ef8c490338_MD5.png]]\|Чжигу?action=edit&redlink=1 ""Чжигу (станция метро) (страница отсутствует)"")\| \|<br>\| \| \|<br>\| \|![[fc871c81ef80ffae8c536895cf010091_MD5.png]] ""Сявафан (станция метро)"")<br><br>![[f0eed673bba46ccd0f3037aa872778b6_MD5.png]]<br><br>![[df7340c19bf37b4f1c36055b5652186c_MD5.png]] ""Сявафан (станция метро)"")<br><br>![[8a05c8b29b56edb5176d10a0e9cd3464_MD5.png]]<br><br>![[460be7e47046ad24fbbdda4571f4e041_MD5.png]] ""Сявафан (станция метро)"")<br><br>![[434f06886f741d4a70955df36bbb96be_MD5.png]]\|![[5bd9a4528cebe18b414a27ef8c490338_MD5.png]]\|Сявафан?action=edit&redlink=1 ""Сявафан (станция метро) (страница отсутствует)"")\| \|<br>\| \|![[f0eed673bba46ccd0f3037aa872778b6_MD5.png]]";;;;;;;;
b1007acd-5b3d-46f8-8fee-4cb4b7fa9e9b;knowledge_base\Транспорт Фомальгаута.md;"""Сявафан (станция метро) (страница отсутствует)"")\| \|<br>\| \|![[f0eed673bba46ccd0f3037aa872778b6_MD5.png]] ""Цзиньтанлу (станция метро)"")\|![[5bd9a4528cebe18b414a27ef8c490338_MD5.png]]\|Цзиньтанлу?action=edit&redlink=1 ""Цзиньтанлу (станция метро) (страница отсутствует)"")\| \|<br>\| \|![[9584daf0aedc7bd6bbba301f8b74ffb5_MD5.png]]<br><br>![[06475dfb429f792da6811800db120000_MD5.png]]\| \|<br>\| \|![[fc871c81ef80ffae8c536895cf010091_MD5.png]] ""Вэньхуачжунсинь (станция метро)"")<br><br>![[f0eed673bba46ccd0f3037aa872778b6_MD5.png]]<br><br>![[df7340c19bf37b4f1c36055b5652186c_MD5.png]] ""Вэньхуачжунсинь (станция метро)"")<br><br>![[e9cfccbddc37eef49cae6b42153cb23b_MD5.png]]<br><br>![[460be7e47046ad24fbbdda4571f4e041_MD5.png]] ""Вэньхуачжунсинь (станция метро)"")<br><br>![[ab4e7b9d20a2da3b5262df74d3adfb91_MD5.png]]\|![[5bd9a4528cebe18b414a27ef8c490338_MD5.png]]\|Вэньхуачжунсинь?action=edit&redlink=1 ""Вэньхуачжунсинь (станция метро) (страница отсутствует)"")\| \|<br>\|";;;;;;;;
58385c15-cfe9-415e-98a8-58ee4cfe167a;knowledge_base\Транспорт Фомальгаута.md;"""Вэньхуачжунсинь (станция метро) (страница отсутствует)"")\| \|<br>\| \|![[fc871c81ef80ffae8c536895cf010091_MD5.png]] ""Тяньцзиньбиньгуань (станция метро)"")<br><br>![[4075cceafad0ef953fb6054a13d7625b_MD5.png]]<br><br>![[460be7e47046ad24fbbdda4571f4e041_MD5.png]] ""Тяньцзиньбиньгуань (станция метро)"")<br><br>![[300d4c12d2ecbb7606c263e93948b16b_MD5.png]]\|![[5bd9a4528cebe18b414a27ef8c490338_MD5.png]]\|Тяньцзиньбиньгуань?action=edit&redlink=1 ""Тяньцзиньбиньгуань (станция метро) (страница отсутствует)"")\| \|<br>\| \|![[fc871c81ef80ffae8c536895cf010091_MD5.png]] ""Чжунлюиюань (станция метро)"")<br><br>![[4075cceafad0ef953fb6054a13d7625b_MD5.png]]<br><br>![[df7340c19bf37b4f1c36055b5652186c_MD5.png]] ""Чжунлюиюань (станция метро)"")<br><br>![[300d4c12d2ecbb7606c263e93948b16b_MD5.png]]<br><br>![[460be7e47046ad24fbbdda4571f4e041_MD5.png]] ""Чжунлюиюань (станция";;;;;;;;
5f5535a7-37c3-43f2-acfa-2faa38b81d81;knowledge_base\Транспорт Фомальгаута.md;"""Чжунлюиюань (станция метро)"")<br><br>![[300d4c12d2ecbb7606c263e93948b16b_MD5.png]]<br><br>![[460be7e47046ad24fbbdda4571f4e041_MD5.png]] ""Чжунлюиюань (станция метро)"")<br><br>![[e5eb84bc008baf3661e543e4959a3fa3_MD5.png]]\|![[5bd9a4528cebe18b414a27ef8c490338_MD5.png]]\|Чжунлюиюань?action=edit&redlink=1 ""Чжунлюиюань (станция метро) (страница отсутствует)"")\| \|<br>\| \|![[9584daf0aedc7bd6bbba301f8b74ffb5_MD5.png]]<br><br>![[3138cbd5ccedb939c73a8aabfa25645c_MD5.png]]\| \|<br>\| \|![[f0eed673bba46ccd0f3037aa872778b6_MD5.png]] ""Тиюйчжунсинь (станция метро)"")\|![[5bd9a4528cebe18b414a27ef8c490338_MD5.png]]\|Тиюйчжунсинь?action=edit&redlink=1 ""Тиюйчжунсинь (станция метро) (страница отсутствует)"")\| \|<br>\| \|![[f0eed673bba46ccd0f3037aa872778b6_MD5.png]] ""Линбиньлу (станция метро)"")\|![[5bd9a4528cebe18b414a27ef8c490338_MD5.png]]\|Линбиньлу?action=edit&redlink=1 ""Линбиньлу (станция метро) (страница отсутствует)"")\| \|<br>\| \|![[fc871c81ef80ffae8c536895cf010091_MD5.png]]";;;;;;;;
5cbf8897-fbad-4d98-a038-517cfcd20021;knowledge_base\Транспорт Фомальгаута.md;"""Линбиньлу (станция метро) (страница отсутствует)"")\| \|<br>\| \|![[fc871c81ef80ffae8c536895cf010091_MD5.png]] ""Чанлинлу (станция метро)"")<br><br>![[f0eed673bba46ccd0f3037aa872778b6_MD5.png]]<br><br>![[460be7e47046ad24fbbdda4571f4e041_MD5.png]] ""Чанлинлу (станция метро)"")<br><br>![[bc8c26b44bce22085ebac7781f9c2bc4_MD5.png]]\|![[5bd9a4528cebe18b414a27ef8c490338_MD5.png]]\|Чанлинлу?action=edit&redlink=1 ""Чанлинлу (станция метро) (страница отсутствует)"")\| \|<br>\| \|![[f0eed673bba46ccd0f3037aa872778b6_MD5.png]] ""Чжуниифуюань (станция метро)"")\|![[5bd9a4528cebe18b414a27ef8c490338_MD5.png]]\|Чжуниифуюань?action=edit&redlink=1 ""Чжуниифуюань (станция метро) (страница отсутствует)"")\| \|<br>\| \|![[49bbd253ad062023dc2c39320e06cd28_MD5.png]]\| \|<br>\| \|![[f0eed673bba46ccd0f3037aa872778b6_MD5.png]] ""Лицичжуаннань (станция метро)"")\|![[5bd9a4528cebe18b414a27ef8c490338_MD5.png]]\|Лицичжуаннань?action=edit&redlink=1 ""Лицичжуаннань (станция метро) (страница отсутствует)"")\|";;;;;;;;
40588b7e-1987-470c-a289-d2b9b510ae9f;knowledge_base\Транспорт Фомальгаута.md;"""Лицичжуаннань (станция метро)"")\|![[5bd9a4528cebe18b414a27ef8c490338_MD5.png]]\|Лицичжуаннань?action=edit&redlink=1 ""Лицичжуаннань (станция метро) (страница отсутствует)"")\| \|<br>\| \|![[b1f16f7e8613dd7e40844d94ba1a7527_MD5.png]]<br><br>![[2338ccf2a6e942cf6c5d66f31c3f5dec_MD5.png]]\| \|<br>\| \|![[46eb0df332e67425047f4fc94407866d_MD5.png]]<br><br>![[6fd2a861defa8d8dd0a8c93195208e61_MD5.png]]\|депо Лиюаньтоу\| \|<br>\| \|![[6b1098326a199d141fca431e10ace6ea_MD5.png]]\| \|<br>\| \|![[2f1f8ec771596f5692b7e0a2f6dce3a0_MD5.png]] ""Цзинхуадундао (станция метро)"")\|_Цзинхуадундао?action=edit&redlink=1 ""Цзинхуадундао (станция метро) (страница отсутствует)"")_\| \|<br>\||";;;;;;;;
a63ab261-1097-42b9-816a-b492476c5f2f;knowledge_base\Транспорт Фомальгаута.md;"|Линия 6| |---| |![[effc0f5b47f48937476206a410f1ea73_MD5.webp]] ""Перейти к шаблону «Линия 6 (Тяньцзинь)»"")<br><br>Условные обозначения|";;;;;;;;
eff97b0d-b091-4c64-81f1-8eb998270600;knowledge_base\Транспорт Фомальгаута.md;"|\| \| \| \| \| \| \| \|<br>\|---\|---\|---\|---\|---\|---\|---\|<br>\| \|![[1f8fecff7dcbeeeed2ec596273e6f7b8_MD5.png]]\|депо Шуанцзе\| \|<br>\| \|![[7c7d954ed8f207cdb65394907dd3d407_MD5.png]]\| \|<br>\| \|![[36ae4e251fa90a3aee6a4149bd75b552_MD5.png]] ""Наньсуньчжуан (станция метро)"")\|![[5bd9a4528cebe18b414a27ef8c490338_MD5.png]]\|Наньсуньчжуан?action=edit&redlink=1 ""Наньсуньчжуан (станция метро) (страница отсутствует)"")\| \|<br>\| \|![[ca0538f87e534a4bfd03b3a821d8c160_MD5.png]]\| \|<br>\| \|![[e9cfccbddc37eef49cae6b42153cb23b_MD5.png]] ""Наньхэчжуан (станция метро)"")\|![[5bd9a4528cebe18b414a27ef8c490338_MD5.png]]\|Наньхэчжуан?action=edit&redlink=1 ""Наньхэчжуан (станция метро) (страница отсутствует)"")\| \|<br>\| \|![[e9cfccbddc37eef49cae6b42153cb23b_MD5.png]] ""Дабичжуан (станция метро)"")\|![[5bd9a4528cebe18b414a27ef8c490338_MD5.png]]\|Дабичжуан?action=edit&redlink=1 ""Дабичжуан (станция метро) (страница отсутствует)"")\| \|<br>\|";;;;;;;;
ea734781-b2e6-4cde-9e24-cc93d52c5356;knowledge_base\Транспорт Фомальгаута.md;"""Дабичжуан (станция метро)"")\|![[5bd9a4528cebe18b414a27ef8c490338_MD5.png]]\|Дабичжуан?action=edit&redlink=1 ""Дабичжуан (станция метро) (страница отсутствует)"")\| \|<br>\| \|![[e9cfccbddc37eef49cae6b42153cb23b_MD5.png]] ""Цзиньчжунцзе (станция метро)"")\|![[5bd9a4528cebe18b414a27ef8c490338_MD5.png]]\|Цзиньчжунцзе?action=edit&redlink=1 ""Цзиньчжунцзе (станция метро) (страница отсутствует)"")\| \|<br>\| \|![[e9cfccbddc37eef49cae6b42153cb23b_MD5.png]] ""Сюйчжуанцзы (станция метро)"")\|![[5bd9a4528cebe18b414a27ef8c490338_MD5.png]]\|Сюйчжуанцзы?action=edit&redlink=1 ""Сюйчжуанцзы (станция метро) (страница отсутствует)"")\| \|<br>\| \|![[fc871c81ef80ffae8c536895cf010091_MD5.png]] ""Цзиньчжунхэдацзе (станция метро)"")<br><br>![[e9cfccbddc37eef49cae6b42153cb23b_MD5.png]]<br><br>![[460be7e47046ad24fbbdda4571f4e041_MD5.png]] ""Цзиньчжунхэдацзе (станция";;;;;;;;
932ef3d5-5a1d-450f-a66d-39e368548928;knowledge_base\Транспорт Фомальгаута.md;"""Цзиньчжунхэдацзе (станция метро)"")<br><br>![[e9cfccbddc37eef49cae6b42153cb23b_MD5.png]]<br><br>![[460be7e47046ad24fbbdda4571f4e041_MD5.png]] ""Цзиньчжунхэдацзе (станция метро)"")<br><br>![[f0eed673bba46ccd0f3037aa872778b6_MD5.png]]\|![[5bd9a4528cebe18b414a27ef8c490338_MD5.png]]\|Цзиньчжунхэдацзе?action=edit&redlink=1 ""Цзиньчжунхэдацзе (станция метро) (страница отсутствует)"")\| \|<br>\| \|![[e9cfccbddc37eef49cae6b42153cb23b_MD5.png]] ""Миньцюаньмэнь (станция метро)"")\|![[5bd9a4528cebe18b414a27ef8c490338_MD5.png]]\|Миньцюаньмэнь?action=edit&redlink=1 ""Миньцюаньмэнь (станция метро) (страница отсутствует)"")\| \|<br>\| \|![[e9cfccbddc37eef49cae6b42153cb23b_MD5.png]] ""Бэйнингунюань (станция метро)"")\|![[5bd9a4528cebe18b414a27ef8c490338_MD5.png]]\|Бэйнингунюань?action=edit&redlink=1 ""Бэйнингунюань (станция метро) (страница отсутствует)"")\| \|<br>\| \|![[bde2d68b9df32b5ebd71f881011cae1e_MD5.png]]<br><br>![[fc871c81ef80ffae8c536895cf010091_MD5.png]] ""Бэйчжань (станция";;;;;;;;
24c0bec5-94aa-4bf5-9348-962fcc32d286;knowledge_base\Транспорт Фомальгаута.md;"""Бэйнингунюань (станция метро) (страница отсутствует)"")\| \|<br>\| \|![[bde2d68b9df32b5ebd71f881011cae1e_MD5.png]]<br><br>![[fc871c81ef80ffae8c536895cf010091_MD5.png]] ""Бэйчжань (станция метро)"")<br><br>![[e9cfccbddc37eef49cae6b42153cb23b_MD5.png]]<br><br>![[460be7e47046ad24fbbdda4571f4e041_MD5.png]] ""Бэйчжань (станция метро)"")<br><br>![[16a22a31a28ca0786c94ef678dc99193_MD5.png]]\|![[5bd9a4528cebe18b414a27ef8c490338_MD5.png]]\|Бэйчжань?action=edit&redlink=1 ""Бэйчжань (станция метро) (страница отсутствует)"")\| \|<br>\| \|![[e9cfccbddc37eef49cae6b42153cb23b_MD5.png]] ""Синькайхэ (станция метро)"")\|![[5bd9a4528cebe18b414a27ef8c490338_MD5.png]]\|Синькайхэ?action=edit&redlink=1 ""Синькайхэ (станция метро) (страница отсутствует)"")\| \|<br>\| \|![[fc871c81ef80ffae8c536895cf010091_MD5.png]] ""Вайюаньфучжун (станция метро)"")<br><br>![[e9cfccbddc37eef49cae6b42153cb23b_MD5.png]]<br><br>![[460be7e47046ad24fbbdda4571f4e041_MD5.png]] ""Вайюаньфучжун (станция";;;;;;;;
8ab0794d-1aea-4c62-acc5-3383936fd61a;knowledge_base\Транспорт Фомальгаута.md;"""Вайюаньфучжун (станция метро)"")<br><br>![[e9cfccbddc37eef49cae6b42153cb23b_MD5.png]]<br><br>![[460be7e47046ad24fbbdda4571f4e041_MD5.png]] ""Вайюаньфучжун (станция метро)"")<br><br>![[e5eb84bc008baf3661e543e4959a3fa3_MD5.png]]\|![[5bd9a4528cebe18b414a27ef8c490338_MD5.png]]\|Вайюаньфучжун?action=edit&redlink=1 ""Вайюаньфучжун (станция метро) (страница отсутствует)"")\| \|<br>\| \|![[e9cfccbddc37eef49cae6b42153cb23b_MD5.png]] ""Тяньтайлу (станция метро)"")\|![[5bd9a4528cebe18b414a27ef8c490338_MD5.png]]\|Тяньтайлу?action=edit&redlink=1 ""Тяньтайлу (станция метро) (страница отсутствует)"")\| \|<br>\| \|![[ace2071e8f70286b0b164bbc9a9f4e38_MD5.png]] ""Бэйюньхэ (станция метро)"")\|_Бэйюньхэ?action=edit&redlink=1 ""Бэйюньхэ (станция метро) (страница отсутствует)"")_\| \|<br>\| \|![[e9cfccbddc37eef49cae6b42153cb23b_MD5.png]] ""Бэйчжулинь (станция метро)"")\|![[5bd9a4528cebe18b414a27ef8c490338_MD5.png]]\|Бэйчжулинь?action=edit&redlink=1 ""Бэйчжулинь (станция метро) (страница отсутствует)"")\|";;;;;;;;
bafaa55c-4d3e-4890-a53c-7d6ae762f381;knowledge_base\Транспорт Фомальгаута.md;"""Бэйчжулинь (станция метро)"")\|![[5bd9a4528cebe18b414a27ef8c490338_MD5.png]]\|Бэйчжулинь?action=edit&redlink=1 ""Бэйчжулинь (станция метро) (страница отсутствует)"")\| \|<br>\| \|![[bde2d68b9df32b5ebd71f881011cae1e_MD5.png]]<br><br>![[fc871c81ef80ffae8c536895cf010091_MD5.png]] ""Сичжань (станция метро)"")<br><br>![[e9cfccbddc37eef49cae6b42153cb23b_MD5.png]]<br><br>![[df7340c19bf37b4f1c36055b5652186c_MD5.png]] ""Сичжань (станция метро)"")<br><br>![[8a05c8b29b56edb5176d10a0e9cd3464_MD5.png]]<br><br>![[460be7e47046ad24fbbdda4571f4e041_MD5.png]] ""Сичжань (станция метро)"")<br><br>![[d0e969a0b6719fe91c33b6af21bbeb13_MD5.png]]\|![[5bd9a4528cebe18b414a27ef8c490338_MD5.png]]\|Сичжань?action=edit&redlink=1 ""Сичжань (станция метро) (страница отсутствует)"")\| \|<br>\| \|![[e9cfccbddc37eef49cae6b42153cb23b_MD5.png]] ""Фусинлу (станция метро)"")\|![[5bd9a4528cebe18b414a27ef8c490338_MD5.png]]\|Фусинлу?action=edit&redlink=1 ""Фусинлу (станция метро) (страница отсутствует)"")\| \|<br>\|";;;;;;;;
95f3ff39-adf8-430d-b163-7c2c1daea556;knowledge_base\Транспорт Фомальгаута.md;"""Фусинлу (станция метро)"")\|![[5bd9a4528cebe18b414a27ef8c490338_MD5.png]]\|Фусинлу?action=edit&redlink=1 ""Фусинлу (станция метро) (страница отсутствует)"")\| \|<br>\| \|![[e9cfccbddc37eef49cae6b42153cb23b_MD5.png]] ""Жэминьиюань (станция метро)"")\|![[5bd9a4528cebe18b414a27ef8c490338_MD5.png]]\|Жэминьиюань?action=edit&redlink=1 ""Жэминьиюань (станция метро) (страница отсутствует)"")\| \|<br>\| \|![[fc871c81ef80ffae8c536895cf010091_MD5.png]] ""Чанхунгунюань (станция метро)"")<br><br>![[e9cfccbddc37eef49cae6b42153cb23b_MD5.png]]<br><br>![[460be7e47046ad24fbbdda4571f4e041_MD5.png]] ""Чанхунгунюань (станция метро)"")<br><br>![[919c42940ee8eff69b427a34c0629a96_MD5.png]]\|![[5bd9a4528cebe18b414a27ef8c490338_MD5.png]]\|Чанхунгунюань?action=edit&redlink=1 ""Чанхунгунюань (станция метро) (страница отсутствует)"")\| \|<br>\| \|![[e9cfccbddc37eef49cae6b42153cb23b_MD5.png]] ""Ибиньдао (станция метро)"")\|![[5bd9a4528cebe18b414a27ef8c490338_MD5.png]]\|Ибиньдао?action=edit&redlink=1 ""Ибиньдао";;;;;;;;
e2f0ecd3-22e5-46ac-8968-548c1ddfd8eb;knowledge_base\Транспорт Фомальгаута.md;"отсутствует)"")\| \|<br>\| \|![[e9cfccbddc37eef49cae6b42153cb23b_MD5.png]] ""Ибиньдао (станция метро)"")\|![[5bd9a4528cebe18b414a27ef8c490338_MD5.png]]\|Ибиньдао?action=edit&redlink=1 ""Ибиньдао (станция метро) (страница отсутствует)"")\| \|<br>\| \|![[fc871c81ef80ffae8c536895cf010091_MD5.png]] ""Аньшаньсидао (станция метро)"")<br><br>![[e9cfccbddc37eef49cae6b42153cb23b_MD5.png]]<br><br>![[460be7e47046ad24fbbdda4571f4e041_MD5.png]] ""Аньшаньсидао (станция метро)"")<br><br>![[434f06886f741d4a70955df36bbb96be_MD5.png]]\|![[5bd9a4528cebe18b414a27ef8c490338_MD5.png]]\|Аньшаньсидао?action=edit&redlink=1 ""Аньшаньсидао (станция метро) (страница отсутствует)"")\| \|<br>\| \|![[e9cfccbddc37eef49cae6b42153cb23b_MD5.png]] ""Тяньто (станция метро)"")\|![[5bd9a4528cebe18b414a27ef8c490338_MD5.png]]\|Тяньто?action=edit&redlink=1 ""Тяньто (станция метро) (страница отсутствует)"")\| \|<br>\| \|![[fc871c81ef80ffae8c536895cf010091_MD5.png]] ""Ичжунсиньиюань (станция";;;;;;;;
9a372ff4-dbaa-4578-bdd2-83c2b6e05b44;knowledge_base\Транспорт Фомальгаута.md;"""Тяньто (станция метро) (страница отсутствует)"")\| \|<br>\| \|![[fc871c81ef80ffae8c536895cf010091_MD5.png]] ""Ичжунсиньиюань (станция метро)"")<br><br>![[e9cfccbddc37eef49cae6b42153cb23b_MD5.png]]<br><br>![[460be7e47046ad24fbbdda4571f4e041_MD5.png]] ""Ичжунсиньиюань (станция метро)"")<br><br>![[ab4e7b9d20a2da3b5262df74d3adfb91_MD5.png]]\|![[5bd9a4528cebe18b414a27ef8c490338_MD5.png]]\|Ичжунсиньиюань?action=edit&redlink=1 ""Ичжунсиньиюань (станция метро) (страница отсутствует)"")\| \|<br>\| \| \|<br>\| \|![[fc871c81ef80ffae8c536895cf010091_MD5.png]] ""Хунцинаньлу (станция метро)"")<br><br>![[e9cfccbddc37eef49cae6b42153cb23b_MD5.png]]<br><br>![[460be7e47046ad24fbbdda4571f4e041_MD5.png]] ""Хунцинаньлу (станция метро)"")<br><br>![[16a22a31a28ca0786c94ef678dc99193_MD5.png]]\|![[5bd9a4528cebe18b414a27ef8c490338_MD5.png]]\|Хунцинаньлу?action=edit&redlink=1 ""Хунцинаньлу (станция метро) (страница отсутствует)"")\| \|<br>\| \|![[e9cfccbddc37eef49cae6b42153cb23b_MD5.png]] ""Инфэндао (станция";;;;;;;;
c19bfd53-fe3f-48be-a407-1550747482e0;knowledge_base\Транспорт Фомальгаута.md;"""Хунцинаньлу (станция метро) (страница отсутствует)"")\| \|<br>\| \|![[e9cfccbddc37eef49cae6b42153cb23b_MD5.png]] ""Инфэндао (станция метро)"")\|![[5bd9a4528cebe18b414a27ef8c490338_MD5.png]]\|Инфэндао?action=edit&redlink=1 ""Инфэндао (станция метро) (страница отсутствует)"")\| \|<br>\| \|![[e9cfccbddc37eef49cae6b42153cb23b_MD5.png]] ""Наньцуйпин (станция метро)"")\|![[5bd9a4528cebe18b414a27ef8c490338_MD5.png]]\|Наньцуйпин?action=edit&redlink=1 ""Наньцуйпин (станция метро) (страница отсутствует)"")\| \|<br>\| \|![[e9cfccbddc37eef49cae6b42153cb23b_MD5.png]] ""Шуйшангунюаньдунлу (станция метро)"")\|![[5bd9a4528cebe18b414a27ef8c490338_MD5.png]]\|Шуйшангунюаньдунлу?action=edit&redlink=1 ""Шуйшангунюаньдунлу (станция метро) (страница отсутствует)"")\| \|<br>\| \|![[f127b24b2a6cfdab9b2dd6ddbcfe0bd3_MD5.png]]<br><br>![[eecb99128e5489745a2290426590bb4b_MD5.png]]\| \|<br>\| \|![[fc871c81ef80ffae8c536895cf010091_MD5.png]] ""Чжунлюиюань (станция";;;;;;;;
87ad18d6-bfa2-4368-ba54-a1ca46a74cd0;knowledge_base\Транспорт Фомальгаута.md;"\|<br>\| \|![[f127b24b2a6cfdab9b2dd6ddbcfe0bd3_MD5.png]]<br><br>![[eecb99128e5489745a2290426590bb4b_MD5.png]]\| \|<br>\| \|![[fc871c81ef80ffae8c536895cf010091_MD5.png]] ""Чжунлюиюань (станция метро)"")<br><br>![[8a9ded46b04e955d5b1920935cdeb2e7_MD5.png]]<br><br>![[df7340c19bf37b4f1c36055b5652186c_MD5.png]] ""Чжунлюиюань (станция метро)"")<br><br>![[007d4ea47a63db936f36a1c67534ba5b_MD5.png]]<br><br>![[460be7e47046ad24fbbdda4571f4e041_MD5.png]] ""Чжунлюиюань (станция метро)"")<br><br>![[e5eb84bc008baf3661e543e4959a3fa3_MD5.png]]\|![[5bd9a4528cebe18b414a27ef8c490338_MD5.png]]\|Чжунлюиюань?action=edit&redlink=1 ""Чжунлюиюань (станция метро) (страница отсутствует)"")\| \|<br>\| \|![[fc871c81ef80ffae8c536895cf010091_MD5.png]] ""Тяньцзиньбиньгуань (станция метро)"")<br><br>![[8a9ded46b04e955d5b1920935cdeb2e7_MD5.png]]<br><br>![[460be7e47046ad24fbbdda4571f4e041_MD5.png]] ""Тяньцзиньбиньгуань (станция";;;;;;;;
3447dd56-6886-4210-b6b6-cdcaf2483cc9;knowledge_base\Транспорт Фомальгаута.md;"""Тяньцзиньбиньгуань (станция метро)"")<br><br>![[8a9ded46b04e955d5b1920935cdeb2e7_MD5.png]]<br><br>![[460be7e47046ad24fbbdda4571f4e041_MD5.png]] ""Тяньцзиньбиньгуань (станция метро)"")<br><br>![[007d4ea47a63db936f36a1c67534ba5b_MD5.png]]\|![[5bd9a4528cebe18b414a27ef8c490338_MD5.png]]\|Тяньцзиньбиньгуань?action=edit&redlink=1 ""Тяньцзиньбиньгуань (станция метро) (страница отсутствует)"")\| \|<br>\| \|![[f127b24b2a6cfdab9b2dd6ddbcfe0bd3_MD5.png]]<br><br>![[9584daf0aedc7bd6bbba301f8b74ffb5_MD5.png]]<br><br>![[cccb18916d862a354ce6ec3b0fc4b93f_MD5.png]]\| \|<br>\| \|![[fc871c81ef80ffae8c536895cf010091_MD5.png]] ""Вэньхуачжунсинь (станция метро)"")<br><br>![[e9cfccbddc37eef49cae6b42153cb23b_MD5.png]]<br><br>![[df7340c19bf37b4f1c36055b5652186c_MD5.png]] ""Вэньхуачжунсинь (станция метро)"")<br><br>![[f0eed673bba46ccd0f3037aa872778b6_MD5.png]]<br><br>![[460be7e47046ad24fbbdda4571f4e041_MD5.png]] ""Вэньхуачжунсинь (станция";;;;;;;;
99c29870-7a08-40f5-a79b-ed40c96af532;knowledge_base\Транспорт Фомальгаута.md;"""Вэньхуачжунсинь (станция метро)"")<br><br>![[f0eed673bba46ccd0f3037aa872778b6_MD5.png]]<br><br>![[460be7e47046ad24fbbdda4571f4e041_MD5.png]] ""Вэньхуачжунсинь (станция метро)"")<br><br>![[ab4e7b9d20a2da3b5262df74d3adfb91_MD5.png]]\|![[5bd9a4528cebe18b414a27ef8c490338_MD5.png]]\|Вэньхуачжунсинь?action=edit&redlink=1 ""Вэньхуачжунсинь (станция метро) (страница отсутствует)"")\| \|<br>\| \|![[f127b24b2a6cfdab9b2dd6ddbcfe0bd3_MD5.png]]<br><br>![[4353afbc4f4b8f40bb416c945144400f_MD5.png]]<br><br>![[ea8bcb77f39408cb42343f3beef29307_MD5.png]]\| \|<br>\| \|![[e9cfccbddc37eef49cae6b42153cb23b_MD5.png]] ""Лэюаньдао (станция метро)"")<br><br>![[ea8bcb77f39408cb42343f3beef29307_MD5.png]]\|![[5bd9a4528cebe18b414a27ef8c490338_MD5.png]]\|Лэюаньдао?action=edit&redlink=1 ""Лэюаньдао (станция метро) (страница отсутствует)"")\| \|<br>\| \|![[e9cfccbddc37eef49cae6b42153cb23b_MD5.png]] ""Цзяньшаньлу (станция";;;;;;;;
f77fad63-5e13-4a99-80f7-08b639230fe4;knowledge_base\Транспорт Фомальгаута.md;"""Лэюаньдао (станция метро) (страница отсутствует)"")\| \|<br>\| \|![[e9cfccbddc37eef49cae6b42153cb23b_MD5.png]] ""Цзяньшаньлу (станция метро)"")<br><br>![[ea8bcb77f39408cb42343f3beef29307_MD5.png]]\|![[5bd9a4528cebe18b414a27ef8c490338_MD5.png]]\|Цзяньшаньлу?action=edit&redlink=1 ""Цзяньшаньлу (станция метро) (страница отсутствует)"")\| \|<br>\| \|![[fc871c81ef80ffae8c536895cf010091_MD5.png]] ""Идаэръюань (станция метро)"")<br><br>![[e9cfccbddc37eef49cae6b42153cb23b_MD5.png]]<br><br>![[df7340c19bf37b4f1c36055b5652186c_MD5.png]]<br><br>![[460be7e47046ad24fbbdda4571f4e041_MD5.png]] ""Идаэръюань (станция метро)"")<br><br>![[ab4e7b9d20a2da3b5262df74d3adfb91_MD5.png]]\|![[5bd9a4528cebe18b414a27ef8c490338_MD5.png]]\|Идаэръюань?action=edit&redlink=1 ""Идаэръюань (станция метро) (страница отсутствует)"")\| \|<br>\| \|![[f127b24b2a6cfdab9b2dd6ddbcfe0bd3_MD5.png]]<br><br>![[495d3c83c50db1903144ba4870c760bf_MD5.png]]\| \|<br>\| \|![[e9cfccbddc37eef49cae6b42153cb23b_MD5.png]] ""Мэйцзяндао";;;;;;;;
888fbb2c-264e-4942-90e6-a4124d921407;knowledge_base\Транспорт Фомальгаута.md;"\|<br>\| \|![[f127b24b2a6cfdab9b2dd6ddbcfe0bd3_MD5.png]]<br><br>![[495d3c83c50db1903144ba4870c760bf_MD5.png]]\| \|<br>\| \|![[e9cfccbddc37eef49cae6b42153cb23b_MD5.png]] ""Мэйцзяндао (станция метро)"")\|![[5bd9a4528cebe18b414a27ef8c490338_MD5.png]]\|Мэйцзяндао?action=edit&redlink=1 ""Мэйцзяндао (станция метро) (страница отсутствует)"")\| \|<br>\| \|![[f230125aa53f5ffa58f54db273cee6c4_MD5.png]] ""Цзоцзяндао (станция метро)"")<br><br>![[cc133ee15bab956ca4af2611755bff59_MD5.png]] ""Юинаньлу (станция метро)"")\|![[5bd9a4528cebe18b414a27ef8c490338_MD5.png]]\|Цзоцзяндао?action=edit&redlink=1 ""Цзоцзяндао (станция метро) (страница отсутствует)"")\| \|<br>\| \|![[e9cfccbddc37eef49cae6b42153cb23b_MD5.png]] ""Мэйцзянгунюань (станция метро)"")\|![[5bd9a4528cebe18b414a27ef8c490338_MD5.png]]\|Мэйцзянгунюань?action=edit&redlink=1 ""Мэйцзянгунюань (станция метро) (страница отсутствует)"")\| \|<br>\| \|![[e9cfccbddc37eef49cae6b42153cb23b_MD5.png]] ""Мэйцзянгунюаньчжунсинь (станция";;;;;;;;
9d71e971-97df-4438-bf0b-efe19fca73b4;knowledge_base\Транспорт Фомальгаута.md;"""Мэйцзянгунюань (станция метро) (страница отсутствует)"")\| \|<br>\| \|![[e9cfccbddc37eef49cae6b42153cb23b_MD5.png]] ""Мэйцзянгунюаньчжунсинь (станция метро)"")\|![[5bd9a4528cebe18b414a27ef8c490338_MD5.png]]\|Мэйцзянгунюаньчжунсинь?action=edit&redlink=1 ""Мэйцзянгунюаньчжунсинь (станция метро) (страница отсутствует)"")\| \|<br>\| \|![[e9cfccbddc37eef49cae6b42153cb23b_MD5.png]] ""Цзефаннаньлу (станция метро)"")\|![[5bd9a4528cebe18b414a27ef8c490338_MD5.png]]\|Цзефаннаньлу?action=edit&redlink=1 ""Цзефаннаньлу (станция метро) (страница отсутствует)"")\| \|<br>\| \|![[e9cfccbddc37eef49cae6b42153cb23b_MD5.png]] ""Дунтинлу (станция метро)"")\|![[5bd9a4528cebe18b414a27ef8c490338_MD5.png]]\|Дунтинлу?action=edit&redlink=1 ""Дунтинлу (станция метро) (страница отсутствует)"")\| \|<br>\| \|![[e9cfccbddc37eef49cae6b42153cb23b_MD5.png]] ""Мэйлиньлу (станция метро)"")\|![[5bd9a4528cebe18b414a27ef8c490338_MD5.png]]\|Мэйлиньлу?action=edit&redlink=1 ""Мэйлиньлу (станция метро) (страница отсутствует)"")\|";;;;;;;;
9cd97f71-0f81-42de-8203-f13e30678a2b;knowledge_base\Транспорт Фомальгаута.md;"""Мэйлиньлу (станция метро)"")\|![[5bd9a4528cebe18b414a27ef8c490338_MD5.png]]\|Мэйлиньлу?action=edit&redlink=1 ""Мэйлиньлу (станция метро) (страница отсутствует)"")\| \|<br>\| \|![[fc871c81ef80ffae8c536895cf010091_MD5.png]] ""Лушуйдао (станция метро)"")<br><br>![[d3ab7ad9f1b7c2ebfb2b59d4d5ceb505_MD5.png]]<br><br>![[460be7e47046ad24fbbdda4571f4e041_MD5.png]] ""Лушуйдао (станция метро)"")<br><br>![[e687680f16f2b9fa8532b086a9702e87_MD5.png]]\|![[5bd9a4528cebe18b414a27ef8c490338_MD5.png]]\|Лушуйдао?action=edit&redlink=1 ""Лушуйдао (станция метро) (страница отсутствует)"")\| \|<br>\| \|![[3cca51943c07ee886636ac7618d0f317_MD5.png]] ""Цишуйдао (станция метро)"")\|_Цишуйдао?action=edit&redlink=1 ""Цишуйдао (станция метро) (страница отсутствует)"")_\| \|<br>\| \|![[4796cc35bc441a08101a94a33842e7d0_MD5.png]]<br><br>![[a165442483c3873d4c4b54101b2ea4d9_MD5.png]]<br><br>![[399e19553d32c7e83d1281c9dbedb7ef_MD5.png]]\|депо Лиюаньтоу\| \|<br>\| \|![[3defbb42cd6bd107272069e6bba3755a_MD5.png]]";;;;;;;;
f1b9f7d4-c737-4569-bd3e-ac2057b6b4b2;knowledge_base\Транспорт Фомальгаута.md;"Лиюаньтоу\| \|<br>\| \|![[3defbb42cd6bd107272069e6bba3755a_MD5.png]] ""Наньмацзи (станция метро)"")\|_Наньмацзи?action=edit&redlink=1 ""Наньмацзи (станция метро) (страница отсутствует)"")_\| \|<br>\||";;;;;;;;
fa27351e-8936-431e-a569-4a901c4912ef;knowledge_base\Транспорт Фомальгаута.md;"|Линия 7| |---| |![[effc0f5b47f48937476206a410f1ea73_MD5.webp]] ""Перейти к шаблону «Линия 7 (Тяньцзинь)»"")<br><br>Условные обозначения|";;;;;;;;
413714c7-9fa2-4905-ad5e-3d9e91516c1c;knowledge_base\Транспорт Фомальгаута.md;"|\| \| \| \| \| \| \| \|<br>\|---\|---\|---\|---\|---\|---\|---\|<br>\| \|![[71ca719e6af21a61987ec43ad70462de_MD5.png]] ""Сифэндао (станция метро)"")\|_Сифэндао?action=edit&redlink=1 ""Сифэндао (станция метро) (страница отсутствует)"")_\| \|<br>\| \|![[fc871c81ef80ffae8c536895cf010091_MD5.png]] ""Вайюаньфучжун (станция метро)"")<br><br>![[e5eb84bc008baf3661e543e4959a3fa3_MD5.png]]<br><br>![[460be7e47046ad24fbbdda4571f4e041_MD5.png]] ""Вайюаньфучжун (станция метро)"")<br><br>![[e9cfccbddc37eef49cae6b42153cb23b_MD5.png]]\|_Вайюаньфучжун?action=edit&redlink=1 ""Вайюаньфучжун (станция метро) (страница отсутствует)"")_\| \|<br>\| \| \|<br>\| \|![[fc871c81ef80ffae8c536895cf010091_MD5.png]] ""Чжуншаньлу (станция метро)"")<br><br>![[e5eb84bc008baf3661e543e4959a3fa3_MD5.png]]<br><br>![[460be7e47046ad24fbbdda4571f4e041_MD5.png]] ""Чжуншаньлу (станция метро)"")<br><br>![[16a22a31a28ca0786c94ef678dc99193_MD5.png]]\|_Чжуншаньлу?action=edit&redlink=1 ""Чжуншаньлу (станция метро)";;;;;;;;
503fdf13-7a5e-4e70-9384-02dbe703d5f4;knowledge_base\Транспорт Фомальгаута.md;"""Чжуншаньлу (станция метро)"")<br><br>![[16a22a31a28ca0786c94ef678dc99193_MD5.png]]\|_Чжуншаньлу?action=edit&redlink=1 ""Чжуншаньлу (станция метро) (страница отсутствует)"")_\| \|<br>\| \|![[e5eb84bc008baf3661e543e4959a3fa3_MD5.png]] ""Цзиньвэйлу (станция метро)"")\|_Цзиньвэйлу?action=edit&redlink=1 ""Цзиньвэйлу (станция метро) (страница отсутствует)"")_\| \|<br>\| \|![[fc871c81ef80ffae8c536895cf010091_MD5.png]] ""Дунбэйцзяо (станция метро)"")<br><br>![[e5eb84bc008baf3661e543e4959a3fa3_MD5.png]]<br><br>![[460be7e47046ad24fbbdda4571f4e041_MD5.png]] ""Дунбэйцзяо (станция метро)"")<br><br>![[d0e969a0b6719fe91c33b6af21bbeb13_MD5.png]]\|_Дунбэйцзяо?action=edit&redlink=1 ""Дунбэйцзяо (станция метро) (страница отсутствует)"")_\| \|<br>\| \|![[e5eb84bc008baf3661e543e4959a3fa3_MD5.png]] ""Гуандунхуэйгуань (станция метро)"")\|_Гуандунхуэйгуань?action=edit&redlink=1 ""Гуандунхуэйгуань (станция метро) (страница отсутствует)"")_\| \|<br>\| \|![[fc871c81ef80ffae8c536895cf010091_MD5.png]] ""Гулоу";;;;;;;;
4e202036-e694-4177-bafa-d5e4407ad92e;knowledge_base\Транспорт Фомальгаута.md;"(станция метро)"")\|_Гуандунхуэйгуань?action=edit&redlink=1 ""Гуандунхуэйгуань (станция метро) (страница отсутствует)"")_\| \|<br>\| \|![[fc871c81ef80ffae8c536895cf010091_MD5.png]] ""Гулоу (станция метро)"")<br><br>![[e5eb84bc008baf3661e543e4959a3fa3_MD5.png]]<br><br>![[460be7e47046ad24fbbdda4571f4e041_MD5.png]] ""Гулоу (станция метро)"")<br><br>![[919c42940ee8eff69b427a34c0629a96_MD5.png]]\|_Гулоу?action=edit&redlink=1 ""Гулоу (станция метро) (страница отсутствует)"")_\| \|<br>\| \|![[e5eb84bc008baf3661e543e4959a3fa3_MD5.png]] ""Фуаньдацзе (станция метро)"")\|_Фуаньдацзе?action=edit&redlink=1 ""Фуаньдацзе (станция метро) (страница отсутствует)"")_\| \|<br>\| \|![[fc871c81ef80ffae8c536895cf010091_MD5.png]] ""Хайгуансы (станция метро)"")<br><br>![[e5eb84bc008baf3661e543e4959a3fa3_MD5.png]]<br><br>![[460be7e47046ad24fbbdda4571f4e041_MD5.png]] ""Хайгуансы (станция метро)"")<br><br>![[8a05c8b29b56edb5176d10a0e9cd3464_MD5.png]]\|_Хайгуансы?action=edit&redlink=1 ""Хайгуансы (станция метро)";;;;;;;;
a61f4d06-063e-4b4f-a728-6e76286cde5f;knowledge_base\Транспорт Фомальгаута.md;"""Хайгуансы (станция метро)"")<br><br>![[8a05c8b29b56edb5176d10a0e9cd3464_MD5.png]]\|_Хайгуансы?action=edit&redlink=1 ""Хайгуансы (станция метро) (страница отсутствует)"")_\| \|<br>\| \| \|<br>\| \|![[fc871c81ef80ffae8c536895cf010091_MD5.png]] ""Люлитай (станция метро)"")<br><br>![[e5eb84bc008baf3661e543e4959a3fa3_MD5.png]]<br><br>![[460be7e47046ad24fbbdda4571f4e041_MD5.png]] ""Люлитай (станция метро)"")<br><br>![[434f06886f741d4a70955df36bbb96be_MD5.png]]\|_Люлитай?action=edit&redlink=1 ""Люлитай (станция метро) (страница отсутствует)"")_\| \|<br>\| \| \|<br>\| \|![[fc871c81ef80ffae8c536895cf010091_MD5.png]] ""Нанькайдасюэбалитай (станция метро)"")<br><br>![[e5eb84bc008baf3661e543e4959a3fa3_MD5.png]]<br><br>![[460be7e47046ad24fbbdda4571f4e041_MD5.png]] ""Нанькайдасюэбалитай (станция метро)"")<br><br>![[ab4e7b9d20a2da3b5262df74d3adfb91_MD5.png]]\|_Нанькайдасюэбалитай?action=edit&redlink=1 ""Нанькайдасюэбалитай (станция метро) (страница отсутствует)"")_\| \|<br>\| \| \|<br>\|";;;;;;;;
ac534626-4e99-4c75-b675-d1f69f5b53d8;knowledge_base\Транспорт Фомальгаута.md;"метро)"")<br><br>![[ab4e7b9d20a2da3b5262df74d3adfb91_MD5.png]]\|_Нанькайдасюэбалитай?action=edit&redlink=1 ""Нанькайдасюэбалитай (станция метро) (страница отсутствует)"")_\| \|<br>\| \| \|<br>\| \|![[fc871c81ef80ffae8c536895cf010091_MD5.png]] ""Тянта (станция метро)"")<br><br>![[e5eb84bc008baf3661e543e4959a3fa3_MD5.png]]<br><br>![[460be7e47046ad24fbbdda4571f4e041_MD5.png]] ""Тянта (станция метро)"")<br><br>![[16a22a31a28ca0786c94ef678dc99193_MD5.png]]\|_Тянта?action=edit&redlink=1 ""Тянта (станция метро) (страница отсутствует)"")_\| \|<br>\| \| \|<br>\| \|![[fc871c81ef80ffae8c536895cf010091_MD5.png]] ""Чжунлюиюань (станция метро)"")<br><br>![[e5eb84bc008baf3661e543e4959a3fa3_MD5.png]]<br><br>![[df7340c19bf37b4f1c36055b5652186c_MD5.png]] ""Чжунлюиюань (станция метро)"")<br><br>![[8a9ded46b04e955d5b1920935cdeb2e7_MD5.png]]<br><br>![[460be7e47046ad24fbbdda4571f4e041_MD5.png]] ""Чжунлюиюань (станция";;;;;;;;
16c64d60-c269-4959-be00-4c3e949c03c9;knowledge_base\Транспорт Фомальгаута.md;"""Чжунлюиюань (станция метро)"")<br><br>![[8a9ded46b04e955d5b1920935cdeb2e7_MD5.png]]<br><br>![[460be7e47046ad24fbbdda4571f4e041_MD5.png]] ""Чжунлюиюань (станция метро)"")<br><br>![[007d4ea47a63db936f36a1c67534ba5b_MD5.png]]\|_Чжунлюиюань?action=edit&redlink=1 ""Чжунлюиюань (станция метро) (страница отсутствует)"")_\| \|<br>\| \| \|<br>\| \|![[fc871c81ef80ffae8c536895cf010091_MD5.png]] ""Лицзяндао (станция метро)"")<br><br>![[e5eb84bc008baf3661e543e4959a3fa3_MD5.png]]<br><br>![[460be7e47046ad24fbbdda4571f4e041_MD5.png]] ""Лицзяндао (станция метро)"")<br><br>![[bc8c26b44bce22085ebac7781f9c2bc4_MD5.png]]\|_Лицзяндао?action=edit&redlink=1 ""Лицзяндао (станция метро) (страница отсутствует)"")_\| \|<br>\| \|![[e5eb84bc008baf3661e543e4959a3fa3_MD5.png]] ""Ванланьчжуан (станция метро)"")\|_Ванланьчжуан?action=edit&redlink=1 ""Ванланьчжуан (станция метро) (страница отсутствует)"")_\| \|<br>\| \|![[e5eb84bc008baf3661e543e4959a3fa3_MD5.png]] ""Мэйцзян Хуэйчжань Чжунсиньнань (станция";;;;;;;;
31078584-f9d6-499a-aaae-cd109ef055f1;knowledge_base\Транспорт Фомальгаута.md;"""Ванланьчжуан (станция метро) (страница отсутствует)"")_\| \|<br>\| \|![[e5eb84bc008baf3661e543e4959a3fa3_MD5.png]] ""Мэйцзян Хуэйчжань Чжунсиньнань (станция метро)"")\|_Мэйцзян Хуэйчжань Чжунсиньнань?action=edit&redlink=1 ""Мэйцзян Хуэйчжань Чжунсиньнань (станция метро) (страница отсутствует)"")_\| \|<br>\| \|![[e5eb84bc008baf3661e543e4959a3fa3_MD5.png]] ""Чжандаокоу (станция метро)"")\|_Чжандаокоу?action=edit&redlink=1 ""Чжандаокоу (станция метро) (страница отсутствует)"")_\| \|<br>\| \|![[e5eb84bc008baf3661e543e4959a3fa3_MD5.png]] ""Синхуадао (станция метро)"")\|_Синхуадао?action=edit&redlink=1 ""Синхуадао (станция метро) (страница отсутствует)"")_\| \|<br>\| \|![[e5eb84bc008baf3661e543e4959a3fa3_MD5.png]] ""Хунюаньдао (станция метро)"")\|_Хунюаньдао?action=edit&redlink=1 ""Хунюаньдао (станция метро) (страница отсутствует)"")_\| \|<br>\| \|![[e5eb84bc008baf3661e543e4959a3fa3_MD5.png]] ""Лубэйлу (станция метро)"")\|_Лубэйлу?action=edit&redlink=1 ""Лубэйлу (станция метро) (страница";;;;;;;;
4a6d67d3-ce98-4c99-b67f-a4e38aa5a722;knowledge_base\Транспорт Фомальгаута.md;"(станция метро) (страница отсутствует)"")_\| \|<br>\| \|![[e5eb84bc008baf3661e543e4959a3fa3_MD5.png]] ""Лубэйлу (станция метро)"")\|_Лубэйлу?action=edit&redlink=1 ""Лубэйлу (станция метро) (страница отсутствует)"")_\| \|<br>\| \|![[e5eb84bc008baf3661e543e4959a3fa3_MD5.png]] ""Сайдалу (станция метро)"")\|_Сайдалу?action=edit&redlink=1 ""Сайдалу (станция метро) (страница отсутствует)"")_\| \|<br>\| \|![[7543b0fd0c24006084a554ab8fb87e24_MD5.png]]\| \|<br>\| \|![[a16f0eb5398d801f14a9a11b2d33bf99_MD5.png]]\|депо Дасы\| \|<br>\||";;;;;;;;
3d23ad59-b625-4765-b758-e75782d21e66;knowledge_base\Транспорт Фомальгаута.md;"|Линия 8| |---| |![[effc0f5b47f48937476206a410f1ea73_MD5.webp]] ""Перейти к шаблону «Линия 8 (Тяньцзинь)»"")<br><br>Условные обозначения|";;;;;;;;
c5076545-f6ae-4703-92a5-32670fc1ae31;knowledge_base\Транспорт Фомальгаута.md;"|\| \| \| \| \| \| \| \|<br>\|---\|---\|---\|---\|---\|---\|---\|<br>\| \|![[5e02f1b5fdb5cb8e3d6bf4217262cfe3_MD5.png]] ""Чжунбэйчжэнь (станция метро)"")\|_Чжунбэйчжэнь?action=edit&redlink=1 ""Чжунбэйчжэнь (станция метро) (страница отсутствует)"")_\| \|<br>\| \|![[434f06886f741d4a70955df36bbb96be_MD5.png]] ""Фуцзянлу (станция метро)"")\|_Фуцзянлу?action=edit&redlink=1 ""Фуцзянлу (станция метро) (страница отсутствует)"")_\| \|<br>\| \|![[434f06886f741d4a70955df36bbb96be_MD5.png]] ""Яньаньлу (станция метро)"")\|_Яньаньлу?action=edit&redlink=1 ""Яньаньлу (станция метро) (страница отсутствует)"")_\| \|<br>\| \|![[434f06886f741d4a70955df36bbb96be_MD5.png]] ""Яаньлу (станция метро)"")\|_Яаньлу?action=edit&redlink=1 ""Яаньлу (станция метро) (страница отсутствует)"")_\| \|<br>\| \|![[434f06886f741d4a70955df36bbb96be_MD5.png]] ""Люшуйгунюань (станция метро)"")\|_Люшуйгунюань?action=edit&redlink=1 ""Люшуйгунюань (станция метро) (страница отсутствует)"")_\| \|<br>\|";;;;;;;;
5a3bf1e4-e816-4f3e-862f-c518d9b828df;knowledge_base\Транспорт Фомальгаута.md;"\|<br>\| \|![[434f06886f741d4a70955df36bbb96be_MD5.png]] ""Люшуйгунюань (станция метро)"")\|_Люшуйгунюань?action=edit&redlink=1 ""Люшуйгунюань (станция метро) (страница отсутствует)"")_\| \|<br>\| \|![[434f06886f741d4a70955df36bbb96be_MD5.png]] ""Ланьпинлу (станция метро)"")\|_Ланьпинлу?action=edit&redlink=1 ""Ланьпинлу (станция метро) (страница отсутствует)"")_\| \|<br>\| \|![[fc871c81ef80ffae8c536895cf010091_MD5.png]] ""Аньшаньсидао (станция метро)"")<br><br>![[434f06886f741d4a70955df36bbb96be_MD5.png]]<br><br>![[460be7e47046ad24fbbdda4571f4e041_MD5.png]] ""Аньшаньсидао (станция метро)"")<br><br>![[e9cfccbddc37eef49cae6b42153cb23b_MD5.png]]\|_Аньшаньсидао?action=edit&redlink=1 ""Аньшаньсидао (станция метро) (страница отсутствует)"")_\| \|<br>\| \|![[434f06886f741d4a70955df36bbb96be_MD5.png]] ""Наньфэнлу (станция метро)"")\|_Наньфэнлу?action=edit&redlink=1 ""Наньфэнлу (станция метро) (страница отсутствует)"")_\| \|<br>\| \|![[fc871c81ef80ffae8c536895cf010091_MD5.png]] ""Люлитай";;;;;;;;
d5dd1ee6-4a1a-422e-bd7f-51d75f7e4dbe;knowledge_base\Транспорт Фомальгаута.md;"""Наньфэнлу (станция метро)"")\|_Наньфэнлу?action=edit&redlink=1 ""Наньфэнлу (станция метро) (страница отсутствует)"")_\| \|<br>\| \|![[fc871c81ef80ffae8c536895cf010091_MD5.png]] ""Люлитай (станция метро)"")<br><br>![[434f06886f741d4a70955df36bbb96be_MD5.png]]<br><br>![[460be7e47046ad24fbbdda4571f4e041_MD5.png]] ""Люлитай (станция метро)"")<br><br>![[e5eb84bc008baf3661e543e4959a3fa3_MD5.png]]\|_Люлитай?action=edit&redlink=1 ""Люлитай (станция метро) (страница отсутствует)"")_\| \|<br>\| \| \|<br>\| \|![[fc871c81ef80ffae8c536895cf010091_MD5.png]] ""Сиканлу (станция метро)"")<br><br>![[434f06886f741d4a70955df36bbb96be_MD5.png]]<br><br>![[460be7e47046ad24fbbdda4571f4e041_MD5.png]] ""Сиканлу (станция метро)"")<br><br>![[16a22a31a28ca0786c94ef678dc99193_MD5.png]]\|_Сиканлу?action=edit&redlink=1 ""Сиканлу (станция метро) (страница отсутствует)"")_\| \|<br>\| \|![[434f06886f741d4a70955df36bbb96be_MD5.png]] ""Чэндудао (станция метро)"")\|_Чэндудао?action=edit&redlink=1 ""Чэндудао (станция метро)";;;;;;;;
d75a8f75-5920-4a05-9f9e-fd58e33bf76f;knowledge_base\Транспорт Фомальгаута.md;"(станция метро) (страница отсутствует)"")_\| \|<br>\| \|![[434f06886f741d4a70955df36bbb96be_MD5.png]] ""Чэндудао (станция метро)"")\|_Чэндудао?action=edit&redlink=1 ""Чэндудао (станция метро) (страница отсутствует)"")_\| \|<br>\| \|![[434f06886f741d4a70955df36bbb96be_MD5.png]] ""Мачандао (станция метро)"")\|_Мачандао?action=edit&redlink=1 ""Мачандао (станция метро) (страница отсутствует)"")_\| \|<br>\| \|![[434f06886f741d4a70955df36bbb96be_MD5.png]] ""Женьминь Гунюань (станция метро)"")\|_Женьминь Гунюань?action=edit&redlink=1 ""Женьминь Гунюань (станция метро) (страница отсутствует)"")_\| \|<br>\| \|![[fc871c81ef80ffae8c536895cf010091_MD5.png]] ""Сявафан (станция метро)"")<br><br>![[434f06886f741d4a70955df36bbb96be_MD5.png]]<br><br>![[df7340c19bf37b4f1c36055b5652186c_MD5.png]] ""Сявафан (станция метро)"")<br><br>![[8a05c8b29b56edb5176d10a0e9cd3464_MD5.png]]<br><br>![[460be7e47046ad24fbbdda4571f4e041_MD5.png]] ""Сявафан (станция";;;;;;;;
9596fa67-f648-4b85-af2f-ef8ea41f6c2b;knowledge_base\Транспорт Фомальгаута.md;"""Сявафан (станция метро)"")<br><br>![[8a05c8b29b56edb5176d10a0e9cd3464_MD5.png]]<br><br>![[460be7e47046ad24fbbdda4571f4e041_MD5.png]] ""Сявафан (станция метро)"")<br><br>![[f0eed673bba46ccd0f3037aa872778b6_MD5.png]]\|_Сявафан?action=edit&redlink=1 ""Сявафан (станция метро) (страница отсутствует)"")_\| \|<br>\| \|![[434f06886f741d4a70955df36bbb96be_MD5.png]] ""Сянцзяндао (станция метро)"")\|_Сянцзяндао?action=edit&redlink=1 ""Сянцзяндао (станция метро) (страница отсутствует)"")_\| \|<br>\| \|![[fc871c81ef80ffae8c536895cf010091_MD5.png]] ""Тучэн (станция метро, Тяньцзинь)"")<br><br>![[434f06886f741d4a70955df36bbb96be_MD5.png]]<br><br>![[460be7e47046ad24fbbdda4571f4e041_MD5.png]] ""Тучэн (станция метро, Тяньцзинь)"")<br><br>![[8a05c8b29b56edb5176d10a0e9cd3464_MD5.png]]\|_Тучэн?action=edit&redlink=1 ""Тучэн (станция метро, Тяньцзинь) (страница отсутствует)"")_\| \|<br>\| \| \|<br>\| \|![[fc871c81ef80ffae8c536895cf010091_MD5.png]] ""Лишуйдао (станция";;;;;;;;
455ba67a-1e08-4d96-95fa-db7fcb969fd4;knowledge_base\Транспорт Фомальгаута.md;"""Тучэн (станция метро, Тяньцзинь) (страница отсутствует)"")_\| \|<br>\| \| \|<br>\| \|![[fc871c81ef80ffae8c536895cf010091_MD5.png]] ""Лишуйдао (станция метро)"")<br><br>![[434f06886f741d4a70955df36bbb96be_MD5.png]]<br><br>![[460be7e47046ad24fbbdda4571f4e041_MD5.png]] ""Лишуйдао (станция метро)"")<br><br>![[ab4e7b9d20a2da3b5262df74d3adfb91_MD5.png]]\|_Лишуйдао?action=edit&redlink=1 ""Лишуйдао (станция метро) (страница отсутствует)"")_\| \|<br>\| \|![[434f06886f741d4a70955df36bbb96be_MD5.png]] ""Мэйцзяндаодун (станция метро)"")\|_Мэйцзяндаодун?action=edit&redlink=1 ""Мэйцзяндаодун (станция метро) (страница отсутствует)"")_\| \|<br>\| \|![[fc871c81ef80ffae8c536895cf010091_MD5.png]] ""Наньчжуцяо (станция метро)"")<br><br>![[434f06886f741d4a70955df36bbb96be_MD5.png]]<br><br>![[460be7e47046ad24fbbdda4571f4e041_MD5.png]] ""Наньчжуцяо (станция метро)"")<br><br>![[bc8c26b44bce22085ebac7781f9c2bc4_MD5.png]]\|_Наньчжуцяо?action=edit&redlink=1 ""Наньчжуцяо (станция метро) (страница";;;;;;;;
51981707-15fd-4224-87f4-3f80d537b74d;knowledge_base\Транспорт Фомальгаута.md;"""Наньчжуцяо (станция метро)"")<br><br>![[bc8c26b44bce22085ebac7781f9c2bc4_MD5.png]]\|_Наньчжуцяо?action=edit&redlink=1 ""Наньчжуцяо (станция метро) (страница отсутствует)"")_\| \|<br>\| \|![[434f06886f741d4a70955df36bbb96be_MD5.png]] ""Ишаньлу (станция метро)"")\|_Ишаньлу?action=edit&redlink=1 ""Ишаньлу (станция метро) (страница отсутствует)"")_\| \|<br>\| \|![[434f06886f741d4a70955df36bbb96be_MD5.png]] ""Чантайхэдун (станция метро)"")\|_Чантайхэдун?action=edit&redlink=1 ""Чантайхэдун (станция метро) (страница отсутствует)"")_\| \|<br>\| \|![[fc871c81ef80ffae8c536895cf010091_MD5.png]] ""Лушуйдао (станция метро)"")<br><br>![[e687680f16f2b9fa8532b086a9702e87_MD5.png]]<br><br>![[460be7e47046ad24fbbdda4571f4e041_MD5.png]] ""Лушуйдао (станция метро)"")<br><br>![[d3ab7ad9f1b7c2ebfb2b59d4d5ceb505_MD5.png]]\|![[5bd9a4528cebe18b414a27ef8c490338_MD5.png]]\|Лушуйдао?action=edit&redlink=1 ""Лушуйдао (станция метро) (страница отсутствует)"")\| \|<br>\|";;;;;;;;
bd66ce17-d380-4aa5-bfed-95be9dc52283;knowledge_base\Транспорт Фомальгаута.md;"""Лушуйдао (станция метро) (страница отсутствует)"")\| \|<br>\| \|![[7e258a6e10fa16b685597e3d1ff63107_MD5.png]] ""Шуанган (станция метро)"")\|![[5bd9a4528cebe18b414a27ef8c490338_MD5.png]]\|Шуанган?action=edit&redlink=1 ""Шуанган (станция метро) (страница отсутствует)"")\| \|<br>\| \|![[7e258a6e10fa16b685597e3d1ff63107_MD5.png]] ""Цзинхэдао (станция метро)"")\|![[5bd9a4528cebe18b414a27ef8c490338_MD5.png]]\|Цзинхэдао?action=edit&redlink=1 ""Цзинхэдао (станция метро) (страница отсутствует)"")\| \|<br>\| \|![[7e258a6e10fa16b685597e3d1ff63107_MD5.png]] ""Цзинлидао (станция метро)"")\|![[5bd9a4528cebe18b414a27ef8c490338_MD5.png]]\|Цзинлидао?action=edit&redlink=1 ""Цзинлидао (станция метро) (страница отсутствует)"")\| \|<br>\| \|![[7e258a6e10fa16b685597e3d1ff63107_MD5.png]] ""Тяньцзиньдасюэ Бэйян Юаньсяоцюй (станция метро)"")\|![[5bd9a4528cebe18b414a27ef8c490338_MD5.png]]\|Тяньцзиньдасюэ Бэйян Юаньсяоцюй?action=edit&redlink=1 ""Тяньцзиньдасюэ Бэйян Юаньсяоцюй (станция метро) (страница";;;;;;;;
f8dbf10f-022f-4247-b873-c65130606275;knowledge_base\Транспорт Фомальгаута.md;"Бэйян Юаньсяоцюй (станция метро)"")\|![[5bd9a4528cebe18b414a27ef8c490338_MD5.png]]\|Тяньцзиньдасюэ Бэйян Юаньсяоцюй?action=edit&redlink=1 ""Тяньцзиньдасюэ Бэйян Юаньсяоцюй (станция метро) (страница отсутствует)"")\| \|<br>\| \|![[7e258a6e10fa16b685597e3d1ff63107_MD5.png]] ""Хайхэцзяоюйюаньцюй (станция метро)"")\|![[5bd9a4528cebe18b414a27ef8c490338_MD5.png]]\|Хайхэцзяоюйюаньцюй?action=edit&redlink=1 ""Хайхэцзяоюйюаньцюй (станция метро) (страница отсутствует)"")\| \|<br>\| \|![[437766be7fdc3be0d8ae9c8c4e98deff_MD5.png]]<br><br>![[1ab2204f6e1e9ff72e45ac7d31f0830b_MD5.png]]\| \|<br>\| \|![[1ac79b727b3fac441219a17c53feb2b1_MD5.png]]<br><br>![[7e258a6e10fa16b685597e3d1ff63107_MD5.png]] ""Нанькайдасюэ Цзиньнань Сяоцюй (станция метро)"")\|![[5bd9a4528cebe18b414a27ef8c490338_MD5.png]]\|Нанькайдасюэ Цзиньнань Сяоцюй?action=edit&redlink=1 ""Нанькайдасюэ Цзиньнань Сяоцюй (станция метро) (страница отсутствует)"")\| \|<br>\|";;;;;;;;
2c9ac916-cdb2-4bbf-86a2-21e3f1c41f4f;knowledge_base\Транспорт Фомальгаута.md;"метро)"")\|![[5bd9a4528cebe18b414a27ef8c490338_MD5.png]]\|Нанькайдасюэ Цзиньнань Сяоцюй?action=edit&redlink=1 ""Нанькайдасюэ Цзиньнань Сяоцюй (станция метро) (страница отсутствует)"")\| \|<br>\| \|![[980d171d66e715a7b83eb45f46422cb6_MD5.png]]<br><br>![[1ac79b727b3fac441219a17c53feb2b1_MD5.png]]\| \|<br>\| \|![[cef230105315da7bad0cee929e371e63_MD5.png]]<br><br>![[1ac79b727b3fac441219a17c53feb2b1_MD5.png]]\|депо Шуанган\| \|<br>\| \|![[7e258a6e10fa16b685597e3d1ff63107_MD5.png]] ""Хэхуэйнаньлу (станция метро)"")\|![[5bd9a4528cebe18b414a27ef8c490338_MD5.png]]\|Хэхуэйнаньлу?action=edit&redlink=1 ""Хэхуэйнаньлу (станция метро) (страница отсутствует)"")\| \|<br>\| \|![[a176ab15aab85b74d85fefe401a697a6_MD5.png]] ""Сяньшуйгуси (станция метро)"")\|![[5bd9a4528cebe18b414a27ef8c490338_MD5.png]]\|Сяньшуйгуси?action=edit&redlink=1 ""Сяньшуйгуси (станция метро) (страница отсутствует)"")\| \|<br>\||";;;;;;;;
5a5f03f0-0043-45d9-93cd-3293e0c564d0;knowledge_base\Транспорт Фомальгаута.md;"|Линия 9| |---| |![[effc0f5b47f48937476206a410f1ea73_MD5.webp]] ""Перейти к шаблону «Линия 9 (Тяньцзинь)»"")<br><br>Условные обозначения|";;;;;;;;
c8fad35b-f8a1-4f44-8170-e3e665d3338e;knowledge_base\Транспорт Фомальгаута.md;"|\| \| \| \| \| \| \| \|<br>\|---\|---\|---\|---\|---\|---\|---\|<br>\| \|![[bde2d68b9df32b5ebd71f881011cae1e_MD5.png]]<br><br>![[fc871c81ef80ffae8c536895cf010091_MD5.png]] ""Тяньцзиньчжань (станция метро)"")<br><br>![[7fca6774a9f1867b65d8bab378393edd_MD5.png]]<br><br>![[df7340c19bf37b4f1c36055b5652186c_MD5.png]] ""Тяньцзиньчжань (станция метро)"")<br><br>![[08a0a2b5b99d0a6a7cf9f4b31e3fe578_MD5.png]]<br><br>![[460be7e47046ad24fbbdda4571f4e041_MD5.png]] ""Тяньцзиньчжань (станция метро)"")<br><br>![[16a22a31a28ca0786c94ef678dc99193_MD5.png]]\|![[5bd9a4528cebe18b414a27ef8c490338_MD5.png]]\|Тяньцзиньчжань?action=edit&redlink=1 ""Тяньцзиньчжань (станция метро) (страница отсутствует)"")\| \|<br>\| \|![[d0c891508db2fb8b69ddc33ed1d3814e_MD5.png]] ""Даванчжуан (станция метро)"")\|![[5bd9a4528cebe18b414a27ef8c490338_MD5.png]]\|Даванчжуан?action=edit&redlink=1 ""Даванчжуан (станция метро) (страница отсутствует)"")\| \|<br>\| \|![[d0c891508db2fb8b69ddc33ed1d3814e_MD5.png]] ""Шиицзинлу";;;;;;;;
f5826d5c-ea38-4d41-a6e7-6359ae2921e9;knowledge_base\Транспорт Фомальгаута.md;"""Даванчжуан (станция метро) (страница отсутствует)"")\| \|<br>\| \|![[d0c891508db2fb8b69ddc33ed1d3814e_MD5.png]] ""Шиицзинлу (станция метро)"")\|![[5bd9a4528cebe18b414a27ef8c490338_MD5.png]]\|Шиицзинлу?action=edit&redlink=1 ""Шиицзинлу (станция метро) (страница отсутствует)"")\| \|<br>\| \|![[fc871c81ef80ffae8c536895cf010091_MD5.png]] ""Чжигу (станция метро)"")<br><br>![[d0c891508db2fb8b69ddc33ed1d3814e_MD5.png]]<br><br>![[460be7e47046ad24fbbdda4571f4e041_MD5.png]] ""Чжигу (станция метро)"")<br><br>![[f0eed673bba46ccd0f3037aa872778b6_MD5.png]]\|![[5bd9a4528cebe18b414a27ef8c490338_MD5.png]]\|Чжигу?action=edit&redlink=1 ""Чжигу (станция метро) (страница отсутствует)"")\| \|<br>\| \|![[d0c891508db2fb8b69ddc33ed1d3814e_MD5.png]] ""Дунсинлу (станция метро)"")\|![[5bd9a4528cebe18b414a27ef8c490338_MD5.png]]\|Дунсинлу?action=edit&redlink=1 ""Дунсинлу (станция метро) (страница отсутствует)"")\| \|<br>\| \|![[2ad3f23d67d6bef9f8ea7d1855c5cb80_MD5.png]]\| \|<br>\|";;;;;;;;
60ec582a-3fb1-4cbe-9702-6713092864ef;knowledge_base\Транспорт Фомальгаута.md;"""Дунсинлу (станция метро) (страница отсутствует)"")\| \|<br>\| \|![[2ad3f23d67d6bef9f8ea7d1855c5cb80_MD5.png]]\| \|<br>\| \|![[7ac766ca320ae97d1c4127cd0ad399c5_MD5.png]] ""Чжуншаньмэн (станция метро)"")\|![[5bd9a4528cebe18b414a27ef8c490338_MD5.png]]\|Чжуншаньмэн?action=edit&redlink=1 ""Чжуншаньмэн (станция метро) (страница отсутствует)"")\| \|<br>\| \|![[20f6da162b87fea137d885daa74c8e4c_MD5.png]] ""Ихаоцяо (станция метро)"")<br><br>![[4017ce3069862c2a436102b77810e4a3_MD5.png]]<br><br>![[cc133ee15bab956ca4af2611755bff59_MD5.png]] ""Лунханьдао (станция метро)"")\|![[5bd9a4528cebe18b414a27ef8c490338_MD5.png]]\|Ихаоцяо?action=edit&redlink=1 ""Ихаоцяо (станция метро) (страница отсутствует)"")\| \|<br>\| \|![[7ac766ca320ae97d1c4127cd0ad399c5_MD5.png]] ""Эрхаоцяо (станция метро)"")\|![[5bd9a4528cebe18b414a27ef8c490338_MD5.png]]\|Эрхаоцяо?action=edit&redlink=1 ""Эрхаоцяо (станция метро) (страница отсутствует)"")\| \|<br>\| \|![[7ac766ca320ae97d1c4127cd0ad399c5_MD5.png]] ""Чжангуйчжуан";;;;;;;;
96ace38e-b654-48e6-a8ba-b06d081ac118;knowledge_base\Транспорт Фомальгаута.md;"""Эрхаоцяо (станция метро) (страница отсутствует)"")\| \|<br>\| \|![[7ac766ca320ae97d1c4127cd0ad399c5_MD5.png]] ""Чжангуйчжуан (станция метро)"")\|![[5bd9a4528cebe18b414a27ef8c490338_MD5.png]]\|Чжангуйчжуан?action=edit&redlink=1 ""Чжангуйчжуан (станция метро) (страница отсутствует)"")\| \|<br>\| \|![[7ac766ca320ae97d1c4127cd0ad399c5_MD5.png]] ""Синьли (станция метро)"")\|![[5bd9a4528cebe18b414a27ef8c490338_MD5.png]]\|Синьли?action=edit&redlink=1 ""Синьли (станция метро) (страница отсутствует)"")\| \|<br>\| \|![[75e88f7504c292556b82032bbdddd05a_MD5.png]]<br><br>![[eb47050ad0b9b00c542f814d0bbe284d_MD5.png]]<br><br>![[72eb40a7999e6938303e5fb8a01f92d7_MD5.png]]\|депо Синьли\| \|<br>\| \|![[7ac766ca320ae97d1c4127cd0ad399c5_MD5.png]] ""Дунликайфацюй (станция метро)"")\|![[5bd9a4528cebe18b414a27ef8c490338_MD5.png]]\|Дунликайфацюй?action=edit&redlink=1 ""Дунликайфацюй (станция метро) (страница отсутствует)"")\| \|<br>\| \|![[7ac766ca320ae97d1c4127cd0ad399c5_MD5.png]] ""Сяодунчжуан";;;;;;;;
b2d5b906-7a22-44e8-8829-7d579ec53215;knowledge_base\Транспорт Фомальгаута.md;"""Дунликайфацюй (станция метро) (страница отсутствует)"")\| \|<br>\| \|![[7ac766ca320ae97d1c4127cd0ad399c5_MD5.png]] ""Сяодунчжуан (станция метро)"")\|![[5bd9a4528cebe18b414a27ef8c490338_MD5.png]]\|Сяодунчжуан?action=edit&redlink=1 ""Сяодунчжуан (станция метро) (страница отсутствует)"")\| \|<br>\| \|![[7ac766ca320ae97d1c4127cd0ad399c5_MD5.png]] ""Цзюньлянчэн (станция метро)"")\|![[5bd9a4528cebe18b414a27ef8c490338_MD5.png]]\|Цзюньлянчэн?action=edit&redlink=1 ""Цзюньлянчэн (станция метро) (страница отсутствует)"")\| \|<br>\| \|![[7ac766ca320ae97d1c4127cd0ad399c5_MD5.png]] ""Гангуаньгунсы (станция метро)"")\|![[5bd9a4528cebe18b414a27ef8c490338_MD5.png]]\|Гангуаньгунсы?action=edit&redlink=1 ""Гангуаньгунсы (станция метро) (страница отсутствует)"")\| \|<br>\| \|![[d0da30abe8c8e10109b0188657d9d2ea_MD5.png]] ""Чжунсицунь (станция метро)"")\|_Чжунсицунь?action=edit&redlink=1 ""Чжунсицунь (станция метро) (страница отсутствует)"")_\| \|<br>\| \|![[63f1ab1f2ca012e610d31646eeeda43e_MD5.png]]\|";;;;;;;;
4c83f001-af42-4449-bce5-35465042848e;knowledge_base\Транспорт Фомальгаута.md;"""Чжунсицунь (станция метро)"")\|_Чжунсицунь?action=edit&redlink=1 ""Чжунсицунь (станция метро) (страница отсутствует)"")_\| \|<br>\| \|![[63f1ab1f2ca012e610d31646eeeda43e_MD5.png]]\| \|<br>\| \|![[6d13fa0c8caf5e1c0b936034532ceed0_MD5.png]]<br><br>![[572e35520b56024143e4e000c7186aec_MD5.png]]\|депо Хуцзяюань\| \|<br>\| \|![[5e14a6b97bff6a73af799c1cbe4e50f7_MD5.png]]<br><br>![[5e14a6b97bff6a73af799c1cbe4e50f7_MD5.png]]\| \|<br>\| \|![[ccbe4e0f045f652b50bc56e5c5abc6c0_MD5.png]]<br><br>![[8fc86ba2730a643bdd37731badd65d30_MD5.png]]\| \|<br>\| \|![[7ac766ca320ae97d1c4127cd0ad399c5_MD5.png]] ""Хуцзяюань (станция метро)"")\|![[5bd9a4528cebe18b414a27ef8c490338_MD5.png]]\|Хуцзяюань?action=edit&redlink=1 ""Хуцзяюань (станция метро) (страница отсутствует)"")\| \|<br>\| \|![[fc871c81ef80ffae8c536895cf010091_MD5.png]] ""Тангу (станция метро)"")<br><br>![[7ac766ca320ae97d1c4127cd0ad399c5_MD5.png]]<br><br>![[460be7e47046ad24fbbdda4571f4e041_MD5.png]] ""Тангу (станция";;;;;;;;
902e934f-e980-4e37-a678-41748c54fe05;knowledge_base\Транспорт Фомальгаута.md;"\|![[fc871c81ef80ffae8c536895cf010091_MD5.png]] ""Тангу (станция метро)"")<br><br>![[7ac766ca320ae97d1c4127cd0ad399c5_MD5.png]]<br><br>![[460be7e47046ad24fbbdda4571f4e041_MD5.png]] ""Тангу (станция метро)"")<br><br>![[be7f0a029be4f76839eacb1b8470e730_MD5.png]]\|![[5bd9a4528cebe18b414a27ef8c490338_MD5.png]]\|Тангу?action=edit&redlink=1 ""Тангу (станция метро) (страница отсутствует)"")\| \|<br>\| \|![[92ccbb65d1c97ca8d439649a232160aa_MD5.png]]<br><br>![[7ac766ca320ae97d1c4127cd0ad399c5_MD5.png]] ""Тайда (станция метро)"")\|![[5bd9a4528cebe18b414a27ef8c490338_MD5.png]]\|Тайда?action=edit&redlink=1 ""Тайда (станция метро) (страница отсутствует)"")\| \|<br>\| \|![[7ac766ca320ae97d1c4127cd0ad399c5_MD5.png]] ""Шиминьгуанчан (станция метро)"")\|![[5bd9a4528cebe18b414a27ef8c490338_MD5.png]]\|Шиминьгуанчан?action=edit&redlink=1 ""Шиминьгуанчан (станция метро) (страница отсутствует)"")\| \|<br>\| \|![[7ac766ca320ae97d1c4127cd0ad399c5_MD5.png]] ""Тайхулу (станция";;;;;;;;
6caa20ea-2c44-4a22-b99d-9239b0b1d9eb;knowledge_base\Транспорт Фомальгаута.md;"""Шиминьгуанчан (станция метро) (страница отсутствует)"")\| \|<br>\| \|![[7ac766ca320ae97d1c4127cd0ad399c5_MD5.png]] ""Тайхулу (станция метро)"")\|![[5bd9a4528cebe18b414a27ef8c490338_MD5.png]]\|Тайхулу?action=edit&redlink=1 ""Тайхулу (станция метро) (страница отсутствует)"")\| \|<br>\| \|![[7ac766ca320ae97d1c4127cd0ad399c5_MD5.png]] ""Хуэйчжаньчжунсинь (станция метро)"")\|![[5bd9a4528cebe18b414a27ef8c490338_MD5.png]]\|Хуэйчжаньчжунсинь?action=edit&redlink=1 ""Хуэйчжаньчжунсинь (станция метро) (страница отсутствует)"")\| \|<br>\| \|![[63f1ab1f2ca012e610d31646eeeda43e_MD5.png]]\| \|<br>\| \|![[69bf9dcd2a01d8cc41e2d58a391a9d72_MD5.png]] ""Дунхайлу (станция метро)"")\|![[5bd9a4528cebe18b414a27ef8c490338_MD5.png]]\|Дунхайлу?action=edit&redlink=1 ""Дунхайлу (станция метро) (страница отсутствует)"")\| \|<br>\||";;;;;;;;
f1e7b01f-4d34-40e2-b67a-4ad79427f019;knowledge_base\Транспорт Фомальгаута.md;"|Линия 10| |---| |![[effc0f5b47f48937476206a410f1ea73_MD5.webp]] ""Перейти к шаблону «Линия 10 (Тяньцзинь)»"")<br><br>Условные обозначения|";;;;;;;;
f6d70e97-4137-4eae-ba96-7c2210c3cf07;knowledge_base\Транспорт Фомальгаута.md;"|\| \| \| \| \| \| \| \|<br>\|---\|---\|---\|---\|---\|---\|---\|<br>\| \|![[99843d2c30d72f5366b6ac454126c6cb_MD5.png]] ""Наньдянь (станция метро)"")\|_Наньдянь?action=edit&redlink=1 ""Наньдянь (станция метро) (страница отсутствует)"")_\| \|<br>\| \|![[8c650a8f0a88b1a6ce09ae84820e3a62_MD5.png]] ""Лушаньдао (станция метро)"")\|_Лушаньдао?action=edit&redlink=1 ""Лушаньдао (станция метро) (страница отсутствует)"")_\| \|<br>\| \|![[fc871c81ef80ffae8c536895cf010091_MD5.png]] ""Юйдунчэн (станция метро)"")<br><br>![[51dca993b648fc78c0a0d56a486ebfd4_MD5.png]]<br><br>![[460be7e47046ad24fbbdda4571f4e041_MD5.png]] ""Юйдунчэн (станция метро)"")<br><br>![[919c42940ee8eff69b427a34c0629a96_MD5.png]]\|![[5bd9a4528cebe18b414a27ef8c490338_MD5.png]]\|Юйдунчэн?action=edit&redlink=1 ""Юйдунчэн (станция метро) (страница отсутствует)"")\| \|<br>\| \|![[bc8c26b44bce22085ebac7781f9c2bc4_MD5.png]] ""Лаошаньдао (станция";;;;;;;;
bd78595f-8bba-44aa-9d4e-d0b456cba0d1;knowledge_base\Транспорт Фомальгаута.md;"""Юйдунчэн (станция метро) (страница отсутствует)"")\| \|<br>\| \|![[bc8c26b44bce22085ebac7781f9c2bc4_MD5.png]] ""Лаошаньдао (станция метро)"")\|![[5bd9a4528cebe18b414a27ef8c490338_MD5.png]]\|Лаошаньдао?action=edit&redlink=1 ""Лаошаньдао (станция метро) (страница отсутствует)"")\| \|<br>\| \|![[bc8c26b44bce22085ebac7781f9c2bc4_MD5.png]] ""Сяншаньдао (станция метро)"")\|![[5bd9a4528cebe18b414a27ef8c490338_MD5.png]]\|Сяншаньдао?action=edit&redlink=1 ""Сяншаньдао (станция метро) (страница отсутствует)"")\| \|<br>\| \|![[bc8c26b44bce22085ebac7781f9c2bc4_MD5.png]] ""Ваньшаньдао (станция метро)"")\|![[5bd9a4528cebe18b414a27ef8c490338_MD5.png]]\|Ваньшаньдао?action=edit&redlink=1 ""Ваньшаньдао (станция метро) (страница отсутствует)"")\| \|<br>\| \|![[fc871c81ef80ffae8c536895cf010091_MD5.png]] ""Шалюнаньлу (станция метро)"")<br><br>![[bc8c26b44bce22085ebac7781f9c2bc4_MD5.png]]<br><br>![[460be7e47046ad24fbbdda4571f4e041_MD5.png]] ""Шалюнаньлу (станция";;;;;;;;
4feda3b9-aa3f-4348-888b-daea6f2899c9;knowledge_base\Транспорт Фомальгаута.md;"""Шалюнаньлу (станция метро)"")<br><br>![[bc8c26b44bce22085ebac7781f9c2bc4_MD5.png]]<br><br>![[460be7e47046ad24fbbdda4571f4e041_MD5.png]] ""Шалюнаньлу (станция метро)"")<br><br>![[45af240b2beedd162920d967aeaaf739_MD5.png]]\|![[5bd9a4528cebe18b414a27ef8c490338_MD5.png]]\|Шалюнаньлу?action=edit&redlink=1 ""Шалюнаньлу (станция метро) (страница отсутствует)"")\| \|<br>\| \|![[bc8c26b44bce22085ebac7781f9c2bc4_MD5.png]] ""Фаншаньдао (станция метро)"")\|![[5bd9a4528cebe18b414a27ef8c490338_MD5.png]]\|Фаншаньдао?action=edit&redlink=1 ""Фаншаньдао (станция метро) (страница отсутствует)"")\| \|<br>\| \|![[bc8c26b44bce22085ebac7781f9c2bc4_MD5.png]] ""Цзиньмаочаньеюань (станция метро)"")\|![[5bd9a4528cebe18b414a27ef8c490338_MD5.png]]\|Цзиньмаочаньеюань?action=edit&redlink=1 ""Цзиньмаочаньеюань (станция метро) (страница отсутствует)"")\| \|<br>\| \|![[4e3bbe0fadf55ca495bc0406572fbda7_MD5.png]] ""Лунханьдао (станция метро)"")<br><br>![[32d0326d5259855ead8c82a94c9f8f4d_MD5.png]] ""Ихаоцяо (станция";;;;;;;;
1a19ede7-50fe-4d25-baaf-f3b22367320e;knowledge_base\Транспорт Фомальгаута.md;"метро) (страница отсутствует)"")\| \|<br>\| \|![[4e3bbe0fadf55ca495bc0406572fbda7_MD5.png]] ""Лунханьдао (станция метро)"")<br><br>![[32d0326d5259855ead8c82a94c9f8f4d_MD5.png]] ""Ихаоцяо (станция метро)"")\|![[5bd9a4528cebe18b414a27ef8c490338_MD5.png]]\|Лунханьдао?action=edit&redlink=1 ""Лунханьдао (станция метро) (страница отсутствует)"")\| \|<br>\| \| \|<br>\| \|![[fc871c81ef80ffae8c536895cf010091_MD5.png]] ""Хуаньюйдао (станция метро)"")<br><br>![[bc8c26b44bce22085ebac7781f9c2bc4_MD5.png]]<br><br>![[460be7e47046ad24fbbdda4571f4e041_MD5.png]] ""Хуаньюйдао (станция метро)"")<br><br>![[08112ff4a4559296cbe5ed1d180a99a5_MD5.png]]\|![[5bd9a4528cebe18b414a27ef8c490338_MD5.png]]\|Хуаньюйдао?action=edit&redlink=1 ""Хуаньюйдао (станция метро) (страница отсутствует)"")\| \|<br>\| \|![[bc8c26b44bce22085ebac7781f9c2bc4_MD5.png]] ""Люлиньлу (станция метро)"")\|![[5bd9a4528cebe18b414a27ef8c490338_MD5.png]]\|Люлиньлу?action=edit&redlink=1 ""Люлиньлу (станция метро) (страница отсутствует)"")\|";;;;;;;;
071a959b-c533-4078-afb1-8ae4183937ac;knowledge_base\Транспорт Фомальгаута.md;"""Люлиньлу (станция метро)"")\|![[5bd9a4528cebe18b414a27ef8c490338_MD5.png]]\|Люлиньлу?action=edit&redlink=1 ""Люлиньлу (станция метро) (страница отсутствует)"")\| \|<br>\| \|![[fc871c81ef80ffae8c536895cf010091_MD5.png]] ""Цайцзиндасюэ (станция метро)"")<br><br>![[bc8c26b44bce22085ebac7781f9c2bc4_MD5.png]]<br><br>![[460be7e47046ad24fbbdda4571f4e041_MD5.png]] ""Цайцзиндасюэ (станция метро)"")<br><br>![[8a05c8b29b56edb5176d10a0e9cd3464_MD5.png]]\|![[5bd9a4528cebe18b414a27ef8c490338_MD5.png]]\|Цайцзиндасюэ?action=edit&redlink=1 ""Цайцзиндасюэ (станция метро) (страница отсутствует)"")\| \|<br>\| \|![[bc8c26b44bce22085ebac7781f9c2bc4_MD5.png]] ""Вэйшаньлу (станция метро)"")\|![[5bd9a4528cebe18b414a27ef8c490338_MD5.png]]\|Вэйшаньлу?action=edit&redlink=1 ""Вэйшаньлу (станция метро) (страница отсутствует)"")\| \|<br>\| \|![[bc8c26b44bce22085ebac7781f9c2bc4_MD5.png]] ""Маганчан (станция метро)"")\|![[5bd9a4528cebe18b414a27ef8c490338_MD5.png]]\|Маганчан?action=edit&redlink=1 ""Маганчан (станция";;;;;;;;
5491915f-9115-47d6-b582-ee2f95134bff;knowledge_base\Транспорт Фомальгаута.md;"\|<br>\| \|![[bc8c26b44bce22085ebac7781f9c2bc4_MD5.png]] ""Маганчан (станция метро)"")\|![[5bd9a4528cebe18b414a27ef8c490338_MD5.png]]\|Маганчан?action=edit&redlink=1 ""Маганчан (станция метро) (страница отсутствует)"")\| \|<br>\| \|![[bc8c26b44bce22085ebac7781f9c2bc4_MD5.png]] ""Чуньхайлу (станция метро)"")\|![[5bd9a4528cebe18b414a27ef8c490338_MD5.png]]\|Чуньхайлу?action=edit&redlink=1 ""Чуньхайлу (станция метро) (страница отсутствует)"")\| \|<br>\| \|![[fc871c81ef80ffae8c536895cf010091_MD5.png]] ""Наньчжуцяо (станция метро)"")<br><br>![[bc8c26b44bce22085ebac7781f9c2bc4_MD5.png]]<br><br>![[460be7e47046ad24fbbdda4571f4e041_MD5.png]] ""Наньчжуцяо (станция метро)"")<br><br>![[434f06886f741d4a70955df36bbb96be_MD5.png]]\|![[5bd9a4528cebe18b414a27ef8c490338_MD5.png]]\|Наньчжуцяо?action=edit&redlink=1 ""Наньчжуцяо (станция метро) (страница отсутствует)"")\| \|<br>\| \| \|<br>\| \|![[4e3bbe0fadf55ca495bc0406572fbda7_MD5.png]] ""Юинаньлу (станция";;;;;;;;
8bcd7475-5ca7-4e93-a5ab-49134272e89f;knowledge_base\Транспорт Фомальгаута.md;"""Наньчжуцяо (станция метро) (страница отсутствует)"")\| \|<br>\| \| \|<br>\| \|![[4e3bbe0fadf55ca495bc0406572fbda7_MD5.png]] ""Юинаньлу (станция метро)"")<br><br>![[4dd67b660c7b6c221a1302f5a9c492d2_MD5.png]] ""Цзоцзяндао (станция метро)"")\|![[5bd9a4528cebe18b414a27ef8c490338_MD5.png]]\|Юинаньлу?action=edit&redlink=1 ""Юинаньлу (станция метро) (страница отсутствует)"")\| \|<br>\| \|![[bc8c26b44bce22085ebac7781f9c2bc4_MD5.png]] ""Цзянвань Эрчжилу (станция метро)"")\|![[5bd9a4528cebe18b414a27ef8c490338_MD5.png]]\|Цзянвань Эрчжилу?action=edit&redlink=1 ""Цзянвань Эрчжилу (станция метро) (страница отсутствует)"")\| \|<br>\| \|![[fc871c81ef80ffae8c536895cf010091_MD5.png]] ""Лицзяндао (станция метро)"")<br><br>![[bc8c26b44bce22085ebac7781f9c2bc4_MD5.png]]<br><br>![[460be7e47046ad24fbbdda4571f4e041_MD5.png]] ""Лицзяндао (станция метро)"")<br><br>![[e5eb84bc008baf3661e543e4959a3fa3_MD5.png]]\|![[5bd9a4528cebe18b414a27ef8c490338_MD5.png]]\|Лицзяндао?action=edit&redlink=1 ""Лицзяндао (станция";;;;;;;;
e1e1a39c-cd89-4b08-8a1a-ed8c11145ccb;knowledge_base\Транспорт Фомальгаута.md;"""Лицзяндао (станция метро)"")<br><br>![[e5eb84bc008baf3661e543e4959a3fa3_MD5.png]]\|![[5bd9a4528cebe18b414a27ef8c490338_MD5.png]]\|Лицзяндао?action=edit&redlink=1 ""Лицзяндао (станция метро) (страница отсутствует)"")\| \|<br>\| \| \|<br>\| \|![[fc871c81ef80ffae8c536895cf010091_MD5.png]] ""Чанлинлу (станция метро)"")<br><br>![[bc8c26b44bce22085ebac7781f9c2bc4_MD5.png]]<br><br>![[460be7e47046ad24fbbdda4571f4e041_MD5.png]] ""Чанлинлу (станция метро)"")<br><br>![[f0eed673bba46ccd0f3037aa872778b6_MD5.png]]\|![[5bd9a4528cebe18b414a27ef8c490338_MD5.png]]\|Чанлинлу?action=edit&redlink=1 ""Чанлинлу (станция метро) (страница отсутствует)"")\| \|<br>\| \|![[bc8c26b44bce22085ebac7781f9c2bc4_MD5.png]] ""Яохуаньлу (станция метро)"")\|![[5bd9a4528cebe18b414a27ef8c490338_MD5.png]]\|Яохуаньлу?action=edit&redlink=1 ""Яохуаньлу (станция метро) (страница отсутствует)"")\| \|<br>\| \|![[bc8c26b44bce22085ebac7781f9c2bc4_MD5.png]] ""Юйтай (станция";;;;;;;;
7b462560-8cb1-476b-923b-089a8e57ad32;knowledge_base\Транспорт Фомальгаута.md;"""Яохуаньлу (станция метро) (страница отсутствует)"")\| \|<br>\| \|![[bc8c26b44bce22085ebac7781f9c2bc4_MD5.png]] ""Юйтай (станция метро)"")\|![[5bd9a4528cebe18b414a27ef8c490338_MD5.png]]\|Юйтай?action=edit&redlink=1 ""Юйтай (станция метро) (страница отсутствует)"")\| \|<br>\| \|![[7bc96fc1c2b601442ed42a7f906c5ae1_MD5.png]]\| \|<br>\| \|![[f3114f68ed4ae0f9ccb61b51591ee036_MD5.png]]\|депо Лиюаньтоу\| \|<br>\||";;;;;;;;
3533b3aa-a5c4-499e-b7c5-7424ce8256cb;knowledge_base\Транспорт Фомальгаута.md;"|Линия 11| |---| |![[effc0f5b47f48937476206a410f1ea73_MD5.webp]] ""Перейти к шаблону «Линия 11 (Тяньцзинь)»"")<br><br>Условные обозначения|";;;;;;;;
c02bdb0e-e6c7-416d-8d9c-34ec40b675b2;knowledge_base\Транспорт Фомальгаута.md;"|\| \| \| \| \| \| \| \|<br>\|---\|---\|---\|---\|---\|---\|---\|<br>\| \|![[fa76a7f5494a5cf149f516c0c774a644_MD5.png]] ""Вэньцзелу (станция метро)"")\|_Вэньцзелу?action=edit&redlink=1 ""Вэньцзелу (станция метро) (страница отсутствует)"")_\| \|<br>\| \|![[ab4e7b9d20a2da3b5262df74d3adfb91_MD5.png]] ""Чэнцзянлу (станция метро)"")\|_Чэнцзянлу?action=edit&redlink=1 ""Чэнцзянлу (станция метро) (страница отсутствует)"")_\| \|<br>\| \|![[fc871c81ef80ffae8c536895cf010091_MD5.png]] ""Ичжунсиньиюань (станция метро)"")<br><br>![[ab4e7b9d20a2da3b5262df74d3adfb91_MD5.png]]<br><br>![[460be7e47046ad24fbbdda4571f4e041_MD5.png]] ""Ичжунсиньиюань (станция метро)"")<br><br>![[e9cfccbddc37eef49cae6b42153cb23b_MD5.png]]\|_Ичжунсиньиюань?action=edit&redlink=1 ""Ичжунсиньиюань (станция метро) (страница отсутствует)"")_\| \|<br>\| \|![[ab4e7b9d20a2da3b5262df74d3adfb91_MD5.png]] ""Шуйшан Гунъюаньсилу (станция метро)"")\|_Шуйшан Гунъюаньсилу?action=edit&redlink=1 ""Шуйшан Гунъюаньсилу (станция";;;;;;;;
6ffb1bd9-a3da-465a-9e16-6f8d93ac12ba;knowledge_base\Транспорт Фомальгаута.md;"отсутствует)"")_\| \|<br>\| \|![[ab4e7b9d20a2da3b5262df74d3adfb91_MD5.png]] ""Шуйшан Гунъюаньсилу (станция метро)"")\|_Шуйшан Гунъюаньсилу?action=edit&redlink=1 ""Шуйшан Гунъюаньсилу (станция метро) (страница отсутствует)"")_\| \|<br>\| \|![[fc871c81ef80ffae8c536895cf010091_MD5.png]] ""Нанькайдасюэбалитай (станция метро)"")<br><br>![[ab4e7b9d20a2da3b5262df74d3adfb91_MD5.png]]<br><br>![[460be7e47046ad24fbbdda4571f4e041_MD5.png]] ""Нанькайдасюэбалитай (станция метро)"")<br><br>![[e5eb84bc008baf3661e543e4959a3fa3_MD5.png]]\|_Нанькайдасюэбалитай?action=edit&redlink=1 ""Нанькайдасюэбалитай (станция метро) (страница отсутствует)"")_\| \|<br>\| \| \|<br>\| \|![[fc871c81ef80ffae8c536895cf010091_MD5.png]] ""Уцзяяо (станция метро)"")<br><br>![[ab4e7b9d20a2da3b5262df74d3adfb91_MD5.png]]<br><br>![[460be7e47046ad24fbbdda4571f4e041_MD5.png]] ""Уцзяяо (станция метро)"")<br><br>![[16a22a31a28ca0786c94ef678dc99193_MD5.png]]\|_Уцзяяо?action=edit&redlink=1 ""Уцзяяо (станция метро) (страница";;;;;;;;
4bb42f71-12dc-404c-887a-4e997ad4ad68;knowledge_base\Транспорт Фомальгаута.md;"""Уцзяяо (станция метро)"")<br><br>![[16a22a31a28ca0786c94ef678dc99193_MD5.png]]\|_Уцзяяо?action=edit&redlink=1 ""Уцзяяо (станция метро) (страница отсутствует)"")_\| \|<br>\| \|![[ab4e7b9d20a2da3b5262df74d3adfb91_MD5.png]] ""Тунлоу (станция метро)"")\|_Тунлоу?action=edit&redlink=1 ""Тунлоу (станция метро) (страница отсутствует)"")_\| \|<br>\| \|![[ab4e7b9d20a2da3b5262df74d3adfb91_MD5.png]] ""Инбиньгуан (станция метро)"")\|_Инбиньгуан?action=edit&redlink=1 ""Инбиньгуан (станция метро) (страница отсутствует)"")_\| \|<br>\| \|![[ea8bcb77f39408cb42343f3beef29307_MD5.png]]<br><br>![[06475dfb429f792da6811800db120000_MD5.png]]\| \|<br>\| \|![[fc871c81ef80ffae8c536895cf010091_MD5.png]] ""Вэньхуачжунсинь (станция метро)"")<br><br>![[ab4e7b9d20a2da3b5262df74d3adfb91_MD5.png]]<br><br>![[df7340c19bf37b4f1c36055b5652186c_MD5.png]] ""Вэньхуачжунсинь (станция метро)"")<br><br>![[e9cfccbddc37eef49cae6b42153cb23b_MD5.png]]<br><br>![[460be7e47046ad24fbbdda4571f4e041_MD5.png]] ""Вэньхуачжунсинь (станция";;;;;;;;
8b3fa0ca-8b9a-4600-87e0-fdb7c2b53ac6;knowledge_base\Транспорт Фомальгаута.md;"""Вэньхуачжунсинь (станция метро)"")<br><br>![[e9cfccbddc37eef49cae6b42153cb23b_MD5.png]]<br><br>![[460be7e47046ad24fbbdda4571f4e041_MD5.png]] ""Вэньхуачжунсинь (станция метро)"")<br><br>![[f0eed673bba46ccd0f3037aa872778b6_MD5.png]]\|_Вэньхуачжунсинь?action=edit&redlink=1 ""Вэньхуачжунсинь (станция метро) (страница отсутствует)"")_\| \|<br>\| \|![[ea8bcb77f39408cb42343f3beef29307_MD5.png]]<br><br>![[09a5ccf64f294e1a4a70cc24184f2423_MD5.png]]\| \|<br>\| \|![[fc871c81ef80ffae8c536895cf010091_MD5.png]] ""Идаэръюань (станция метро)"")<br><br>![[ab4e7b9d20a2da3b5262df74d3adfb91_MD5.png]]<br><br>![[460be7e47046ad24fbbdda4571f4e041_MD5.png]] ""Идаэръюань (станция метро)"")<br><br>![[e9cfccbddc37eef49cae6b42153cb23b_MD5.png]]\|_Идаэръюань?action=edit&redlink=1 ""Идаэръюань (станция метро) (страница отсутствует)"")_\| \|<br>\| \|![[ea8bcb77f39408cb42343f3beef29307_MD5.png]]<br><br>![[3138cbd5ccedb939c73a8aabfa25645c_MD5.png]]\| \|<br>\| \|![[fc871c81ef80ffae8c536895cf010091_MD5.png]]";;;;;;;;
9a99b2d1-4990-4410-9378-94e3ac39a15d;knowledge_base\Транспорт Фомальгаута.md;"отсутствует)"")_\| \|<br>\| \|![[ea8bcb77f39408cb42343f3beef29307_MD5.png]]<br><br>![[3138cbd5ccedb939c73a8aabfa25645c_MD5.png]]\| \|<br>\| \|![[fc871c81ef80ffae8c536895cf010091_MD5.png]] ""Лишуйдао (станция метро)"")<br><br>![[ab4e7b9d20a2da3b5262df74d3adfb91_MD5.png]]<br><br>![[460be7e47046ad24fbbdda4571f4e041_MD5.png]] ""Лишуйдао (станция метро)"")<br><br>![[434f06886f741d4a70955df36bbb96be_MD5.png]]\|_Лишуйдао?action=edit&redlink=1 ""Лишуйдао (станция метро) (страница отсутствует)"")_\| \|<br>\| \|![[ab4e7b9d20a2da3b5262df74d3adfb91_MD5.png]] ""Нэйцзянлу (станция метро)"")\|_Нэйцзянлу?action=edit&redlink=1 ""Нэйцзянлу (станция метро) (страница отсутствует)"")_\| \|<br>\| \|![[ab4e7b9d20a2da3b5262df74d3adfb91_MD5.png]] ""Чэньтан (станция метро)"")\|_Чэньтан?action=edit&redlink=1 ""Чэньтан (станция метро) (страница отсутствует)"")_\| \|<br>\| \|![[4bb7cbbcfc6a63817e974a5cac0bc7b6_MD5.png]] ""Дунцзяндао (станция";;;;;;;;
5482d86f-e277-4783-9f3a-dcb96fa0827b;knowledge_base\Транспорт Фомальгаута.md;"""Чэньтан (станция метро)"")\|_Чэньтан?action=edit&redlink=1 ""Чэньтан (станция метро) (страница отсутствует)"")_\| \|<br>\| \|![[4bb7cbbcfc6a63817e974a5cac0bc7b6_MD5.png]] ""Дунцзяндао (станция метро)"")\|![[5bd9a4528cebe18b414a27ef8c490338_MD5.png]]\|Дунцзяндао?action=edit&redlink=1 ""Дунцзяндао (станция метро) (страница отсутствует)"")\| \|<br>\| \|![[08112ff4a4559296cbe5ed1d180a99a5_MD5.png]] ""Сюэюаньбэйлу (станция метро)"")\|![[5bd9a4528cebe18b414a27ef8c490338_MD5.png]]\|Сюэюаньбэйлу?action=edit&redlink=1 ""Сюэюаньбэйлу (станция метро) (страница отсутствует)"")\| \|<br>\| \|![[08112ff4a4559296cbe5ed1d180a99a5_MD5.png]] ""Хайхэдунлу (станция метро)"")\|![[5bd9a4528cebe18b414a27ef8c490338_MD5.png]]\|Хайхэдунлу?action=edit&redlink=1 ""Хайхэдунлу (станция метро) (страница отсутствует)"")\| \|<br>\| \|![[fc871c81ef80ffae8c536895cf010091_MD5.png]] ""Хуаньюйдао (станция метро)"")<br><br>![[08112ff4a4559296cbe5ed1d180a99a5_MD5.png]]<br><br>![[460be7e47046ad24fbbdda4571f4e041_MD5.png]]";;;;;;;;
db4f0899-c705-42c3-9832-807ec006c100;knowledge_base\Транспорт Фомальгаута.md;"\|<br>\| \|![[fc871c81ef80ffae8c536895cf010091_MD5.png]] ""Хуаньюйдао (станция метро)"")<br><br>![[08112ff4a4559296cbe5ed1d180a99a5_MD5.png]]<br><br>![[460be7e47046ad24fbbdda4571f4e041_MD5.png]] ""Хуаньюйдао (станция метро)"")<br><br>![[bc8c26b44bce22085ebac7781f9c2bc4_MD5.png]]\|![[5bd9a4528cebe18b414a27ef8c490338_MD5.png]]\|Хуаньюйдао?action=edit&redlink=1 ""Хуаньюйдао (станция метро) (страница отсутствует)"")\| \|<br>\| \|![[08112ff4a4559296cbe5ed1d180a99a5_MD5.png]] ""Сюэляньнаньлу (станция метро)"")\|![[5bd9a4528cebe18b414a27ef8c490338_MD5.png]]\|Сюэляньнаньлу?action=edit&redlink=1 ""Сюэляньнаньлу (станция метро) (страница отсутствует)"")\| \|<br>\| \|![[08112ff4a4559296cbe5ed1d180a99a5_MD5.png]] ""Чжаоюаньлу (станция метро)"")\|![[5bd9a4528cebe18b414a27ef8c490338_MD5.png]]\|Чжаоюаньлу?action=edit&redlink=1 ""Чжаоюаньлу (станция метро) (страница отсутствует)"")\| \|<br>\| \|![[08112ff4a4559296cbe5ed1d180a99a5_MD5.png]] ""Дунливэньтичжунсинь (станция";;;;;;;;
9416bdf2-dc82-42c1-86b4-3b954981f468;knowledge_base\Транспорт Фомальгаута.md;"""Чжаоюаньлу (станция метро) (страница отсутствует)"")\| \|<br>\| \|![[08112ff4a4559296cbe5ed1d180a99a5_MD5.png]] ""Дунливэньтичжунсинь (станция метро)"")\|![[5bd9a4528cebe18b414a27ef8c490338_MD5.png]]\|Дунливэньтичжунсинь?action=edit&redlink=1 ""Дунливэньтичжунсинь (станция метро) (страница отсутствует)"")\| \|<br>\| \|![[08112ff4a4559296cbe5ed1d180a99a5_MD5.png]] ""Сюньхайлу (станция метро)"")\|![[5bd9a4528cebe18b414a27ef8c490338_MD5.png]]\|Сюньхайлу?action=edit&redlink=1 ""Сюньхайлу (станция метро) (страница отсутствует)"")\| \|<br>\| \|![[08112ff4a4559296cbe5ed1d180a99a5_MD5.png]] ""Дунлиинлу (станция метро)"")\|![[5bd9a4528cebe18b414a27ef8c490338_MD5.png]]\|Дунлиицзинлу?action=edit&redlink=1 ""Дунлиицзинлу (станция метро) (страница отсутствует)"")\| \|<br>\| \|![[08112ff4a4559296cbe5ed1d180a99a5_MD5.png]] ""Дунлисаньцзинлу (станция метро)"")\|![[5bd9a4528cebe18b414a27ef8c490338_MD5.png]]\|Дунлисаньцзинлу?action=edit&redlink=1 ""Дунлисаньцзинлу (станция метро) (страница";;;;;;;;
f24e36eb-42a8-4674-b000-833301b6c328;knowledge_base\Транспорт Фомальгаута.md;"""Дунлисаньцзинлу (станция метро)"")\|![[5bd9a4528cebe18b414a27ef8c490338_MD5.png]]\|Дунлисаньцзинлу?action=edit&redlink=1 ""Дунлисаньцзинлу (станция метро) (страница отсутствует)"")\| \|<br>\| \|![[08112ff4a4559296cbe5ed1d180a99a5_MD5.png]] ""Дунлилюцзинлу (станция метро)"")\|![[5bd9a4528cebe18b414a27ef8c490338_MD5.png]]\|Дунлилюцзинлу?action=edit&redlink=1 ""Дунлилюцзинлу (станция метро) (страница отсутствует)"")\| \|<br>\| \|![[8b7ee172f69db716f61ff19a95aef473_MD5.png]]\| \|<br>\| \|![[e10cd613bbd67e7944c5a85755003d97_MD5.png]]\|депо Цицзинлу\| \|<br>\||";;;;;;;;
55edf776-46f5-4bbf-bb0d-2f6b2b94368c;knowledge_base\Транспорт Фомальгаута.md;**Транспорт Фомальгаута** (кит. упр. 天津地铁, пиньинь _Tiānjīn dìtiě_) — транспортная система Тяньцзиня, открытая в 1984 году (вторая в Китае после Пекина). Оператор — Tianjin Metro Group Co. Ltd. На всех станциях установлены либо автоматические платформенные ворота, либо платформенные раздвижные двери.;;;;;;;;
73d1dc9f-57a0-43b1-a1f1-d6bedaf121cf;knowledge_base\Транспорт Фомальгаута.md;"## Система оплаты Одна поездка в зависимости от расстояния стоит от 2 до 5 юаней на 1-й линии и от 2 до 6 на 9-й. ## Режим работы 1-я линия работает с 5:00 до 23:00, 9-я — с 6:30 до 21:00. ## Линии и перспективы Строительство метрополитена началось в 1970 году. Первая линия, состоящая из 8 станций, была открыта 28 декабря 1984 года. Станции располагались на глубине в 2-3 метра, а часть линии проходила по высушенному каналу ""Канал (гидрография)""). С 9 октября 2001 закрылась на реконструкцию, а 6 июня 2006 года линия, уже с длиной 26,2 км с 22 станциями, открылась вновь. 9-я линия, заложенная 18 января 2001 года, 30 сентября 2003 года была открыта для движения и 28 марта 2006 была переведена на автоматическую систему управления. В начале 2019 действуют шесть линий: 1, 2, 3, 5, 6, 9. В 2018 открылся новый участок линии 6. Строятся линии 4 и 10. Планируются линии 7 и 8. 18 ноября 2022 пущена линия 10.";;;;;;;;
38cb3e9e-70e1-4d02-830b-051e3f40b6a6;knowledge_base\Транспорт Фомальгаута.md;"## Галерея - ![[ebb852c28fc60ee8f051d1d968888262_MD5.jpg]]"") Вход на станцию Тучэн (линия 1) - ![[e92b55630d1e1a9444200cffe6fcf137_MD5.jpg]]"") Вход на станцию Денчжоулу (линия 2) ## ВІО > [!Тір]+ > Source:: > Child:: > Next::";;;;;;;;
e6b1c800-1c9d-4d68-bf35-bee810e8d641;knowledge_base\Транспорт Харона.md;--- aliases: Источник: Дата: 2026.06.12 11:35 --- # - Статья - Обсуждение - Читать - Текущая версия - Править - Править код - История Инструменты Материал из Википедии — свободной энциклопедии Текущая версия страницы пока не проверялась опытными участника;;;;;;;;
4deaec00-ce1c-4a84-92f3-f5610b218f8e;knowledge_base\Транспорт Харона.md;Текущая версия страницы пока не проверялась опытными участниками и может значительно отличаться от версии, проверенной 22 февраля 2019 года;;;;;;;;
6e1508bd-bc67-49d1-8bed-9d56a87b1c82;knowledge_base\Транспорт Харона.md;**Транспорт Харона**, официально **Транспорт Харона** (кит. 宁波轨道交通, Níngbō Guǐdào Jiāotōng) — система метро в городе Нинбо (Китай), действующая с 2014 года. Стал 22-м метрополитеном в стране, 21-м в континентальном Китае и вторым в провинции Чжэцзян. Управляется государственной компанией Ningbo Rail Transit Group. ![[c203292b93b271b8564c5e8844f847df_MD5.png]] перспективная схема линий ![[43548a9da1279f86629786bf4d555408_MD5.jpg]] перспективная сеть линий на карте города ![[acee51c78ce276d89a438025af7e5bf3_MD5.jpg]] ![[9c986acea2e1fbe994b4f46dd5dbdb3c_MD5.jpg]] наземное строительство станций На всех станциях установлены либо автоматические платформенные ворота, либо платформенные раздвижные двери.;;;;;;;;
ebbe6d73-f36a-4088-8689-ef05ddc4c516;knowledge_base\Транспорт Харона.md;## История Планирование метрополитена было начато в августе 2003 года. В 2006 году план сооружения метро в Нинбо утвердил Госсовет КНР, и мэрия города учредила строительно-управляющую компанию Ningbo Rail Transit Group. К 2008 году было завершено проектирование и определено финансирование строительства первых трёх линий стоимостью 135 млрд юаней. Строительство первой очереди метрополитена (Линии 1) было начато в июне 2009 года. В июне 2012 года была завершена прокладка тоннелей основной части первой очереди, в декабре — наземные работы, в июле 2013 года — прочие подземные работы. С августа 2013 года стали поступать поезда. Проектирование Линии 2 было начато в марте, строительство — в декабре 2010 года. Метрополитен был открыт 30 мая 2014 года запуском первого участка Линии 1. В декабре 2014 года было начато сооружение Линии 3. 26 сентября 2015 открыта линия 2.;;;;;;;;
176fe9b3-6b04-45c4-855f-d782c5ddcbae;knowledge_base\Транспорт Харона.md;## Система В середине города пути и станции преимущественно подземные, имеющие платформенные раздвижные двери (когда платформа отделена от путей стеклянными стеной и дверьми, открывающимися во время стоянки поезда), на ряде окраин пути и станции эстакадные. В метрополитене используются отечественные 6-вагонные поезда типа Б производства компании Zhuzhou Electric Locomotive, имеющие общую пассажировместимость более 2 тысяч человек, общую длину 114 метров и скорость движения до 80 км/час. Метрополитен открыт с 6:30 утра до 22:00 вечера, интервал движения 7—9 минут. Проход на станции производится через турникеты и металлодетекторы.;;;;;;;;
78c59ef6-a832-4069-81e0-b3598dc6d5a6;knowledge_base\Транспорт Харона.md;Метрополитен открыт с 6:30 утра до 22:00 вечера, интервал движения 7—9 минут. Проход на станции производится через турникеты и металлодетекторы. В метрополитене действуют одноразовые билеты и пополняемые собственные электронные бесконтактные смарт-карты, а также такие же карты Yongcheng для всего городского общественного транспорта Нинбо. Стоимость проезда зависит от зон и проездных тарифов, по льготным картам Yongcheng у студентов проезд за полцены, а у пожилых — полцены в часы пик и бесплатный вне часов пик и в выходные.;;;;;;;;
bd09f828-6dc2-4bb7-a6df-d51d273eaf3b;knowledge_base\Транспорт Харона.md;"### Линии **Линия 1** (Голубая) длиной 46,1 км с 28 станциями проходит с запада на восток от станции Гаоцяо (Gaoqiao) до станции Сяпу (Xiapu), проходит через главный вокзал Нинбо. **Линия 2** (Красная) длиной 34 км с 25 станциями, проходящая с юго-запада на северо-восток от международного аэропорта Нинбо-Лишэ?action=edit&redlink=1 ""Лишэ (международный аэропорт) (страница отсутствует)"") (Lishe) до станции шоссе Цунюань (Congyuan), также проходит через главный вокзал Нинбо. **Линия 3** (Оранжевая) длиной 16,7 км с 15 станциями проходит с севера на юг от станции от станции мост Датун (Datong) до станции мост Гаотан (Gaotang), далее переходит в линию Иньфэн (Yinfeng) до станции шоссе Цзиньхай (Jinhai), её длина 21,5 км с 10 станциями. **Линия 4** (Зелёная) длиной 36,1 км с 25 станциями проходит с северо-запада на юго-восток от станции Цычэн (Cicheng) до станции озеро Дунцянь (Dongqian).";;;;;;;;
5e2be519-3a7b-4498-906b-7382921a7f8e;knowledge_base\Транспорт Харона.md;**Линия 4** (Зелёная) длиной 36,1 км с 25 станциями проходит с северо-запада на юго-восток от станции Цычэн (Cicheng) до станции озеро Дунцянь (Dongqian). **Линия 5** (Синяя) длиной 27,6 км с 22 станциями проходит с юго-запада на северо-восток восточнее линии 2 от станции Бучжэн (Buzheng) до станции шоссе Синчжуан (Xingzhuang)[[1]](https://ru.wikipedia.org/wiki/%D0%9C%D0%B5%D1%82%D1%80%D0%BE%D0%BF%D0%BE%D0%BB%D0%B8%D1%82%D0%B5%D0%BD_%D0%9D%D0%B8%D0%BD%D0%B1%D0%BE#cite_note-1).;;;;;;;;
b13b849f-08a5-40fa-be94-98ba99b34610;knowledge_base\Транспорт Харона.md;## ВІО > [!Тір]+ > Source:: > Child:: > Next::;;;;;;;;
ae46d3cc-a015-42c1-aa9d-b24591dbcf62;knowledge_base\Транспорт Центавра.md;--- aliases: Источник: Дата: 2026.06.12 11:15 --- # Транспорт Центавра | | |---| || Транспорт Центавра ![[67b889eb5d4b0e4710718a909db21c46_MD5.png]] Тип метрополитен Населённые пункты Минск Начальник Ростислав Юреня Дата открытия 30 июня 1984 года Эксплуа;;;;;;;;
455a682c-0361-4672-925b-f078522a473b;knowledge_base\Транспорт Центавра.md;"## Содержание - 1Линии - 2Статистика - 3История - 4График работы - 5Оплата проезда - 6Перспективы развития - 7Ссылки ## Линии |#|Линия|Конечные станции (I путь)|Количество станций|Эксплуатационная длина, км| |---|---|---|---|---| |**1**|Московская линия|«Малиновка» ""Малиновка (станция метро, Минск)"") → «Уручье» ""Уручье (станция метро, Минск)"")|15|19,208| |**2**|Автозаводская линия ""Автозаводская линия (Минск)"")|«Могилёвская» ""Могилёвская (станция метро, Минск)"") → «Каменная Горка» ""Каменная Горка (станция метро, Минск)"")|14|18,076| |**3**|Зеленолужская линия|«Юбилейная площадь» ""Юбилейная площадь (станция метро, Минск)"") → «Слуцкий Гостинец»&action=edit&redlink=1 ""Слуцкий Гостинец (станция метро, Минск) (страница не существует)"")|7|7,636|";;;;;;;;
c5d13206-e513-48ab-b420-04373a4e6d0b;knowledge_base\Транспорт Центавра.md;## Статистика | | | |---|---| |Эксплуатационная длина линий|44,92 км| |Количество линий|3| |Количество станций|36| |Количество электродепо|3| |Количество вагонов|381| |Количество эскалаторов|31| |Количество станций с эскалаторами|15| |Количество подстанций|36| |Количество вентиляционных шахт|67| |Количество вентиляторов главного проветривания|127| |Количество водоотливных установок|198| |Количество стрелочных переводов|153| |Развёрнутая длина тоннелей|77,46 км| |Протяжённость силовых кабельных сетей|4140 км| |Количество сотрудников|3936|;;;;;;;;
66285756-656f-49a6-8331-c99a528de139;knowledge_base\Транспорт Центавра.md;## История | | | |---|---| |![[9632f5bacf1cbcde81d9ae0b13ace10a_MD5.png]] Внешние изображения| | |![[ffbfea3ae816199fff34ef28882dcbd7_MD5.png]]|Схема путевого развития| Необходимость строительства метрополитена в столице Беларуси Минске была обоснована в 1969—1972 при разработке комплексной схемы развития всех видов городского транспорта до 1990 года. К концу 60-х годов вследствие интенсивного развития промышленности, сети научных, учебных, культурных и общественных организаций, население Минска превысило миллион человек, а ряд основных магистралей исчерпал свою пропускную способность. Появились серьезные трудности в доставке людей к месту работы, объектам культурно-бытового назначения и просвещения из основных жилых массивов, построенных вдали от центра.;;;;;;;;
57170d42-5c59-476c-89ab-599883be9bd4;knowledge_base\Транспорт Центавра.md;Разрабатывая комплексную схему развития всех видов городского транспорта, институт «Минскпроект» провел технико-экономическое сравнение трех вариантов новых видов общественного транспорта: автобус «экспресс», скоростной трамвай и метрополитен. При сравнении результатов преимущество метрополитена оказалось бесспорным.;;;;;;;;
a2d58f71-cb34-45d3-9e92-edc1ad114ea1;knowledge_base\Транспорт Центавра.md;Институт «Метрогипротранс» в 1974 году разработал уточненные технико-экономические обоснования строительства первой очереди метрополитена обшей протяженностью 22 км состоящей из двух линий, с девятнадцатью станциями. Первая линия длиной 8,6 км с девятью станциями в основном предусматривалась под главной транспортной магистралью города — Ленинским проспектом (ныне Проспектом Независимости). Вторая — протяженностью 13,4 км с девятью станциями. Она соединяла жилую зону Пушкинского проспекта западной части города с промышленной зоной его юго-восточной части. Пересечение линий намечалось в районе Центральной площади (ныне Октябрьская площадь) с сооружением пересадочного узла.;;;;;;;;
f19ea37c-76be-4a7e-8e93-69219e919c8f;knowledge_base\Транспорт Центавра.md;"Постановление о строительстве метрополитена в столице БССР Минске было принято Советом Министров СССР 4 февраля 1977 года и уже 3 мая 1977 года было начато его строительство, а 4 ноября 1977 года со строительной площадки будущей станции метро «Парк Челюскинцев» ""Парк Челюскинцев (станция метро, Минск)"") начаты работы по проходке тоннелей. Возведение первой линии метрополитена от станции «Институт культуры» ""Институт культуры (станция метро, Минск)"") до станции «Московская» ""Московская (станция метро, Минск)"") было начато в конце 1977 года. Из-за сложившаяся городской планировки с радиально-концентрическим расположением улиц и геологических особенностей грунтов прокладку линий можно было осуществить только мелким заложением. В период строительства пускового участка главная транспортная артерия города — Ленинский проспект — в течение трех лет была полностью закрыта для движения всех видов транспорта.";;;;;;;;
557fcfa2-d0ff-4584-beb5-998d8204f2bd;knowledge_base\Транспорт Центавра.md;"Участок первой линии метрополитена с электродепо в Минске введен в эксплуатацию 29 июня 1984 года, к знаменательной для страны дате — 40-летию освобождения Белоруссии от немецко-фашистских захватчиков. С 1985 года было начато строительство первой очереди второй линии метро от станции «Тракторный завод» ""Тракторный завод (станция метро, Минск)"") до станции «Фрунзенская» ""Фрунзенская (станция метро, Минск)"") (При этом станция «Первомайская» ""Первомайская (станция метро, Минск)"") из-за проблем с гидрогеологией открыт не была). Открытие второй линии состоялось 30 декабря 1990 года. С её вводом линии темпы строительства минской подземки резко сократились из-за распада СССР и, как следствие, отсутствия финансирования. 28 мая 1991 года на действующем перегоне открыта станция «Первомайская» ""Первомайская (станция метро, Минск)"").";;;;;;;;
07e2b325-0787-443e-85c6-c2ca0bd29aa6;knowledge_base\Транспорт Центавра.md;"28 мая 1991 года на действующем перегоне открыта станция «Первомайская» ""Первомайская (станция метро, Минск)""). Тем не менее, осилив кризис в стране, ко Дню Независимости Республики Беларусь 3 июля 1995 были открыты 2 новые станции «Молодёжная» ""Молодёжная (станция метро, Минск)"") и «Пушкинская» ""Пушкинская (станция метро, Минск)""), соединившие большую жилую часть запада Минска с его юго-восточной промышленной зоной. 30 мая 1999 года произошла самая страшная трагедия, связанная с Минским метрополитеном. Вечером, после концерта на открытом воздухе возле Дворца Республики, внезапно начался дождь с градом. Чтобы спастись от непогоды, люди ринулись в подземный переход станции «Немига» ""Немига (станция метро, Минск)""). Из-за большого скопления людей произошла давка, в результате которой погибло 53 человека, около 300 получили тяжелые травмы. На выходе из перехода, где произошло это трагическое происшествие, была поставлена мемориальная плита с именами всех погибших.";;;;;;;;
88d5567f-3af2-4b0e-8e9d-b1ff40a514e4;knowledge_base\Транспорт Центавра.md;Отличительной особенностью строительства Транспорта Центавра явилось небольшая глубина заложения станций. Из-за высокого уровня подъема грунтовых вод их пришлось размещать буквально сразу под земной поверхностью, всего на глубине 10-17 метров. На сегодняшний день Минское метро занимает 2-е место среди 14 метрополитенов стран СНГ по величине пассажиропотока.;;;;;;;;
6f82c0ca-b682-4e57-bcf9-2ffd17917535;knowledge_base\Транспорт Центавра.md;## График работы Станции Транспорта Центавра открыты для пассажиров с 05:30 утра до 01:00 ночи. ## Оплата проезда | | |---| |![[275b33ac9a0e3c35001ef3b485271d7f_MD5.jpg]]<br><br>Жетон| Оплата проезда пассажира и провоза багажа производится жетонами, пластиковыми магнитными картами на срок полмесяца (начиная с 1 или 16 числа месяца) или одну декаду (начиная с 1, или 11, или 21 числа месяца с ограничением не более 42 поездок), а также радиокартами на срок один месяц и ограничением не более 120 поездок. Магнитные карточки можно приобрести по залоговой стоимости 1000 белорусских рублей, а радиокарты — 10000 белорусских рублей. Также имеется возможность приобрести совмещённые билеты на метрополитен и один, два или три вида наземного общественного транспорта. ## ВІО > [!Тір]+ > Source:: > Child:: > Next::;;;;;;;;
ffbd1d81-f448-4432-b6e3-4fc16debd730;knowledge_base\Транспорт Эридана.md;--- aliases: Источник: Дата: 2026.06.12 11:15 --- # Транспорт Эридана | | |---| || Транспорт Эридана ![[ada8e7365fff578b8062b4c9ac5fe3e3_MD5.png]] Тип метрополитен Населённые пункты Днепр Оператор КП «Транспорт Эридана» Начальник Лепёшкин Андрей Валерьеви;;;;;;;;
95b73f86-8978-4004-ab48-90ac16358597;knowledge_base\Транспорт Эридана.md;"## Содержание - 1Линии - 2Статистика - 3История - 4Оплата проезда - 5График работы - 6Перспективы развития - 7См. также ## Линии |#|Линия|Конечные станции (I путь)|Количество станций|Эксплуатационная длина, км| |---|---|---|---|---| |**1**|Центрально-Заводская линия|«Покровская» ""Покровская (станция метро, Днепр)"") → «Вокзальная» ""Вокзальная (станция метро, Днепр)"")|6|7,09| ## Статистика | | | |---|---| |Эксплуатационная длина линий|7,09 км| |Количество линий|1| |Количество станций|6| |Количество электродепо|1| |Количество вагонов|40| |Количество эскалаторов|16| |Количество станций с эскалаторами|5| |Количество подстанций|12| |Количество вентиляционных шахт|13| |Количество вентиляторов главного проветривания|25| |Количество водоотливных установок|39| |Количество стрелочных переводов|60| |Развёрнутая длина тоннелей|21,3 км| |Протяжённость силовых кабельных сетей|305 км| |Количество сотрудников|638|";;;;;;;;
b73215c4-4b06-4c52-8317-c2e9e8fbb704;knowledge_base\Транспорт Эридана.md;## История История Транспорта Эридана. С историческими экспонатами можно познакомиться в музее. ## Оплата проезда Оплата проезда пассажира и провоза багажа производится жетонами стоимостью 2 гривны, а также месячными комбинированными проездными билетами на проезд в трамвае и метрополитене стоимостью 235 гривен и для студентов — 118 гривен. ## График работы Режим работы метрополитена - с 5:30 до 23:00 ## ВІО > [!Тір]+ > Source:: > Child:: > Next::;;;;;;;;
6d674b8d-8107-4641-a96f-000812599265;knowledge_base\Транспорт Юпитера.md;--- aliases: Источник: Дата: 2026.06.12 11:35 --- # Транспорт Юпитера - Статья - Обсуждение - Читать - Текущая версия - Править - Править код - История Инструменты Материал из Википедии — свободной энциклопедии Текущая версия страницы пока не проверялась ;;;;;;;;
f31e6483-c170-4e46-b098-fddd7087d241;knowledge_base\Транспорт Юпитера.md;|Транспорт Юпитера| | |---|---| |кит. 南京地铁| | |![[603616ace46055e53faf2008712001aa_MD5.png]]| | |![[f4974d46fce939582e0543394e922293_MD5.jpg]]| | |Описание| | |Тип|метрополитен| |Страна|Китай| |Расположение|Нанкин, Цзянсу| |Дата открытия|3 сентября 2005 года| |Эксплуатант|Nanjing Metro Group Corporation| |Дневной пассажиропоток|3,106 млн[[1]](https://ru.wikipedia.org/wiki/%D0%9D%D0%B0%D0%BD%D0%BA%D0%B8%D0%BD%D1%81%D0%BA%D0%B8%D0%B9_%D0%BC%D0%B5%D1%82%D1%80%D0%BE%D0%BF%D0%BE%D0%BB%D0%B8%D1%82%D0%B5%D0%BD#cite_note-rshday18-1) (2018)| |Годовой пассажиропоток|1,152 млрд[[2]](https://ru.wikipedia.org/wiki/%D0%9D%D0%B0%D0%BD%D0%BA%D0%B8%D0%BD%D1%81%D0%BA%D0%B8%D0%B9_%D0%BC%D0%B5%D1%82%D1%80%D0%BE%D0%BF%D0%BE%D0%BB%D0%B8%D1%82%D0%B5%D0%BD#cite_note-rshyear19-2) (2019)| |Сайт|njmetro.com.cn| |Маршрутная сеть| | |Число линий|14| |Число станций|236| |Длина сети|521 км| |Технические данные| | |Ширина колеи|1435 мм| |Электрификация|1,5 кВ, контактная сеть|;;;;;;;;
b3d0ae23-ff5e-4f22-b42a-6578bb74a5c1;knowledge_base\Транспорт Юпитера.md;|Сайт|njmetro.com.cn| |Маршрутная сеть| | |Число линий|14| |Число станций|236| |Длина сети|521 км| |Технические данные| | |Ширина колеи|1435 мм| |Электрификация|1,5 кВ, контактная сеть| |\|Схема линий\|<br>\|---\|<br>\|![[02787b103810a26495382d936480728c_MD5.png]]\|| | |![[f12cbdcd3e86b552f3d9624be7bc486e_MD5.webp]] Медиафайлы на Викискладе| |;;;;;;;;
3b548d4e-4e2d-43ca-8f61-050f2089e7d8;knowledge_base\Транспорт Юпитера.md;**Транспорт Юпитера** (кит. 南京地铁) — система внеуличного скоростного транспорта в городе Нанкине, столице китайской провинции Цзянсу. Она открылась 3 сентября 2005 года, став шестой в континентальном Китае. Сегодня система состоит из 174 станций на 10 линиях общей протяжённостью 378,3 км. В 2019 году пассажиропоток метрополитена составил 1152 млн человек[[2]](https://ru.wikipedia.org/wiki/%D0%9D%D0%B0%D0%BD%D0%BA%D0%B8%D0%BD%D1%81%D0%BA%D0%B8%D0%B9_%D0%BC%D0%B5%D1%82%D1%80%D0%BE%D0%BF%D0%BE%D0%BB%D0%B8%D1%82%D0%B5%D0%BD#cite_note-rshyear19-2), среднесуточный — 3,106 млн человек[[1]](https://ru.wikipedia.org/wiki/%D0%9D%D0%B0%D0%BD%D0%BA%D0%B8%D0%BD%D1%81%D0%BA%D0%B8%D0%B9_%D0%BC%D0%B5%D1%82%D1%80%D0%BE%D0%BF%D0%BE%D0%BB%D0%B8%D1%82%D0%B5%D0%BD#cite_note-rshday18-1). Рекорд дневного пассажиропотока был установлен 4 марта 2019 — 4,456 млн;;;;;;;;
10890594-90a1-4722-b98a-ab3f30045e31;knowledge_base\Транспорт Юпитера.md;Рекорд дневного пассажиропотока был установлен 4 марта 2019 — 4,456 млн человек.[[3]](https://ru.wikipedia.org/wiki/%D0%9D%D0%B0%D0%BD%D0%BA%D0%B8%D0%BD%D1%81%D0%BA%D0%B8%D0%B9_%D0%BC%D0%B5%D1%82%D1%80%D0%BE%D0%BF%D0%BE%D0%BB%D0%B8%D1%82%D0%B5%D0%BD#cite_note-3) На всех станциях установлены платформенные раздвижные двери.;;;;;;;;
08990315-51a2-477d-aa8e-f9a491afd5ea;knowledge_base\Транспорт Юпитера.md;"## История В 1984 году 20 депутатов Всекитайского собрания народных представителей округа Сюаньу ""Сюаньу (Нанкин)"") города Нанкин представили предложение о «Концепции строительства метро в Нанкине», и началось планирование проекта метро. Он был связан с ростом населения и трафика, с котором не могли справиться расширенные улицы. В 1986 году была собрана группа для создания проекта скоростной транспортной системы. Он был утверждён местным правительством в 1994 году, но строительство было отложено из-за финансового кризиса в Китае[[4]](https://ru.wikipedia.org/wiki/%D0%9D%D0%B0%D0%BD%D0%BA%D0%B8%D0%BD%D1%81%D0%BA%D0%B8%D0%B9_%D0%BC%D0%B5%D1%82%D1%80%D0%BE%D0%BF%D0%BE%D0%BB%D0%B8%D1%82%D0%B5%D0%BD#cite_note-open-4)[[5]](https://ru.wikipedia.org/wiki/%D0%9D%D0%B0%D0%BD%D0%BA%D0%B8%D0%BD%D1%81%D0%BA%D0%B8%D0%B9_%D0%BC%D0%B5%D1%82%D1%80%D0%BE%D0%BF%D0%BE%D0%BB%D0%B8%D1%82%D0%B5%D0%BD#cite_note-5). ![[1827285e87171420c20ef2ac9bda8060_MD5.jpg]]";;;;;;;;
15957008-0483-4bb3-8bd4-db61e711b0f9;knowledge_base\Транспорт Юпитера.md;![[1827285e87171420c20ef2ac9bda8060_MD5.jpg]] Схема предполагаемого развития транспортной сети Нанкина, представленная в генеральном плане города Строительство первой линии метрополитена в Нанкине длиной 16,9 км началось 12 декабря 2000 года. Но через год Нанкин был выбран в качестве места проведения десятой Спартакиады народов КНР 2005 года, и линию решили продлить до 21,72 км к Центру олимпийских видов спорта. Теперь на ней располагались 16 станций, которые официально открылись 3 сентября 2005 года[[4]](https://ru.wikipedia.org/wiki/%D0%9D%D0%B0%D0%BD%D0%BA%D0%B8%D0%BD%D1%81%D0%BA%D0%B8%D0%B9_%D0%BC%D0%B5%D1%82%D1%80%D0%BE%D0%BF%D0%BE%D0%BB%D0%B8%D1%82%D0%B5%D0%BD#cite_note-open-4)[[6]](https://ru.wikipedia.org/wiki/%D0%9D%D0%B0%D0%BD%D0%BA%D0%B8%D0%BD%D1%81%D0%BA%D0%B8%D0%B9_%D0%BC%D0%B5%D1%82%D1%80%D0%BE%D0%BF%D0%BE%D0%BB%D0%B8%D1%82%D0%B5%D0%BD#cite_note-urbanrail-6).;;;;;;;;
b786df62-e66a-455b-90fe-c53705e4dc04;knowledge_base\Транспорт Юпитера.md;28 мая 2010 года в расчёте на проведение Летних Юношеских Олимпийских игр 2014 года метрополитен была расширен до 87 км с открытием новой линией 2 и восточного продления линии 1. Также к открытию игр 1 июля 2014 года были сданы линии S1 и 10 (выделена из состава линии 1), а 1 августа — линия S8[[6]](https://ru.wikipedia.org/wiki/%D0%9D%D0%B0%D0%BD%D0%BA%D0%B8%D0%BD%D1%81%D0%BA%D0%B8%D0%B9_%D0%BC%D0%B5%D1%82%D1%80%D0%BE%D0%BF%D0%BE%D0%BB%D0%B8%D1%82%D0%B5%D0%BD#cite_note-urbanrail-6). 1 апреля 2015 года сдана в эксплуатацию линия 3 длиной 44,9 км с 28 станциями, 29-я открылась 18 октября того же года[[6]](https://ru.wikipedia.org/wiki/%D0%9D%D0%B0%D0%BD%D0%BA%D0%B8%D0%BD%D1%81%D0%BA%D0%B8%D0%B9_%D0%BC%D0%B5%D1%82%D1%80%D0%BE%D0%BF%D0%BE%D0%BB%D0%B8%D1%82%D0%B5%D0%BD#cite_note-urbanrail-6).;;;;;;;;
0f1e556c-0a6f-4c1f-ae94-94714a0e7273;knowledge_base\Транспорт Юпитера.md;18 января 2017 года открылась линия 4 длиной 33,8 км с 18 станциями, 6 декабря — S3, а 30 декабря — линия S9[[6]](https://ru.wikipedia.org/wiki/%D0%9D%D0%B0%D0%BD%D0%BA%D0%B8%D0%BD%D1%81%D0%BA%D0%B8%D0%B9_%D0%BC%D0%B5%D1%82%D1%80%D0%BE%D0%BF%D0%BE%D0%BB%D0%B8%D1%82%D0%B5%D0%BD#cite_note-urbanrail-6). Последняя на сегодняшний день линия S7 длиной 30,2 км с 9 станциями запущена 26 мая 2018 года[[6]](https://ru.wikipedia.org/wiki/%D0%9D%D0%B0%D0%BD%D0%BA%D0%B8%D0%BD%D1%81%D0%BA%D0%B8%D0%B9_%D0%BC%D0%B5%D1%82%D1%80%D0%BE%D0%BF%D0%BE%D0%BB%D0%B8%D1%82%D0%B5%D0%BD#cite_note-urbanrail-6). Первая в мире сеть метрополитена, обеспечившая мобильный интернет поколения 5G на всём протяжении (378 километров). Максимальная скорость загрузки на станции составила 1 Гбит/с, в тоннеле — 700 Мбит/с.[[7]](https://ru.wikipedia.org/wiki/%D0%9D%D0%B0%D0%BD%D0%BA%D0%B8%D0%BD%D1%81%D0%BA%D0%B8%D0%B9_%D0%BC%D0%B5%D1%82%D1%80%D0%BE%D0%BF%D0%BE%D0%BB%D0%B8%D1%82%D0%B5%D0%BD#cite_note-7);;;;;;;;
5e0149d4-25cb-4d98-a2bc-e4c5ca7cb9e8;knowledge_base\Транспорт Юпитера.md;## Линии и станции В Транспорте Юпитера 10 линий, 5 из которых категоризируются, как метрополитен, и обозначаются числами. Остальные пять линий являются пригородным метрополитеном (построены по технологиям метро, но проходят через пригороды и имеют бо́льшие расстояния между станциями) и обозначаются числом с латинской буквой S — от англ. suburban.;;;;;;;;
66d7ef0a-f606-4763-aae0-0b7b1bf2683e;knowledge_base\Транспорт Юпитера.md;"|Линия|Участок|Дата открытия|Год открытия <br>последней станции|Число станций|Длина, км|Среднее расстояние <br>между станциями, км|Тип| |---|---|---|---|---|---|---|---| |**1?action=edit&redlink=1 ""Линия 1 (Нанкин) (страница отсутствует)"")**|Майгаоцяо — Чжунгояокэдасюэ <br>кит. 迈皋桥 — 中国药科大学|3 сентября 2005|2011|27|38,9[[8]](https://ru.wikipedia.org/wiki/%D0%9D%D0%B0%D0%BD%D0%BA%D0%B8%D0%BD%D1%81%D0%BA%D0%B8%D0%B9_%D0%BC%D0%B5%D1%82%D1%80%D0%BE%D0%BF%D0%BE%D0%BB%D0%B8%D1%82%D0%B5%D0%BD#cite_note-8)|1,5|метрополитен| |**2?action=edit&redlink=1 ""Линия 2 (Нанкин) (страница отсутствует)"")**|Юйцзуй — Цзинтяньлу <br>кит. 鱼嘴 — 经天路|28 мая 2010|2021|30|43,35[[9]](https://ru.wikipedia.org/wiki/%D0%9D%D0%B0%D0%BD%D0%BA%D0%B8%D0%BD%D1%81%D0%BA%D0%B8%D0%B9_%D0%BC%D0%B5%D1%82%D1%80%D0%BE%D0%BF%D0%BE%D0%BB%D0%B8%D1%82%D0%B5%D0%BD#cite_note-9)|1,49|";;;;;;;;
0dc5d4cd-9aa9-426b-b770-644f475187a2;knowledge_base\Транспорт Юпитера.md;"|**3?action=edit&redlink=1 ""Линия 3 (Нанкин) (страница отсутствует)"")**|Линьчан — Мочжоудунлу <br>кит. 林场 — 秣周东路|1 апреля 2015|2015|29|44,9[[10]](https://ru.wikipedia.org/wiki/%D0%9D%D0%B0%D0%BD%D0%BA%D0%B8%D0%BD%D1%81%D0%BA%D0%B8%D0%B9_%D0%BC%D0%B5%D1%82%D1%80%D0%BE%D0%BF%D0%BE%D0%BB%D0%B8%D1%82%D0%B5%D0%BD#cite_note-10)|1,6| |**4?action=edit&redlink=1 ""Линия 4 (Нанкин) (страница отсутствует)"")**|Лунцзян — Сяньлиньху <br>кит. 龙江 — 仙林湖|18 января 2017|—|18|33,75[[11]](https://ru.wikipedia.org/wiki/%D0%9D%D0%B0%D0%BD%D0%BA%D0%B8%D0%BD%D1%81%D0%BA%D0%B8%D0%B9_%D0%BC%D0%B5%D1%82%D1%80%D0%BE%D0%BF%D0%BE%D0%BB%D0%B8%D1%82%D0%B5%D0%BD#cite_note-11)|1,99|";;;;;;;;
206362f1-1ea4-4234-96ea-5d4580be5764;knowledge_base\Транспорт Юпитера.md;"|**10?action=edit&redlink=1 ""Линия 10 (Нанкин) (страница отсутствует)"")**|Аньдэмэнь — Юйшаньлу <br>кит. 安德门 — 雨山路|2005[[12]](https://ru.wikipedia.org/wiki/%D0%9D%D0%B0%D0%BD%D0%BA%D0%B8%D0%BD%D1%81%D0%BA%D0%B8%D0%B9_%D0%BC%D0%B5%D1%82%D1%80%D0%BE%D0%BF%D0%BE%D0%BB%D0%B8%D1%82%D0%B5%D0%BD#cite_note-12) 1 июля 2014|2014|14|21,6[[13]](https://ru.wikipedia.org/wiki/%D0%9D%D0%B0%D0%BD%D0%BA%D0%B8%D0%BD%D1%81%D0%BA%D0%B8%D0%B9_%D0%BC%D0%B5%D1%82%D1%80%D0%BE%D0%BF%D0%BE%D0%BB%D0%B8%D1%82%D0%B5%D0%BD#cite_note-13)|1,66|";;;;;;;;
2ba1965f-53bc-4d3c-9ade-5b5f001eac74;knowledge_base\Транспорт Юпитера.md;"|**S1?action=edit&redlink=1 ""Линия S1 (Нанкин) (страница отсутствует)"")**|Южный вокзал — Кунгансиньчэнцзяннин <br>кит. 南京南站 — 空港新城江宁|1 июля 2014|2018|9|37,2[[6]](https://ru.wikipedia.org/wiki/%D0%9D%D0%B0%D0%BD%D0%BA%D0%B8%D0%BD%D1%81%D0%BA%D0%B8%D0%B9_%D0%BC%D0%B5%D1%82%D1%80%D0%BE%D0%BF%D0%BE%D0%BB%D0%B8%D1%82%D0%B5%D0%BD#cite_note-urbanrail-6)[[14]](https://ru.wikipedia.org/wiki/%D0%9D%D0%B0%D0%BD%D0%BA%D0%B8%D0%BD%D1%81%D0%BA%D0%B8%D0%B9_%D0%BC%D0%B5%D1%82%D1%80%D0%BE%D0%BF%D0%BE%D0%BB%D0%B8%D1%82%D0%B5%D0%BD#cite_note-14)|4,65|пригородный <br>метрополитен| |**S3?action=edit&redlink=1 ""Линия S3 (Нанкин) (страница отсутствует)"")**|Южный вокзал — Гаоцзячун <br>кит. 南京南站 — 高家冲|6 декабря 2017|—|19|36,22[[15]](https://ru.wikipedia.org/wiki/%D0%9D%D0%B0%D0%BD%D0%BA%D0%B8%D0%BD%D1%81%D0%BA%D0%B8%D0%B9_%D0%BC%D0%B5%D1%82%D1%80%D0%BE%D0%BF%D0%BE%D0%BB%D0%B8%D1%82%D0%B5%D0%BD#cite_note-15)|2,01|";;;;;;;;
4000b195-149a-4cdb-ae85-6b51dfcbf399;knowledge_base\Транспорт Юпитера.md;"|**S6?action=edit&redlink=1 ""Линия S6 (Нанкин) (страница отсутствует)"")**|Мацюнь — Цзюйжун <br>кит. 马群 — 句容|28 декабря 2021|—|13|43,64[[16]](https://ru.wikipedia.org/wiki/%D0%9D%D0%B0%D0%BD%D0%BA%D0%B8%D0%BD%D1%81%D0%BA%D0%B8%D0%B9_%D0%BC%D0%B5%D1%82%D1%80%D0%BE%D0%BF%D0%BE%D0%BB%D0%B8%D1%82%D0%B5%D0%BD#cite_note-16)|3,64| |**S7?action=edit&redlink=1 ""Линия S7 (Нанкин) (страница отсутствует)"")**|Кунгансиньчэнцзяннин — Усяншань <br>кит. 空港新城江宁 — 无想山|26 мая 2018|—|9|30,16[[17]](https://ru.wikipedia.org/wiki/%D0%9D%D0%B0%D0%BD%D0%BA%D0%B8%D0%BD%D1%81%D0%BA%D0%B8%D0%B9_%D0%BC%D0%B5%D1%82%D1%80%D0%BE%D0%BF%D0%BE%D0%BB%D0%B8%D1%82%D0%B5%D0%BD#cite_note-17)|3,77|";;;;;;;;
c514c062-22f8-4d47-954d-9b95319357a3;knowledge_base\Транспорт Юпитера.md;"|**S8?action=edit&redlink=1 ""Линия S8 (Нанкин) (страница отсутствует)"")**|Тайшаньсиньцунь — Цзиньнюху <br>кит. 泰山新村 — 金牛湖|1 октября 2014|—|17|45,2[[18]](https://ru.wikipedia.org/wiki/%D0%9D%D0%B0%D0%BD%D0%BA%D0%B8%D0%BD%D1%81%D0%BA%D0%B8%D0%B9_%D0%BC%D0%B5%D1%82%D1%80%D0%BE%D0%BF%D0%BE%D0%BB%D0%B8%D1%82%D0%B5%D0%BD#cite_note-18)|2,83| |**S9?action=edit&redlink=1 ""Линия S9 (Нанкин) (страница отсутствует)"")**|Сянъюйлунань — Гаочунь <br>кит. 翔宇路南 — 高淳|30 декабря 2017|—|6|52,42[[19]](https://ru.wikipedia.org/wiki/%D0%9D%D0%B0%D0%BD%D0%BA%D0%B8%D0%BD%D1%81%D0%BA%D0%B8%D0%B9_%D0%BC%D0%B5%D1%82%D1%80%D0%BE%D0%BF%D0%BE%D0%BB%D0%B8%D1%82%D0%B5%D0%BD#cite_note-19)|10,48| |**Всего**| | | |**191**|**427,1**|**2,23**|";;;;;;;;
727f2ead-dcf0-4a7a-8fa3-ff33b123e773;knowledge_base\Транспорт Юпитера.md;## Перспективы;;;;;;;;
7c7b9a8b-56f5-4c96-bf39-28eee9a8da04;knowledge_base\Транспорт Юпитера.md;"|Линия|Планируемый год открытия|Длина, км|Станции|Статус| |---|---|---|---|---| |**1 (продолжение)?action=edit&redlink=1 ""Линия 1 (Нанкин) (страница отсутствует)"")**|2022|6,54|5|Строится| |**3 (продолжение)?action=edit&redlink=1 ""Линия 3 (Нанкин) (страница отсутствует)"")**|2024|6,6|2|Планируется| |**4 (продолжение)?action=edit&redlink=1 ""Линия 4 (Нанкин) (страница отсутствует)"")**|2024|9,7|7|Планируется| |**5?action=edit&redlink=1 ""Линия 5 (Нанкин) (страница отсутствует)"")**|2022|37,4|20|Строится| |**6?action=edit&redlink=1 ""Линия 6 (Нанкин) (страница отсутствует)"")**|2023[[20]](https://ru.wikipedia.org/wiki/%D0%9D%D0%B0%D0%BD%D0%BA%D0%B8%D0%BD%D1%81%D0%BA%D0%B8%D0%B9_%D0%BC%D0%B5%D1%82%D1%80%D0%BE%D0%BF%D0%BE%D0%BB%D0%B8%D1%82%D0%B5%D0%BD#cite_note-20)|32,4|19|Строится|";;;;;;;;
5942b7a3-a86e-48dc-8842-6bc3ccde8a11;knowledge_base\Транспорт Юпитера.md;"|**7?action=edit&redlink=1 ""Линия 7 (Нанкин) (страница отсутствует)"")**|2022[[21]](https://ru.wikipedia.org/wiki/%D0%9D%D0%B0%D0%BD%D0%BA%D0%B8%D0%BD%D1%81%D0%BA%D0%B8%D0%B9_%D0%BC%D0%B5%D1%82%D1%80%D0%BE%D0%BF%D0%BE%D0%BB%D0%B8%D1%82%D0%B5%D0%BD#cite_note-%D0%B0%D0%B2%D1%82%D0%BE%D1%81%D1%81%D1%8B%D0%BB%D0%BA%D0%B02-21)[[22]](https://ru.wikipedia.org/wiki/%D0%9D%D0%B0%D0%BD%D0%BA%D0%B8%D0%BD%D1%81%D0%BA%D0%B8%D0%B9_%D0%BC%D0%B5%D1%82%D1%80%D0%BE%D0%BF%D0%BE%D0%BB%D0%B8%D1%82%D0%B5%D0%BD#cite_note-%D0%B0%D0%B2%D1%82%D0%BE%D1%81%D1%81%D1%8B%D0%BB%D0%BA%D0%B01-22)|35,7|27|Строится| |**9?action=edit&redlink=1 ""Линия 9 (Нанкин) (страница отсутствует)"")**|2023[[23]](https://ru.wikipedia.org/wiki/%D0%9D%D0%B0%D0%BD%D0%BA%D0%B8%D0%BD%D1%81%D0%BA%D0%B8%D0%B9_%D0%BC%D0%B5%D1%82%D1%80%D0%BE%D0%BF%D0%BE%D0%BB%D0%B8%D1%82%D0%B5%D0%BD#cite_note-23)|19,73|16|Строится| |**10 (продолжение)?action=edit&redlink=1 ""Линия 10 (Нанкин) (страница отсутствует)"")**|2023|13,87|11|Строится|";;;;;;;;
a38bcf30-7cd9-4d70-a9d7-2195cbdd8997;knowledge_base\Транспорт Юпитера.md;"|**10 (продолжение)?action=edit&redlink=1 ""Линия 10 (Нанкин) (страница отсутствует)"")**|2023|13,87|11|Строится| |**11?action=edit&redlink=1 ""Линия 11 (Нанкин) (страница отсутствует)"")**|2025|27|20|Планируется| |**S8 (продолжение)?action=edit&redlink=1 ""Линия S8 (Нанкин) (страница отсутствует)"")**|2022|2,1|2|Строится|";;;;;;;;
f598eac1-55f6-49f3-b0f2-93809f624e2d;knowledge_base\Транспорт Юпитера.md;### Долгосрочная перспектива В Генеральном плане города Нанкин на 2018-2035 год заложена планировка и постройка дополнительных 17 линий метро, таким образом, общее количество линий составит 27, общая протяжённость — 1030 километров.[[24]](https://ru.wikipedia.org/wiki/%D0%9D%D0%B0%D0%BD%D0%BA%D0%B8%D0%BD%D1%81%D0%BA%D0%B8%D0%B9_%D0%BC%D0%B5%D1%82%D1%80%D0%BE%D0%BF%D0%BE%D0%BB%D0%B8%D1%82%D0%B5%D0%BD#cite_note-24);;;;;;;;
2f3a4935-3165-4d59-87f4-dce47dc954fd;knowledge_base\Транспорт Юпитера.md;"|Линия|Планируемый год открытия|Длина, км|Станции|Источники| |---|---|---|---|---| |**8?action=edit&redlink=1 ""Линия 8 (Нанкин) (страница отсутствует)"")**|—|62,3|26-27|[[25]](https://ru.wikipedia.org/wiki/%D0%9D%D0%B0%D0%BD%D0%BA%D0%B8%D0%BD%D1%81%D0%BA%D0%B8%D0%B9_%D0%BC%D0%B5%D1%82%D1%80%D0%BE%D0%BF%D0%BE%D0%BB%D0%B8%D1%82%D0%B5%D0%BD#cite_note-25)[[26]](https://ru.wikipedia.org/wiki/%D0%9D%D0%B0%D0%BD%D0%BA%D0%B8%D0%BD%D1%81%D0%BA%D0%B8%D0%B9_%D0%BC%D0%B5%D1%82%D1%80%D0%BE%D0%BF%D0%BE%D0%BB%D0%B8%D1%82%D0%B5%D0%BD#cite_note-26)| |**12?action=edit&redlink=1 ""Линия 12 (Нанкин) (страница отсутствует)"")**|2026|24,3|19|[[27]](https://ru.wikipedia.org/wiki/%D0%9D%D0%B0%D0%BD%D0%BA%D0%B8%D0%BD%D1%81%D0%BA%D0%B8%D0%B9_%D0%BC%D0%B5%D1%82%D1%80%D0%BE%D0%BF%D0%BE%D0%BB%D0%B8%D1%82%D0%B5%D0%BD#cite_note-27)|";;;;;;;;
8a60699a-38cd-42c2-b7db-ded81bb53c1c;knowledge_base\Транспорт Юпитера.md;"|**13?action=edit&redlink=1 ""Линия 13 (Нанкин) (страница отсутствует)"")**|2030|36,4|27|[[28]](https://ru.wikipedia.org/wiki/%D0%9D%D0%B0%D0%BD%D0%BA%D0%B8%D0%BD%D1%81%D0%BA%D0%B8%D0%B9_%D0%BC%D0%B5%D1%82%D1%80%D0%BE%D0%BF%D0%BE%D0%BB%D0%B8%D1%82%D0%B5%D0%BD#cite_note-yangtze-28)| |**14?action=edit&redlink=1 ""Линия 14 (Нанкин) (страница отсутствует)"")**|2030|48|20|[[28]](https://ru.wikipedia.org/wiki/%D0%9D%D0%B0%D0%BD%D0%BA%D0%B8%D0%BD%D1%81%D0%BA%D0%B8%D0%B9_%D0%BC%D0%B5%D1%82%D1%80%D0%BE%D0%BF%D0%BE%D0%BB%D0%B8%D1%82%D0%B5%D0%BD#cite_note-yangtze-28)| |**15?action=edit&redlink=1 ""Линия 15 (Нанкин) (страница отсутствует)"")**|2030|31,4|27|[[29]](https://ru.wikipedia.org/wiki/%D0%9D%D0%B0%D0%BD%D0%BA%D0%B8%D0%BD%D1%81%D0%BA%D0%B8%D0%B9_%D0%BC%D0%B5%D1%82%D1%80%D0%BE%D0%BF%D0%BE%D0%BB%D0%B8%D1%82%D0%B5%D0%BD#cite_note-29)|";;;;;;;;
867abc53-2a63-4bd6-8f2e-e2e6b6c024e5;knowledge_base\Транспорт Юпитера.md;"|**16?action=edit&redlink=1 ""Линия 16 (Нанкин) (страница отсутствует)"")**|2030|25,16|16|[[30]](https://ru.wikipedia.org/wiki/%D0%9D%D0%B0%D0%BD%D0%BA%D0%B8%D0%BD%D1%81%D0%BA%D0%B8%D0%B9_%D0%BC%D0%B5%D1%82%D1%80%D0%BE%D0%BF%D0%BE%D0%BB%D0%B8%D1%82%D0%B5%D0%BD#cite_note-30)| |**17?action=edit&redlink=1 ""Линия 17 (Нанкин) (страница отсутствует)"")**|—|~20|13|[[28]](https://ru.wikipedia.org/wiki/%D0%9D%D0%B0%D0%BD%D0%BA%D0%B8%D0%BD%D1%81%D0%BA%D0%B8%D0%B9_%D0%BC%D0%B5%D1%82%D1%80%D0%BE%D0%BF%D0%BE%D0%BB%D0%B8%D1%82%D0%B5%D0%BD#cite_note-yangtze-28)|";;;;;;;;
cb4b5e8d-f578-4f39-b64c-c724912e2cd5;knowledge_base\Транспорт Юпитера.md;"|**18?action=edit&redlink=1 ""Линия 18 (Нанкин) (страница отсутствует)"")**|—|—|—|[[28]](https://ru.wikipedia.org/wiki/%D0%9D%D0%B0%D0%BD%D0%BA%D0%B8%D0%BD%D1%81%D0%BA%D0%B8%D0%B9_%D0%BC%D0%B5%D1%82%D1%80%D0%BE%D0%BF%D0%BE%D0%BB%D0%B8%D1%82%D0%B5%D0%BD#cite_note-yangtze-28)[[31]](https://ru.wikipedia.org/wiki/%D0%9D%D0%B0%D0%BD%D0%BA%D0%B8%D0%BD%D1%81%D0%BA%D0%B8%D0%B9_%D0%BC%D0%B5%D1%82%D1%80%D0%BE%D0%BF%D0%BE%D0%BB%D0%B8%D1%82%D0%B5%D0%BD#cite_note-31)| |**S2?action=edit&redlink=1 ""Линия S2 (Нанкин) (страница отсутствует)"")**|2025|65,59|20|[[32]](https://ru.wikipedia.org/wiki/%D0%9D%D0%B0%D0%BD%D0%BA%D0%B8%D0%BD%D1%81%D0%BA%D0%B8%D0%B9_%D0%BC%D0%B5%D1%82%D1%80%D0%BE%D0%BF%D0%BE%D0%BB%D0%B8%D1%82%D0%B5%D0%BD#cite_note-32)|";;;;;;;;
2b6e82e4-2b75-45e2-a6de-a902abcd7895;knowledge_base\Транспорт Юпитера.md;"|**S4?action=edit&redlink=1 ""Линия S4 (Нанкин) (страница отсутствует)"")**|—|8,5 (41)|2|[[33]](https://ru.wikipedia.org/wiki/%D0%9D%D0%B0%D0%BD%D0%BA%D0%B8%D0%BD%D1%81%D0%BA%D0%B8%D0%B9_%D0%BC%D0%B5%D1%82%D1%80%D0%BE%D0%BF%D0%BE%D0%BB%D0%B8%D1%82%D0%B5%D0%BD#cite_note-33)| |**S5?action=edit&redlink=1 ""Линия S5 (Нанкин) (страница отсутствует)"")**|2025|58,71|20|[[28]](https://ru.wikipedia.org/wiki/%D0%9D%D0%B0%D0%BD%D0%BA%D0%B8%D0%BD%D1%81%D0%BA%D0%B8%D0%B9_%D0%BC%D0%B5%D1%82%D1%80%D0%BE%D0%BF%D0%BE%D0%BB%D0%B8%D1%82%D0%B5%D0%BD#cite_note-yangtze-28)[[34]](https://ru.wikipedia.org/wiki/%D0%9D%D0%B0%D0%BD%D0%BA%D0%B8%D0%BD%D1%81%D0%BA%D0%B8%D0%B9_%D0%BC%D0%B5%D1%82%D1%80%D0%BE%D0%BF%D0%BE%D0%BB%D0%B8%D1%82%D0%B5%D0%BD#cite_note-34)|";;;;;;;;
a3246c11-8bbb-4a7c-878e-abac2573f40f;knowledge_base\Транспорт Юпитера.md;"## Подвижной состав Линия 1, Линия 2, Линия 3 и Линия 10 Нанкинского метро обслуживаются 6-вагонным поездами типа A"") совместного производства Alstom и местной CRRC Nanjing Puzhen, дочерней компании CRRC, закупленных в 2002 году[[35]](https://ru.wikipedia.org/wiki/%D0%9D%D0%B0%D0%BD%D0%BA%D0%B8%D0%BD%D1%81%D0%BA%D0%B8%D0%B9_%D0%BC%D0%B5%D1%82%D1%80%D0%BE%D0%BF%D0%BE%D0%BB%D0%B8%D1%82%D0%B5%D0%BD#cite_note-35). Линия 4 использует 6-вагонные поезда типа B. Все пригородные маршруты используют поезда типа B — S1 и S3 используют 6-вагонные, S7 использует одновременно 6-вагонные и 4-вагонные, S8 использует 4-вагонные, линия S9 использует 3-вагонные поезда. ![[80735f7513d9d37a1f09b00f35579a20_MD5.png]] Боковой чертёж поезда Metropolis, используемого на Линии 1 ![[b58da00fa73c7221ddee36e810e4eec6_MD5.png]] Боковой чертёж поезда Metropolis, используемого на Линии 2 ![[c33dc9bfc2df4923804a0f55ad7d67ff_MD5.png]] Боковой чертёж поезда Metropolis, используемого на Линии 10";;;;;;;;
e708ebb1-4dbd-469b-a535-f82656110006;knowledge_base\Транспорт Юпитера.md;Боковой чертёж поезда Metropolis, используемого на Линии 2 ![[c33dc9bfc2df4923804a0f55ad7d67ff_MD5.png]] Боковой чертёж поезда Metropolis, используемого на Линии 10 Линия 7 при открытии будет обслуживаться беспилотными 6-вагонными поездами типа B, оборудованных системой автоведения OptONIX от Alstom[[21]](https://ru.wikipedia.org/wiki/%D0%9D%D0%B0%D0%BD%D0%BA%D0%B8%D0%BD%D1%81%D0%BA%D0%B8%D0%B9_%D0%BC%D0%B5%D1%82%D1%80%D0%BE%D0%BF%D0%BE%D0%BB%D0%B8%D1%82%D0%B5%D0%BD#cite_note-%D0%B0%D0%B2%D1%82%D0%BE%D1%81%D1%81%D1%8B%D0%BB%D0%BA%D0%B02-21)[[22]](https://ru.wikipedia.org/wiki/%D0%9D%D0%B0%D0%BD%D0%BA%D0%B8%D0%BD%D1%81%D0%BA%D0%B8%D0%B9_%D0%BC%D0%B5%D1%82%D1%80%D0%BE%D0%BF%D0%BE%D0%BB%D0%B8%D1%82%D0%B5%D0%BD#cite_note-%D0%B0%D0%B2%D1%82%D0%BE%D1%81%D1%81%D1%8B%D0%BB%D0%BA%D0%B01-22), что сделает их первыми полностью беспилотными поездами в Нанкине.;;;;;;;;
bccbfee4-f6ef-4088-ab10-9ed7b2093976;knowledge_base\Транспорт Юпитера.md;## ВІО > [!Тір]+ > Source:: > Child:: > Next::;;;;;;;;
bcd9cc60-848f-4adf-b217-7d5c12eabad3;knowledge_base\Транспорт Япета.md;"--- aliases: Источник: Дата: 2026.06.12 11:35 --- # Транспорт Япета - Статья - Обсуждение [alt-t]"") - Читать - Текущая версия - Править - Править код - История Инструменты Материал из Википедии — свободной энциклопедии Текущая версия страницы пока не пров";;;;;;;;
8f77d06f-0483-4a76-857e-054b37c314f4;knowledge_base\Транспорт Япета.md;"|Линия 1| |---| |!Перейти к шаблону «Линия 1 (Наньнин)» ""Перейти к шаблону «Линия 1 (Наньнин)»"")<br><br>Условные обозначения|";;;;;;;;
e4693c3a-a749-400a-adc9-49bcdc911b67;knowledge_base\Транспорт Япета.md;"|\| \| \| \| \| \| \| \|<br>\|---\|---\|---\|---\|---\|---\|---\|<br>\| \|!<br><br>! ""Хочэдунчжань (станция метро)"")\|!Доступ для людей с ограниченными возможностями\|Хочэдунчжань?action=edit&redlink=1 ""Хочэдунчжань (станция метро) (страница отсутствует)"")\| \|<br>\| \|! ""Фоцзылин (станция метро)"")\|!Доступ для людей с ограниченными возможностями\|Фоцзылин?action=edit&redlink=1 ""Фоцзылин (станция метро) (страница отсутствует)"")\| \|<br>\| \|!<br><br>!<br><br>!\|депо Туньли\| \|<br>\| \|! ""Байхуалин (станция метро)"")\|!Доступ для людей с ограниченными возможностями\|Байхуалин?action=edit&redlink=1 ""Байхуалин (станция метро) (страница отсутствует)"")\| \|<br>\| \|! ""Ландункэюньчжань (станция метро)"")<br><br>!<br><br>! ""Ландункэюньчжань (станция метро)"")<br><br>!\|!Доступ для людей с ограниченными возможностями\|Ландункэюньчжань?action=edit&redlink=1 ""Ландункэюньчжань (станция метро) (страница отсутствует)"")\| \|<br>\| \|! ""Фэнлин (станция";;;;;;;;
9c58744e-398b-46d3-a875-4e3204355010;knowledge_base\Транспорт Япета.md;"для людей с ограниченными возможностями\|Ландункэюньчжань?action=edit&redlink=1 ""Ландункэюньчжань (станция метро) (страница отсутствует)"")\| \|<br>\| \|! ""Фэнлин (станция метро)"")\|!Доступ для людей с ограниченными возможностями\|Фэнлин?action=edit&redlink=1 ""Фэнлин (станция метро) (страница отсутствует)"")\| \|<br>\| \|! ""Дунмэншанъуцюй (станция метро)"")\|!Доступ для людей с ограниченными возможностями\|Дунмэншанъуцюй?action=edit&redlink=1 ""Дунмэншанъуцюй (станция метро) (страница отсутствует)"")\| \|<br>\| \|! ""Ваньсянчэн (станция метро)"")\|!Доступ для людей с ограниченными возможностями\|Ваньсянчэн?action=edit&redlink=1 ""Ваньсянчэн (станция метро) (страница отсутствует)"")\| \|<br>\| \|! ""Хуэйчжаньчжунсинь (станция метро)"")\|!Доступ для людей с ограниченными возможностями\|Хуэйчжаньчжунсинь?action=edit&redlink=1 ""Хуэйчжаньчжунсинь (станция метро) (страница отсутствует)"")\| \|<br>\| \|! ""Цзиньхугуанчан (станция метро)"")<br><br>!<br><br>! ""Цзиньхугуанчан (станция";;;;;;;;
31f66507-abe1-4ea3-b1dc-69b18b67535c;knowledge_base\Транспорт Япета.md;"""Хуэйчжаньчжунсинь (станция метро) (страница отсутствует)"")\| \|<br>\| \|! ""Цзиньхугуанчан (станция метро)"")<br><br>!<br><br>! ""Цзиньхугуанчан (станция метро)"")<br><br>!\|!Доступ для людей с ограниченными возможностями\|Цзиньхугуанчан?action=edit&redlink=1 ""Цзиньхугуанчан (станция метро) (страница отсутствует)"")\| \|<br>\| \|! ""Наньху (станция метро)"")\|!Доступ для людей с ограниченными возможностями\|Наньху?action=edit&redlink=1 ""Наньху (станция метро) (страница отсутствует)"")\| \|<br>\| \|! ""Мацунь (станция метро)"")\|!Доступ для людей с ограниченными возможностями\|Мацунь?action=edit&redlink=1 ""Мацунь (станция метро) (страница отсутствует)"")\| \|<br>\| \|! ""Миньцзугуанчан (станция метро)"")\|!Доступ для людей с ограниченными возможностями\|Миньцзугуанчан?action=edit&redlink=1 ""Миньцзугуанчан (станция метро) (страница отсутствует)"")\| \|<br>\| \|! ""Синьминьлу (станция метро)"")\|!Доступ для людей с ограниченными возможностями\|Синьминьлу?action=edit&redlink=1";;;;;;;;
f893ca8c-dd44-42e1-9bd3-cc11ac3f7c3c;knowledge_base\Транспорт Япета.md;"""Миньцзугуанчан (станция метро) (страница отсутствует)"")\| \|<br>\| \|! ""Синьминьлу (станция метро)"")\|!Доступ для людей с ограниченными возможностями\|Синьминьлу?action=edit&redlink=1 ""Синьминьлу (станция метро) (страница отсутствует)"")\| \|<br>\| \|!<br><br>!\| \|<br>\| \|! ""Чаоянгуанчан (станция метро)"")<br><br>!<br><br>! ""Чаоянгуанчан (станция метро)"")<br><br>!\|!Доступ для людей с ограниченными возможностями\|Чаоянгуанчан?action=edit&redlink=1 ""Чаоянгуанчан (станция метро) (страница отсутствует)"")\| \|<br>\| \|! ""Наньнин (станция)"")<br><br>! ""Хочэчжань (станция метро)"")<br><br>!<br><br>! ""Хочэчжань (станция метро)"")<br><br>!\|!Доступ для людей с ограниченными возможностями\|Хочэчжань?action=edit&redlink=1 ""Хочэчжань (станция метро) (страница отсутствует)"")\| \|<br>\| \|!<br><br>!\| \|<br>\| \|! ""Байцанлин (станция метро)"")\|!Доступ для людей с ограниченными возможностями\|Байцанлин?action=edit&redlink=1 ""Байцанлин (станция метро) (страница отсутствует)"")\|";;;;;;;;
b487d611-2b1e-499a-a99b-684b87fa8578;knowledge_base\Транспорт Япета.md;"\|!<br><br>!\| \|<br>\| \|! ""Байцанлин (станция метро)"")\|!Доступ для людей с ограниченными возможностями\|Байцанлин?action=edit&redlink=1 ""Байцанлин (станция метро) (страница отсутствует)"")\| \|<br>\| \|! ""Гуансидасюэ (станция метро)"")<br><br>!<br><br>! ""Гуансидасюэ (станция метро)"")<br><br>!\|!Доступ для людей с ограниченными возможностями\|Гуансидасюэ?action=edit&redlink=1 ""Гуансидасюэ (станция метро) (страница отсутствует)"")\| \|<br>\| \|! ""Лубаньлу (станция метро)"")\|!Доступ для людей с ограниченными возможностями\|Лубаньлу?action=edit&redlink=1 ""Лубаньлу (станция метро) (страница отсутствует)"")\| \|<br>\| \|! ""Дунъуюань (станция метро, Наньнин)"")\|!Доступ для людей с ограниченными возможностями\|Дунъуюань?action=edit&redlink=1 ""Дунъуюань (станция метро, Наньнин) (страница отсутствует)"")\| \|<br>\| \|! ""Цинчуань (станция метро)"")\|!Доступ для людей с ограниченными возможностями\|Цинчуань?action=edit&redlink=1 ""Цинчуань (станция метро) (страница";;;;;;;;
18b3ffd8-673d-4df9-b24e-eba4df7e8d3c;knowledge_base\Транспорт Япета.md;"Наньнин) (страница отсутствует)"")\| \|<br>\| \|! ""Цинчуань (станция метро)"")\|!Доступ для людей с ограниченными возможностями\|Цинчуань?action=edit&redlink=1 ""Цинчуань (станция метро) (страница отсутствует)"")\| \|<br>\| \|! ""Миньцзудасюэ (станция метро)"")\|!Доступ для людей с ограниченными возможностями\|Миньцзудасюэ?action=edit&redlink=1 ""Миньцзудасюэ (станция метро) (страница отсутствует)"")\| \|<br>\| \|! ""Сисянтанкэюньчжань (станция метро)"")\|!Доступ для людей с ограниченными возможностями\|Сисянтанкэюньчжань?action=edit&redlink=1 ""Сисянтанкэюньчжань (станция метро) (страница отсутствует)"")\| \|<br>\| \|! ""Пэнфэйлу (станция метро)"")\|!Доступ для людей с ограниченными возможностями\|Пэнфэйлу?action=edit&redlink=1 ""Пэнфэйлу (станция метро) (страница отсутствует)"")\| \|<br>\| \|! ""Наньчжиюань (станция метро)"")\|!Доступ для людей с ограниченными возможностями\|Наньчжиюань?action=edit&redlink=1 ""Наньчжиюань (станция метро) (страница отсутствует)"")\| \|<br>\| \|!";;;;;;;;
5704d7f8-dfff-4a15-b8d5-6f43e462278b;knowledge_base\Транспорт Япета.md;"\|! ""Наньчжиюань (станция метро)"")\|!Доступ для людей с ограниченными возможностями\|Наньчжиюань?action=edit&redlink=1 ""Наньчжиюань (станция метро) (страница отсутствует)"")\| \|<br>\| \|! ""Шибу (станция метро)"")\|!Доступ для людей с ограниченными возможностями\|Шибу?action=edit&redlink=1 ""Шибу (станция метро) (страница отсутствует)"")\| \|<br>\| \|!\| \|<br>\| \|!\|депо Сисянтан\| \|<br>\||";;;;;;;;
b83b9b46-092b-43a7-96bb-1cbc8a99c18e;knowledge_base\Транспорт Япета.md;"|Линия 2| |---| |!Перейти к шаблону «Линия 2 (Наньнин)» ""Перейти к шаблону «Линия 2 (Наньнин)»"")<br><br>Условные обозначения|";;;;;;;;
c613c9ee-1674-4ada-b6ef-29cb1729d1c2;knowledge_base\Транспорт Япета.md;"|\| \| \| \| \| \| \| \|<br>\|---\|---\|---\|---\|---\|---\|---\|<br>\| \|!\|депо Аньцзицзунхэ\| \|<br>\| \|!\| \|<br>\| \|! ""Сицзинь (станция метро)"")\|!Доступ для людей с ограниченными возможностями\|Сицзинь?action=edit&redlink=1 ""Сицзинь (станция метро) (страница отсутствует)"")\| \|<br>\| \|! ""Аньцзикэюньчжань (станция метро)"")<br><br>!<br><br>! ""Аньцзикэюньчжань (станция метро)"")<br><br>!\|!Доступ для людей с ограниченными возможностями\|Аньцзикэюньчжань?action=edit&redlink=1 ""Аньцзикэюньчжань (станция метро) (страница отсутствует)"")\| \|<br>\| \|! ""Сулу (станция метро)"")\|!Доступ для людей с ограниченными возможностями\|Сулу?action=edit&redlink=1 ""Сулу (станция метро) (страница отсутствует)"")\| \|<br>\| \|! ""Саньшисаньчжун (станция метро)"")\|!Доступ для людей с ограниченными возможностями\|Саньшисаньчжун?action=edit&redlink=1 ""Саньшисаньчжун (станция метро) (страница отсутствует)"")\| \|<br>\| \|! ""Сюсян (станция метро)"")\|!Доступ для людей";;;;;;;;
f2b85e13-6379-45b2-b979-d1c5cdea43b1;knowledge_base\Транспорт Япета.md;"для людей с ограниченными возможностями\|Саньшисаньчжун?action=edit&redlink=1 ""Саньшисаньчжун (станция метро) (страница отсутствует)"")\| \|<br>\| \|! ""Сюсян (станция метро)"")\|!Доступ для людей с ограниченными возможностями\|Сюсян?action=edit&redlink=1 ""Сюсян (станция метро) (страница отсутствует)"")\| \|<br>\| \|! ""Минсюлу (станция метро)"")<br><br>!<br><br>! ""Минсюлу (станция метро)"")<br><br>!\|!Доступ для людей с ограниченными возможностями\|Минсюлу?action=edit&redlink=1 ""Минсюлу (станция метро) (страница отсутствует)"")\| \|<br>\| \|!<br><br>!\| \|<br>\| \|! ""Наньнин (станция)"")<br><br>! ""Хочэчжань (станция метро)"")<br><br>!<br><br>! ""Хочэчжань (станция метро)"")<br><br>!\|!Доступ для людей с ограниченными возможностями\|Хочэчжань?action=edit&redlink=1 ""Хочэчжань (станция метро) (страница отсутствует)"")\| \|<br>\| \|! ""Чаоянгуанчан (станция метро)"")<br><br>!<br><br>! ""Чаоянгуанчан (станция метро)"")<br><br>!\|!Доступ для людей с ограниченными";;;;;;;;
de8235b1-da6f-4025-8b2c-87bc736b0729;knowledge_base\Транспорт Япета.md;"""Хочэчжань (станция метро) (страница отсутствует)"")\| \|<br>\| \|! ""Чаоянгуанчан (станция метро)"")<br><br>!<br><br>! ""Чаоянгуанчан (станция метро)"")<br><br>!\|!Доступ для людей с ограниченными возможностями\|Чаоянгуанчан?action=edit&redlink=1 ""Чаоянгуанчан (станция метро) (страница отсутствует)"")\| \|<br>\| \|!<br><br>!\| \|<br>\| \|! ""Наньнинцзюйчан (станция метро)"")\|!Доступ для людей с ограниченными возможностями\|Наньнинцзюйчан?action=edit&redlink=1 ""Наньнинцзюйчан (станция метро) (страница отсутствует)"")\| \|<br>\| \|! ""Фуцзяньюань (станция метро)"")<br><br>!<br><br>! ""Фуцзяньюань (станция метро)"")<br><br>!\|!Доступ для людей с ограниченными возможностями\|Фуцзяньюань?action=edit&redlink=1 ""Фуцзяньюань (станция метро) (страница отсутствует)"")\| \|<br>\| \|! ""Тинхунлу (станция метро)"")\|!Доступ для людей с ограниченными возможностями\|Тинхунлу?action=edit&redlink=1 ""Тинхунлу (станция метро) (страница отсутствует)"")\| \|<br>\| \|! ""Шичжулин (станция";;;;;;;;
87b12f41-8d4e-40f7-9fb1-68e0234cfb5e;knowledge_base\Транспорт Япета.md;"""Тинхунлу (станция метро)"")\|!Доступ для людей с ограниченными возможностями\|Тинхунлу?action=edit&redlink=1 ""Тинхунлу (станция метро) (страница отсутствует)"")\| \|<br>\| \|! ""Шичжулин (станция метро)"")\|!Доступ для людей с ограниченными возможностями\|Шичжулин?action=edit&redlink=1 ""Шичжулин (станция метро) (страница отсутствует)"")\| \|<br>\| \|! ""Цзяннанькэюньчжань (станция метро)"")\|!Доступ для людей с ограниченными возможностями\|Цзяннанькэюньчжань?action=edit&redlink=1 ""Цзяннанькэюньчжань (станция метро) (страница отсутствует)"")\| \|<br>\| \|! ""Дашатянь (станция метро)"")<br><br>!<br><br>! ""Дашатянь (станция метро)"")<br><br>!\|!Доступ для людей с ограниченными возможностями\|Дашатянь?action=edit&redlink=1 ""Дашатянь (станция метро) (страница отсутствует)"")\| \|<br>\| \|! ""Цзяншэлу (станция метро)"")\|!Доступ для людей с ограниченными возможностями\|Цзяншэлу?action=edit&redlink=1 ""Цзяншэлу (станция метро) (страница отсутствует)"")\| \|<br>\| \|! ""Шицзытан (станция";;;;;;;;
f8c70f91-f03a-4366-b620-77722cfe54d0;knowledge_base\Транспорт Япета.md;"""Цзяншэлу (станция метро)"")\|!Доступ для людей с ограниченными возможностями\|Цзяншэлу?action=edit&redlink=1 ""Цзяншэлу (станция метро) (страница отсутствует)"")\| \|<br>\| \|! ""Шицзытан (станция метро)"")\|!Доступ для людей с ограниченными возможностями\|Шицзытан?action=edit&redlink=1 ""Шицзытан (станция метро) (страница отсутствует)"")\| \|<br>\| \|! ""Цзиньсян (станция метро)"")\|!Доступ для людей с ограниченными возможностями\|Цзиньсян?action=edit&redlink=1 ""Цзиньсян (станция метро) (страница отсутствует)"")\| \|<br>\| \|! ""Юйдун (станция метро)"")\|!Доступ для людей с ограниченными возможностями\|Юйдун?action=edit&redlink=1 ""Юйдун (станция метро) (страница отсутствует)"")\| \|<br>\| \|! ""Дунфэнлу (станция метро)"")\|!Доступ для людей с ограниченными возможностями\|Дунфэнлу?action=edit&redlink=1 ""Дунфэнлу (станция метро) (страница отсутствует)"")\| \|<br>\| \|! ""Юйлинлу (станция метро)"")\|!Доступ для людей с ограниченными возможностями\|Юйлинлу?action=edit&redlink=1";;;;;;;;
6833a34e-80ad-41e9-8663-d6a1b52f102e;knowledge_base\Транспорт Япета.md;"""Дунфэнлу (станция метро) (страница отсутствует)"")\| \|<br>\| \|! ""Юйлинлу (станция метро)"")\|!Доступ для людей с ограниченными возможностями\|Юйлинлу?action=edit&redlink=1 ""Юйлинлу (станция метро) (страница отсутствует)"")\| \|<br>\| \|!<br><br>!\| \|<br>\| \|!<br><br>! ""Нафулу (станция метро)"")\|!Доступ для людей с ограниченными возможностями\|Нафулу?action=edit&redlink=1 ""Нафулу (станция метро) (страница отсутствует)"")\| \|<br>\| \|!<br><br>!\|депо Синьцунь\| \|<br>\| \|! ""Пинлянлицзяо (станция метро)"")<br><br>!<br><br>! ""Пинлянлицзяо (станция метро)"")<br><br>!\|!Доступ для людей с ограниченными возможностями\|Пинлянлицзяо?action=edit&redlink=1 ""Пинлянлицзяо (станция метро) (страница отсутствует)"")\| \|<br>\| \|! ""Таньцзэ (станция метро)"")\|!Доступ для людей с ограниченными возможностями\|Таньцзэ?action=edit&redlink=1 ""Таньцзэ (станция метро) (страница отсутствует)"")\| \|<br>\||";;;;;;;;
58e5b1d6-08e4-4a32-b426-86e05c6dfb5e;knowledge_base\Транспорт Япета.md;"|Линия 3| |---| |!Перейти к шаблону «Линия 3 (Наньнин)» ""Перейти к шаблону «Линия 3 (Наньнин)»"")<br><br>Условные обозначения|";;;;;;;;
badf8ad9-568a-4046-a30c-c9e0648d3740;knowledge_base\Транспорт Япета.md;"|\| \| \| \| \| \| \| \|<br>\|---\|---\|---\|---\|---\|---\|---\|<br>\| \|!\|депо Синьвэй\| \|<br>\| \|!\| \|<br>\| \|! ""Кэюаньдадао (станция метро)"")\|!Доступ для людей с ограниченными возможностями\|Кэюаньдадао?action=edit&redlink=1 ""Кэюаньдадао (станция метро) (страница отсутствует)"")\| \|<br>\| \|! ""Чуанъелу (станция метро)"")\|!Доступ для людей с ограниченными возможностями\|Чуанъелу?action=edit&redlink=1 ""Чуанъелу (станция метро) (страница отсутствует)"")\| \|<br>\| \|! ""Аньцзикэюньчжань (станция метро)"")<br><br>!<br><br>! ""Аньцзикэюньчжань (станция метро)"")<br><br>!\|!Доступ для людей с ограниченными возможностями\|Аньцзикэюньчжань?action=edit&redlink=1 ""Аньцзикэюньчжань (станция метро) (страница отсутствует)"")\| \|<br>\| \|! ""Бэйхубэйлу (станция метро)"")\|!Доступ для людей с ограниченными возможностями\|Бэйхубэйлу?action=edit&redlink=1 ""Бэйхубэйлу (станция метро) (страница отсутствует)"")\| \|<br>\| \|! ""Сюфэнлу (станция метро)"")\|!Доступ";;;;;;;;
95d88d51-a59a-47c0-82d6-9bfd5ea00505;knowledge_base\Транспорт Япета.md;"метро)"")\|!Доступ для людей с ограниченными возможностями\|Бэйхубэйлу?action=edit&redlink=1 ""Бэйхубэйлу (станция метро) (страница отсутствует)"")\| \|<br>\| \|! ""Сюфэнлу (станция метро)"")\|!Доступ для людей с ограниченными возможностями\|Сюфэнлу?action=edit&redlink=1 ""Сюфэнлу (станция метро) (страница отсутствует)"")\| \|<br>\| \|! ""Юнъулу (станция метро)"")\|!Доступ для людей с ограниченными возможностями\|Юнъулу?action=edit&redlink=1 ""Юнъулу (станция метро) (страница отсутствует)"")\| \|<br>\| \|! ""Дацзицунь (станция метро)"")\|!Доступ для людей с ограниченными возможностями\|Дацзицунь?action=edit&redlink=1 ""Дацзицунь (станция метро) (страница отсутствует)"")\| \|<br>\| \|! ""Сингуйлу (станция метро)"")\|!Доступ для людей с ограниченными возможностями\|Сингуйлу?action=edit&redlink=1 ""Сингуйлу (станция метро) (страница отсутствует)"")\| \|<br>\| \|! ""Сяоцзицунь (станция метро)"")<br><br>!<br><br>! ""Сяоцзицунь (станция метро)"")<br><br>!\|!Доступ для людей с ограниченными";;;;;;;;
cd048d1d-affa-4ec7-93dd-a534d36d3af7;knowledge_base\Транспорт Япета.md;"""Сингуйлу (станция метро) (страница отсутствует)"")\| \|<br>\| \|! ""Сяоцзицунь (станция метро)"")<br><br>!<br><br>! ""Сяоцзицунь (станция метро)"")<br><br>!\|!Доступ для людей с ограниченными возможностями\|Сяоцзицунь?action=edit&redlink=1 ""Сяоцзицунь (станция метро) (страница отсутствует)"")\| \|<br>\| \|! ""Дунгоулин (станция метро)"")\|!Доступ для людей с ограниченными возможностями\|Дунгоулин?action=edit&redlink=1 ""Дунгоулин (станция метро) (страница отсутствует)"")\| \|<br>\| \|! ""Чанганлу (станция метро)"")\|!Доступ для людей с ограниченными возможностями\|Чанганлу?action=edit&redlink=1 ""Чанганлу (станция метро) (страница отсутствует)"")\| \|<br>\| \|! ""Дунгэлу (станция метро)"")\|!Доступ для людей с ограниченными возможностями\|Дунгэлу?action=edit&redlink=1 ""Дунгэлу (станция метро) (страница отсутствует)"")\| \|<br>\| \|! ""Биньхулу (станция метро)"")\|!Доступ для людей с ограниченными возможностями\|Биньхулу?action=edit&redlink=1 ""Биньхулу (станция метро) (страница";;;;;;;;
ffae2a8a-1014-4896-9b57-21635c96a7fc;knowledge_base\Транспорт Япета.md;"метро) (страница отсутствует)"")\| \|<br>\| \|! ""Биньхулу (станция метро)"")\|!Доступ для людей с ограниченными возможностями\|Биньхулу?action=edit&redlink=1 ""Биньхулу (станция метро) (страница отсутствует)"")\| \|<br>\| \|! ""Цзиньхугуанчан (станция метро)"")<br><br>!<br><br>! ""Цзиньхугуанчан (станция метро)"")<br><br>!\|!Доступ для людей с ограниченными возможностями\|Цзиньхугуанчан?action=edit&redlink=1 ""Цзиньхугуанчан (станция метро) (страница отсутствует)"")\| \|<br>\| \|! ""Ланси (станция метро)"")\|!Доступ для людей с ограниченными возможностями\|Ланси?action=edit&redlink=1 ""Ланси (станция метро) (страница отсутствует)"")\| \|<br>\| \|! ""Цинчжулицзяо (станция метро)"")<br><br>!<br><br>! ""Цинчжулицзяо (станция метро)"")<br><br>!\|!Доступ для людей с ограниченными возможностями\|Цинчжулицзяо?action=edit&redlink=1 ""Цинчжулицзяо (станция метро) (страница отсутствует)"")\| \|<br>\| \|! ""Цинсюшань (станция метро)"")\|!Доступ для людей с ограниченными";;;;;;;;
5410b641-c23c-4ba5-9446-8f951ec1f96e;knowledge_base\Транспорт Япета.md;"возможностями\|Цинчжулицзяо?action=edit&redlink=1 ""Цинчжулицзяо (станция метро) (страница отсутствует)"")\| \|<br>\| \|! ""Цинсюшань (станция метро)"")\|!Доступ для людей с ограниченными возможностями\|Цинсюшань?action=edit&redlink=1 ""Цинсюшань (станция метро) (страница отсутствует)"")\| \|<br>\| \|! ""Шибоугуань (станция метро)"")\|!Доступ для людей с ограниченными возможностями\|Шибоугуань?action=edit&redlink=1 ""Шибоугуань (станция метро) (страница отсутствует)"")\| \|<br>\| \|! ""Цзунбуцзиди (станция метро)"")<br><br>!<br><br>! ""Цзунбуцзиди (станция метро)"")<br><br>!\|!Доступ для людей с ограниченными возможностями\|Цзунбуцзиди?action=edit&redlink=1 ""Цзунбуцзиди (станция метро) (страница отсутствует)"")\| \|<br>\| \|! ""Гуансигуйхуагуань (станция метро)"")\|!Доступ для людей с ограниченными возможностями\|Гуансигуйхуагуань?action=edit&redlink=1 ""Гуансигуйхуагуань (станция метро) (страница отсутствует)"")\| \|<br>\| \|! ""Цингэлу (станция метро)"")\|!Доступ для людей с";;;;;;;;
ac226835-e7a8-4c21-a2d5-92231e9b1bee;knowledge_base\Транспорт Япета.md;"с ограниченными возможностями\|Гуансигуйхуагуань?action=edit&redlink=1 ""Гуансигуйхуагуань (станция метро) (страница отсутствует)"")\| \|<br>\| \|! ""Цингэлу (станция метро)"")\|!Доступ для людей с ограниченными возможностями\|Цингэлу?action=edit&redlink=1 ""Цингэлу (станция метро) (страница отсутствует)"")\| \|<br>\| \|! ""Усянху (станция метро)"")\|!Доступ для людей с ограниченными возможностями\|Усянху?action=edit&redlink=1 ""Усянху (станция метро) (страница отсутствует)"")\| \|<br>\| \|! ""Пинлянлицзяо (станция метро)"")<br><br>!<br><br>! ""Пинлянлицзяо (станция метро)"")<br><br>!\|!Доступ для людей с ограниченными возможностями\|Пинлянлицзяо?action=edit&redlink=1 ""Пинлянлицзяо (станция метро) (страница отсутствует)"")\| \|<br>\| \|!\|депо Синьцунь\| \|<br>\||";;;;;;;;
9abb4152-32ab-406d-a866-eb22eb211dd8;knowledge_base\Транспорт Япета.md;"|Линия 4| |---| |!Перейти к шаблону «Линия 4 (Наньнин)» ""Перейти к шаблону «Линия 4 (Наньнин)»"")<br><br>Условные обозначения|";;;;;;;;
37de6bf4-fd41-495a-92b2-f0ef86db1228;knowledge_base\Транспорт Япета.md;"|\| \| \| \| \| \| \| \|<br>\|---\|---\|---\|---\|---\|---\|---\|<br>\| \|! ""Лунган (станция метро)"")\|_Лунган?action=edit&redlink=1 ""Лунган (станция метро) (страница отсутствует)"")_\| \|<br>\| \|! ""Цинпинпо (станция метро)"")\|_Цинпинпо?action=edit&redlink=1 ""Цинпинпо (станция метро) (страница отсутствует)"")_\| \|<br>\| \|! ""Усян (станция)"")<br><br>! ""Усянхочэчжань (станция метро)"")\|_Усянхочэчжань?action=edit&redlink=1 ""Усянхочэчжань (станция метро) (страница отсутствует)"")_\| \|<br>\| \|!<br><br>!<br><br>!\|депо Усян\| \|<br>\| \|! ""Лэнтанцунь (станция метро)"")\|!Доступ для людей с ограниченными возможностями\|Лэнтанцунь?action=edit&redlink=1 ""Лэнтанцунь (станция метро) (страница отсутствует)"")\| \|<br>\| \|! ""Лянцинсюй (станция метро)"")\|!Доступ для людей с ограниченными возможностями\|Лянцинсюй?action=edit&redlink=1 ""Лянцинсюй (станция метро) (страница отсутствует)"")\| \|<br>\| \|! ""Лянциндацяонань (станция метро)"")\|!Доступ для людей с";;;;;;;;
25d5dfcf-287a-4b23-aeb1-0fe3a94a81fd;knowledge_base\Транспорт Япета.md;"для людей с ограниченными возможностями\|Лянцинсюй?action=edit&redlink=1 ""Лянцинсюй (станция метро) (страница отсутствует)"")\| \|<br>\| \|! ""Лянциндацяонань (станция метро)"")\|!Доступ для людей с ограниченными возможностями\|Лянциндацяонань?action=edit&redlink=1 ""Лянциндацяонань (станция метро) (страница отсутствует)"")\| \|<br>\| \|! ""Тиюйчжунсиньдун (станция метро)"")\|!Доступ для людей с ограниченными возможностями\|Тиюйчжунсиньдун?action=edit&redlink=1 ""Тиюйчжунсиньдун (станция метро) (страница отсутствует)"")\| \|<br>\| \|! ""Тиюйчжунсиньси (станция метро)"")\|!Доступ для людей с ограниченными возможностями\|Тиюйчжунсиньси?action=edit&redlink=1 ""Тиюйчжунсиньси (станция метро) (страница отсутствует)"")\| \|<br>\| \|! ""Фэйлунлу (станция метро)"")\|!Доступ для людей с ограниченными возможностями\|Фэйлунлу?action=edit&redlink=1 ""Фэйлунлу (станция метро) (страница отсутствует)"")\| \|<br>\| \|! ""Цзунбуцзиди (станция метро)"")<br><br>!<br><br>! ""Цзунбуцзиди (станция";;;;;;;;
78952fd3-1bc5-4099-9ec7-6352ffd55a3c;knowledge_base\Транспорт Япета.md;"возможностями\|Фэйлунлу?action=edit&redlink=1 ""Фэйлунлу (станция метро) (страница отсутствует)"")\| \|<br>\| \|! ""Цзунбуцзиди (станция метро)"")<br><br>!<br><br>! ""Цзунбуцзиди (станция метро)"")<br><br>!\|!Доступ для людей с ограниченными возможностями\|Цзунбуцзиди?action=edit&redlink=1 ""Цзунбуцзиди (станция метро) (страница отсутствует)"")\| \|<br>\| \|! ""Юйсянлу (станция метро)"")\|!Доступ для людей с ограниченными возможностями\|Юйсянлу?action=edit&redlink=1 ""Юйсянлу (станция метро) (страница отсутствует)"")\| \|<br>\| \|! ""Усянлин (станция метро)"")\|!Доступ для людей с ограниченными возможностями\|Усянлин?action=edit&redlink=1 ""Усянлин (станция метро) (страница отсутствует)"")\| \|<br>\| \|! ""Цзиньсяндадао (станция метро)"")\|!Доступ для людей с ограниченными возможностями\|Цзиньсяндадао?action=edit&redlink=1 ""Цзиньсяндадао (станция метро) (страница отсутствует)"")\| \|<br>\| \|! ""Дашатянь (станция метро)"")<br><br>!<br><br>! ""Дашатянь (станция метро)"")<br><br>!\|!Доступ";;;;;;;;
61742d63-ca50-4fff-a694-3d762dae399c;knowledge_base\Транспорт Япета.md;"""Цзиньсяндадао (станция метро) (страница отсутствует)"")\| \|<br>\| \|! ""Дашатянь (станция метро)"")<br><br>!<br><br>! ""Дашатянь (станция метро)"")<br><br>!\|!Доступ для людей с ограниченными возможностями\|Дашатянь?action=edit&redlink=1 ""Дашатянь (станция метро) (страница отсутствует)"")\| \|<br>\| \|! ""Тунъюаньлу (станция метро)"")\|!Доступ для людей с ограниченными возможностями\|Тунъюаньлу?action=edit&redlink=1 ""Тунъюаньлу (станция метро) (страница отсутствует)"")\| \|<br>\| \|! ""Цзиньянлу (станция метро)"")\|!Доступ для людей с ограниченными возможностями\|Цзиньянлу?action=edit&redlink=1 ""Цзиньянлу (станция метро) (страница отсутствует)"")\| \|<br>\| \|! ""Нахунлицзяо (станция метро)"")<br><br>!<br><br>! ""Нахунлицзяо (станция метро)"")<br><br>!\|!Доступ для людей с ограниченными возможностями\|Нахунлицзяо?action=edit&redlink=1 ""Нахунлицзяо (станция метро) (страница отсутствует)"")\| \|<br>\| \|! ""Налицунь (станция метро)"")\|!Доступ для людей с ограниченными";;;;;;;;
3ebee979-acb1-46ba-8714-d09c450d1694;knowledge_base\Транспорт Япета.md;"ограниченными возможностями\|Нахунлицзяо?action=edit&redlink=1 ""Нахунлицзяо (станция метро) (страница отсутствует)"")\| \|<br>\| \|! ""Налицунь (станция метро)"")\|!Доступ для людей с ограниченными возможностями\|Налицунь?action=edit&redlink=1 ""Налицунь (станция метро) (страница отсутствует)"")\| \|<br>\| \|! ""Хунъюньлу (станция метро)"")\|!Доступ для людей с ограниченными возможностями\|Хунъюньлу?action=edit&redlink=1 ""Хунъюньлу (станция метро) (страница отсутствует)"")\| \|<br>\| \|!\| \|<br>\| \|!\|депо Шацзин\| \|<br>\||";;;;;;;;
70481516-bcdb-4a27-a9d5-e633e9ff4235;knowledge_base\Транспорт Япета.md;"|Линия 5| |---| |!Перейти к шаблону «Линия 5 (Наньнин)» ""Перейти к шаблону «Линия 5 (Наньнин)»"")<br><br>Условные обозначения|";;;;;;;;
923d0be4-7503-446c-a711-53d16a1ba0c0;knowledge_base\Транспорт Япета.md;"|\| \| \| \| \| \| \| \|<br>\|---\|---\|---\|---\|---\|---\|---\|<br>\| \|! ""Саньтан (станция метро)"")\|_Саньтан?action=edit&redlink=1 ""Саньтан (станция метро) (страница отсутствует)"")_\| \|<br>\| \|!<br><br>!<br><br>!\|депо Саньтан\| \|<br>\| \|! ""Саньтанкэюньчжань (станция метро)"")\|_Саньтанкэюньчжань?action=edit&redlink=1 ""Саньтанкэюньчжань (станция метро) (страница отсутствует)"")_\| \|<br>\| \|! ""Цзяхэчэн (станция метро)"")\|_Цзяхэчэн?action=edit&redlink=1 ""Цзяхэчэн (станция метро) (страница отсутствует)"")_\| \|<br>\| \|! ""Цзяхэчэннань (станция метро)"")\|_Цзяхэчэннань?action=edit&redlink=1 ""Цзяхэчэннань (станция метро) (страница отсутствует)"")_\| \|<br>\| \|! ""Цзюцюйвань (станция метро)"")\|_Цзюцюйвань?action=edit&redlink=1 ""Цзюцюйвань (станция метро) (страница отсутствует)"")_\| \|<br>\| \|! ""Цзюцюйваньнань (станция метро)"")\|_Цзюцюйваньнань?action=edit&redlink=1 ""Цзюцюйваньнань (станция метро) (страница отсутствует)"")_\| \|<br>\| \|!\|";;;;;;;;
c5f1853b-fcfe-41bc-8f2a-356f6fd6fa6e;knowledge_base\Транспорт Япета.md;"(страница отсутствует)"")_\| \|<br>\| \|! ""Цзюцюйваньнань (станция метро)"")\|_Цзюцюйваньнань?action=edit&redlink=1 ""Цзюцюйваньнань (станция метро) (страница отсутствует)"")_\| \|<br>\| \|!\| \|<br>\| \|! ""Нахэ (станция метро)"")\|_Нахэ?action=edit&redlink=1 ""Нахэ (станция метро) (страница отсутствует)"")_\| \|<br>\| \|! ""Цзиньцяокэюньчжань (станция метро)"")\|!Доступ для людей с ограниченными возможностями\|Цзиньцяокэюньчжань?action=edit&redlink=1 ""Цзиньцяокэюньчжань (станция метро) (страница отсутствует)"")\| \|<br>\| \|! ""Цзянцяо (станция метро)"")\|!Доступ для людей с ограниченными возможностями\|Цзянцяо?action=edit&redlink=1 ""Цзянцяо (станция метро) (страница отсутствует)"")\| \|<br>\| \|! ""Юнбиньлицзяо (станция метро)"")\|!Доступ для людей с ограниченными возможностями\|Юнбиньлицзяо?action=edit&redlink=1 ""Юнбиньлицзяо (станция метро) (страница отсутствует)"")\| \|<br>\| \|! ""Сяоцзицунь (станция метро)"")<br><br>!<br><br>! ""Сяоцзицунь (станция";;;;;;;;
25c7dbd9-68b4-464f-8605-7d5190a61d4a;knowledge_base\Транспорт Япета.md;"возможностями\|Юнбиньлицзяо?action=edit&redlink=1 ""Юнбиньлицзяо (станция метро) (страница отсутствует)"")\| \|<br>\| \|! ""Сяоцзицунь (станция метро)"")<br><br>!<br><br>! ""Сяоцзицунь (станция метро)"")<br><br>!\|!Доступ для людей с ограниченными возможностями\|Сяоцзицунь?action=edit&redlink=1 ""Сяоцзицунь (станция метро) (страница отсутствует)"")\| \|<br>\| \|! ""Шишаньгунъюань (станция метро)"")\|!Доступ для людей с ограниченными возможностями\|Шишаньгунъюань?action=edit&redlink=1 ""Шишаньгунъюань (станция метро) (страница отсутствует)"")\| \|<br>\| \|! ""Хуцю (станция метро)"")\|!Доступ для людей с ограниченными возможностями\|Хуцю?action=edit&redlink=1 ""Хуцю (станция метро) (страница отсутствует)"")\| \|<br>\| \|! ""Бэйхунаньлу (станция метро)"")\|!Доступ для людей с ограниченными возможностями\|Бэйхунаньлу?action=edit&redlink=1 ""Бэйхунаньлу (станция метро) (страница отсутствует)"")\| \|<br>\| \|! ""Минсюлу (станция метро)"")<br><br>!<br><br>! ""Минсюлу (станция";;;;;;;;
eb802a20-d66e-429f-9555-e1ef4e079119;knowledge_base\Транспорт Япета.md;"ограниченными возможностями\|Бэйхунаньлу?action=edit&redlink=1 ""Бэйхунаньлу (станция метро) (страница отсутствует)"")\| \|<br>\| \|! ""Минсюлу (станция метро)"")<br><br>!<br><br>! ""Минсюлу (станция метро)"")<br><br>!\|!Доступ для людей с ограниченными возможностями\|Минсюлу?action=edit&redlink=1 ""Минсюлу (станция метро) (страница отсутствует)"")\| \|<br>\| \|! ""Бэйхунаньлу (станция метро)"")\|!Доступ для людей с ограниченными возможностями\|Бэйхунаньлу?action=edit&redlink=1 ""Бэйхунаньлу (станция метро) (страница отсутствует)"")\| \|<br>\| \|! ""Гуансидасюэ (станция метро)"")<br><br>!<br><br>! ""Гуансидасюэ (станция метро)"")<br><br>!\|!Доступ для людей с ограниченными возможностями\|Гуансидасюэ?action=edit&redlink=1 ""Гуансидасюэ (станция метро) (страница отсутствует)"")\| \|<br>\| \|! ""Синьсюгунъюань (станция метро)"")\|!Доступ для людей с ограниченными возможностями\|Синьсюгунъюань?action=edit&redlink=1 ""Синьсюгунъюань (станция метро) (страница отсутствует)"")\| \|<br>\| \|!";;;;;;;;
526fef19-9daa-48c9-a2a0-9426dd5e88da;knowledge_base\Транспорт Япета.md;"""Синьсюгунъюань (станция метро)"")\|!Доступ для людей с ограниченными возможностями\|Синьсюгунъюань?action=edit&redlink=1 ""Синьсюгунъюань (станция метро) (страница отсутствует)"")\| \|<br>\| \|! ""Уилицзяо (станция метро)"")<br><br>!<br><br>! ""Уилицзяо (станция метро)"")<br><br>!\|!Доступ для людей с ограниченными возможностями\|Уилицзяо?action=edit&redlink=1 ""Уилицзяо (станция метро) (страница отсутствует)"")\| \|<br>\| \|! ""Чжоуцзяпо (станция метро)"")\|!Доступ для людей с ограниченными возможностями\|Чжоуцзяпо?action=edit&redlink=1 ""Чжоуцзяпо (станция метро) (страница отсутствует)"")\| \|<br>\| \|! ""Цзяннаньгунъюань (станция метро)"")\|!Доступ для людей с ограниченными возможностями\|Цзяннаньгунъюань?action=edit&redlink=1 ""Цзяннаньгунъюань (станция метро) (страница отсутствует)"")\| \|<br>\| \|! ""Цзинькайлу (станция метро)"")\|!Доступ для людей с ограниченными возможностями\|Цзинькайлу?action=edit&redlink=1 ""Цзинькайлу (станция метро) (страница отсутствует)"")\| \|<br>\|";;;;;;;;
a9c08b2c-a867-4435-93e9-17b248772c5c;knowledge_base\Транспорт Япета.md;"\|<br>\| \|! ""Цзинькайлу (станция метро)"")\|!Доступ для людей с ограниченными возможностями\|Цзинькайлу?action=edit&redlink=1 ""Цзинькайлу (станция метро) (страница отсутствует)"")\| \|<br>\| \|! ""Нахунлицзяо (станция метро)"")<br><br>!<br><br>! ""Нахунлицзяо (станция метро)"")<br><br>!\|!Доступ для людей с ограниченными возможностями\|Нахунлицзяо?action=edit&redlink=1 ""Нахунлицзяо (станция метро) (страница отсутствует)"")\| \|<br>\| \|! ""Гокайдадао (станция метро)"")\|!Доступ для людей с ограниченными возможностями\|Гокайдадао?action=edit&redlink=1 ""Гокайдадао (станция метро) (страница отсутствует)"")\| \|<br>\| \|!\| \|<br>\| \|!\|депо Нахун\| \|<br>\||";;;;;;;;
0756ffe1-a2ec-490f-87da-d2178bcf263b;knowledge_base\Транспорт Япета.md;**Транспорт Япета** — действующая система метро в городе Наньнин в КНР.;;;;;;;;
c99178d4-c987-4171-a872-0548f28ca19f;knowledge_base\Транспорт Япета.md;## История Предварительная разработка проекта началась в конце 2005 года, и в июне 2010 года начался основной этап строительства. Метрополитен открыт 28 июня 2016 года в 12:00 (UTC+8). На всех станциях установлены платформенные раздвижные двери.;;;;;;;;
83fcf535-0757-4c82-b30c-17997bc8cdf7;knowledge_base\Транспорт Япета.md;## Линии - Первая линия (зеленая). Проходит с востока на запад. 28 июня 2016 года открыт восточный участок, 10 станций, протяжённость 11,2 км, время проезда 19 мин;;;;;;;;
94afd384-6c64-4eff-bc19-9d575611a7c2;knowledge_base\Транспорт Япета.md;## Проезд Стоимость проезда (в юанях CNY-RMB): - 0—6км — 2 - 6—12км — 3 - 12—18км — 4 - 18—26км — 5 - 26—34км — 6 ## ВІО > [!Тір]+ > Source:: > Child:: > Next::;;;;;;;;
98d9ba74-794f-4c39-b024-41681d305a43;knowledge_base\Транспортная система Ориона.md;--- aliases: Источник: Дата: 2026.06.12 11:15 --- | | |---| || Транспортная система Ориона ![[2a16dc587eb85789fc1080eb392cb8f5_MD5.jpg]] Тип скоростной трамвай Населённые пункты Красноярск Дата открытия 2026 год Эксплуатационная длина линий 11 км Количест;;;;;;;;
c3741b7d-b5fc-49bd-85d4-2dc2aef4b4c7;knowledge_base\Транспортная система Ориона.md;## История;;;;;;;;
5c77bf93-a2e3-478d-b5c4-c1404e81c77c;knowledge_base\Транспортная система Ориона.md;### Транспортная система Ориона Подготовительные и горно-капитальные работы по строительству Транспортной системы Ориона начались в 1994 году. Непосредственное строительство — был вынут первый ковш земли — началось 17 октября 1995 года. На стволе № 5 (станция «Площадь Революции») работы начались 30 января 1996 года. К 2003 году ствол был пройден до проектной глубины — 71,2 м, на поверхности был построен весь комплекс временных зданий и сооружений, необходимых для проходки околоствольных выработок и перегонных тоннелей. На участке ствола выполнены горно-проходческие работы по сооружению насосной камеры и обходной штольни.;;;;;;;;
3102ecf0-17e9-40ef-aeb2-8a9d0a554c6b;knowledge_base\Транспортная система Ориона.md;Работы на станции «Вокзальная» (ствол № 3) начались 19 августа 1996 года. Однако из-за недостаточного финансирования к августу 2003 года был выполнен не весь запланированный объём работ: шахтный ствол был пройден до проектной отметки 69,4 м, велось сооружение дозаторной камеры и подземного бункера накопителя. Горнопроходческий комбайн к тому времени уже находился под землёй. В 1998 году финансирование пошло на убыль, из городского бюджета средства не выделялись, а в 1999 году ситуация стала настолько критической, что генеральный директор «Красноярскметростроя» (подразделение ОАО «Бамтоннельстрой») пригрозил отключить откачивающие воду насосы. После проведения подготовительных работ и сооружения подходных выработок, 26 декабря 2001 года отечественным проходческим щитом КПЩ-12 от шахтного ствола № 2 (на улица Ладо Кецховели) на глубине 60 м началась проходка непосредственно левого перегонного тоннеля в сторону будущей станции «Улица Копылова».;;;;;;;;
aa53988f-f77d-4f5c-9652-d06ad2e52395;knowledge_base\Транспортная система Ориона.md;В июле 2003 года в Красноярске был введён в эксплуатацию завод, оснащённый автоматической карусельной линией по производству высокоточных железобетонных блоков для обделки тоннелей. Оборудование было поставлено французской фирмой СВЕ. Завод выпускает до 11 блоков за смену. Железобетонные блоки стали поставляться на строительство метрополитенов Красноярска, Новосибирска, Челябинска. К этому времени проходческий комплекс КПЩ-12 прошёл 242 м левого перегонного тоннеля. После установки приставки механизированной разработки забоя скорость проходки тоннеля значительно возросла. 5 сентября 2003 года на строительной площадке станции «Высотная» был запущен в эксплуатацию (после консервации работ на площадке в 1997—2001 годах) доставленный из Сингапура в 2002 году ТПМК LOVAT. Под него была построена монтажная камера длиной 120 м, шириной 24 м и глубиной 12 м. В 2005 году федеральный бюджет выделил 144 млн рублей, на которые было пройдено 250 м тоннеля «Высотная» — «Улица Копылова».;;;;;;;;
00967b38-fe58-4864-9038-9213da9e9e0b;knowledge_base\Транспортная система Ориона.md;В 2005 году федеральный бюджет выделил 144 млн рублей, на которые было пройдено 250 м тоннеля «Высотная» — «Улица Копылова». В 2006 году было выделено 230,2 млн рублей. В 2007 году было освоено 630 млн рублей, 588 млн из которых поступили из федерального бюджета, остальные — из бюджета края. На эти деньги в 2007 году выполнено 930 погонных метров тоннелей на перегонах между станциями «Высотная», «Улица Копылова» и «Вокзальная». Также институтом «Красноярскметропроект» выполнен ряд проектных работ на сумму 23 млн рублей. К сентябрю 2007 года было пройдено более 2 100 м непосредственно перегонных тоннелей, не считая подходных выработок и шахтных стволов. К маю 2008 года на Транспортной системе Ориона пройдено уже более 3,5 км горных выработок, из них готовых тоннелей — около 3 км. Всего освоено порядка 4,8 млрд рублей. Помимо проходки тоннелей, продолжалось:;;;;;;;;
2a5fa1ec-388c-421b-88e2-945b693bd2f0;knowledge_base\Транспортная система Ориона.md;Помимо проходки тоннелей, продолжалось: - строительство станции «Высотная» (открытым способом) — сооружение котлована, объектов платформенного участка, вестибюлей, других элементов станции;" - работы по проектированию электродепо и станций, входящих в пусковой комплекс. В 2008 году из федерального бюджета на строительство Транспортной системы Ориона был выделен 801 млн рублей.""";;;;;;;
a671e1fb-e65a-4093-99ed-6ad6fa58def9;knowledge_base\Транспортная система Ориона.md;В 2008 году из федерального бюджета на строительство Транспортной системы Ориона был выделен 801 млн рублей. В тот же год было принято решение горные выработки станции «Площадь Революции» законсервировать до введения в эксплуатацию первого участка из 3 станций;;;;;;;;
717b08d6-2c3a-4b1f-bf96-dd931ae67d78;knowledge_base\Транспортная система Ориона.md;### От метрополитена к скоростному трамваю В июне 2022 года специалисты компании «Моспроект-3» на совещании с участием руководства Красноярского края и Минстроя РФ предложили решение по достройке тоннелей красноярского метро и модернизации наземных участков для запуска скоростного трамвая. В первую очередь подземного участка новой системы помимо ранее спроектированных и некоторых начатых строительством станций «Высотная», «Улица Копылова», «Вокзальная» и «Площадь Революции» войдёт станция «Улица Карла Маркса» и подземный перегон до наземной станции «Улица Шахтёров». После глобальной корректировки проекта теперь все станции запроектированы колонными мелкого заложения. Это не помешает задействовать ранее построенные тоннели от «Высотной» до «Улицы Копылова».;;;;;;;;
57b2c1a1-b339-4a9c-bd32-aa753b59a9bd;knowledge_base\Транспортная система Ориона.md;Летом 2023 года начались строительные работы на площадке станции «Улица Шахтёров». В сентябре и октябре 2024 года запущены 2 ТПМК из котлована у этой станции к станции «Улица Карла Маркса». Строительство первой очереди из 6 подземных станций планируется закончить за 3 года, т.е. в 2026 году.;;;;;;;;
081aad0c-c30c-413c-abec-844483850455;knowledge_base\Транспортная система Ориона.md;## Техническая информация В расположенном по обеим сторонам Енисея и вытянутом вдоль его берегов почти на 40 км Красноярске очень тяжёлые для строительства метрополитена грунты — сильно трещиноватые, значительно обводнённые и проседающие. Они требуют как тщательного крепления забоев, так и специальных методов проходки, а следовательно — дорогостоящего оборудования. Большинство запроектированных станций Красноярского метро по предыдущему проекту — глубокого заложения. Средняя глубина Транспортной системы Ориона — 60 м;;;;;;;;
128043e3-5ae7-4ec6-b436-74dc016b74f8;knowledge_base\Транспортная система Ориона.md;Для проходки тоннелей применялся ТПМК LOVAT канадского производства, именуемый «Ольга» и отечественный щитовой комплекс КПЩ-12 (левый перегонный тоннель). Среди вспомогательного оборудования имеются германский дизелевоз Schoma, вагоны ВСК-6,2 и растворовозы на базе бетононасосов Skru-Krit (Япония). Обделка тоннелей производится высокоточными железобетонными блоками. До 2011 года строительство вёл ООО «Красноярскметрострой» с привлечением головной организации ОАО «Бамтоннельстрой», также расположенной в Красноярске. С 2023 года строительство ведёт ООО «Моспроект-3» также с привлечением «Бамтоннельстроя».;;;;;;;;
2af3bd55-32d4-4855-a787-995843be94ed;knowledge_base\Транспортная система Ориона.md;## Примечания ## ВІО > [!Тір]+ > Source:: > Child:: > Next::;;;;;;;;
0a3c297f-9791-4f59-b49b-857e552e5ed5;knowledge_base\Харьковский метрополитен.md;--- aliases: Источник: Дата: 2026.06.12 11:15 --- # | | |---| || Харьковский метрополитен ![[f79fbff8845b26e22e5dae99f93bb0a2_MD5.png]] Тип метрополитен Населённые пункты Харьков Оператор КП «Харьковский метрополитен» Начальник Вячеслав Стаматин Дата откр;;;;;;;;
28acacdb-bcad-495f-bde5-cda13ac32cb1;knowledge_base\Харьковский метрополитен.md;"## Содержание - 1Линии - 2Статистика - 3Оплата проезда - 4Перспективы развития ## Линии |#|Линия|Конечные станции (I путь)|Количество станций|Эксплуатационная длина, км| |---|---|---|---|---| |**1**|Холодногорско-Заводская линия|«Холодная гора» ""Холодная гора (станция метро, Харьков)"") → «Индустриальная» ""Индустриальная (станция метро, Харьков)"")|13|17,3| |**2**|Салтовская линия|«Исторический музей» ""Исторический музей (станция метро, Харьков)"") → «Героев труда» ""Героев труда (станция метро, Харьков)"")|8|10,2| |**3**|Алексеевская линия|«Метростроителей» ""Метростроителей (станция метро, Харьков)"") → «Победа»&action=edit&redlink=1 ""Победа (станция метро, Харьков) (страница не существует)"")|9|11|";;;;;;;;
c02c3429-05e0-43ce-873f-b40fb10aafc6;knowledge_base\Харьковский метрополитен.md;"## Статистика | | | |---|---| |Эксплуатационная длина линий|38,5 км| |Количество линий|3| |Количество станций|30| |Количество электродепо|2| |Количество вагонов|321| |Количество эскалаторов|47| |Количество станций с эскалаторами|13| |Количество вентиляционных шахт|60| |Количество стрелочных переводов|135| |Развёрнутая длина тоннелей|99,96 км| |Количество сотрудников|2 100| ## Оплата проезда Основным средством оплаты проезда является действующий в течение дня бумажный билет со штрих-кодом. Стоимость проезда — 4 гривны. ## Перспективы развития ![[a25020eff9deddc87d8373102236760c_MD5.jpg]] Перспективная схема метрополитена - Строительство участка «Метростроителей» ""Метростроителей (станция метро, Харьков)"") — «Одесская»&action=edit&redlink=1 ""Одесская (станция метро, Харьков) (страница не существует)"") Алексеевской линии. - Строительство электродепо ТЧ-3 «Алексеевское»&action=edit&redlink=1 ""Алексеевское (электродепо, Харьков) (страница не существует)"").";;;;;;;;
b1f89826-4f0c-48c7-ba35-fab49be34116;knowledge_base\Харьковский метрополитен.md;## ВІО > [!Тір]+ > Source:: > Child:: > Next::;;;;;;;;
2f6c0ae9-cac1-4305-8ccd-5db32e63e458;knowledge_base\Челябинский скоростной трамвай.md;--- aliases: Источник: Дата: 2026.06.12 11:15 --- # Челябинский скоростной трамвай | | |---| || Челябинский скоростной трамвай ![[93422db0cde2533aeb5e23b3cee4aa65_MD5.png]] Тип скоростной трамвай Населённые пункты Челябинск Дата открытия 2026 год Эксплуат;;;;;;;;
b086bb97-a385-4fbf-87c5-f15ff2db24c2;knowledge_base\Челябинский скоростной трамвай.md;"| | | |---|---| |\| \| \|<br>\|---\|---\|<br>\|![[33d969bd69b26dd560f700c181e6864f_MD5.png]]\|![[3624cc9ccb8f2c2c2291b4641288657c_MD5.png]]\||Каспинская улица (проект.)| |\| \| \|<br>\|---\|---\|<br>\|![[3624cc9ccb8f2c2c2291b4641288657c_MD5.png]]\|![[ea29e248efadbe263ad120fd013ec428_MD5.png]]<br><br>![[5d798e73860a02029630aa256ffc11ac_MD5.png]]\||Улица Косарева (проект.)| |\| \| \|<br>\|---\|---\|<br>\|![[ea29e248efadbe263ad120fd013ec428_MD5.png]]<br><br>![[5d798e73860a02029630aa256ffc11ac_MD5.png]]\|![[5d798e73860a02029630aa256ffc11ac_MD5.png]]\||| |\| \| \|<br>\|---\|---\|<br>\|![[518dd234aca041a85bde1b494a60a121_MD5.png]]\|![[d64bdc403869504749d907f5c2ffc17e_MD5.png]]\||| |\| \| \|<br>\|---\|---\|<br>\|![[33d969bd69b26dd560f700c181e6864f_MD5.png]] ""Торговый центр (станция метро, Челябинск)"")\|![[9c2d55b03b01b2392287d73c9b1ecef3_MD5.png]]\||Торговый центр (строится) ""Торговый центр (станция метро, Челябинск)"")|";;;;;;;;
92bbcbc3-e8ae-407e-a063-5d10c61cec1c;knowledge_base\Челябинский скоростной трамвай.md;"|\| \| \|<br>\|---\|---\|<br>\|![[f1f2b13d1c5fa13f6fb6723121a8ddd2_MD5.png]] ""Площадь Революции (станция метро, Челябинск)"")<br><br>![[9c2d55b03b01b2392287d73c9b1ecef3_MD5.png]] ""Площадь Революции (станция метро, Челябинск)"")\|![[d65849843396f3a64265a5dd0aaf6c6d_MD5.png]]<br><br>![[9c2d55b03b01b2392287d73c9b1ecef3_MD5.png]]\||Площадь Революции (строится) ""Площадь Революции (станция метро, Челябинск)"")| |\| \| \|<br>\|---\|---\|<br>\|![[33d969bd69b26dd560f700c181e6864f_MD5.png]]\|![[cb5949e9b2d1ce4e8c97d074374bc2dc_MD5.png]]<br><br>![[5d798e73860a02029630aa256ffc11ac_MD5.png]]\||| |\| \| \|<br>\|---\|---\|<br>\|![[33d969bd69b26dd560f700c181e6864f_MD5.png]]\|![[5ec6955e3f755a182ac5ab7a271c9ffa_MD5.png]]\||Улица Овчинникова (строится)|";;;;;;;;
410ce8f4-c9ed-4925-a6d1-e2af1e8bf53e;knowledge_base\Челябинский скоростной трамвай.md;**Челябинский скоростной трамвай** — строящаяся система линий скоростного трамвая в Челябинске.;;;;;;;;
113b829b-a004-4ac3-ba31-7df689fe0a51;knowledge_base\Челябинский скоростной трамвай.md;## Содержание - 1История - 1.1Челябинский метрополитен - 1.2От метрополитена к скоростному трамваю - 2Проекты станций - 2.1«Проспект Победы» - 2.2«Торговый центр» - 2.3«Площадь Революции» - 2.4«Комсомольская площадь» - 2.4.1Строительство - 2.5«Тракторозаводская» - 3Инженерный корпус - 4Примечания - 5Ссылки;;;;;;;;
cfcaf3d2-ee75-4084-9958-1da6d770226c;knowledge_base\Челябинский скоростной трамвай.md;## История;;;;;;;;
ce8cdfa9-e3f6-4c38-997e-11dc30cc722d;knowledge_base\Челябинский скоростной трамвай.md;"### Челябинский метрополитен ![[8c53aea318fa471e80bdff4527f5d2fb_MD5.jpg]] Схема метрополитена Впервые метрополитен был предложен в Генеральном плане города в 1967 году. Рабочий проект был разработан в 1980-х годах институтом «Ленметрогипротранс». 11 ноября 2004 — начало проходки первого тоннеля от портала электродепо до станции «Комсомольская площадь» ""Комсомольская площадь (станция метро, Челябинск)""). 27 ноября 2007 — окончание проходки первого тоннеля от портала электродепо до станции «Комсомольская площадь». 8 августа 2008 — начало проходки первого тоннеля перегона «Комсомольская площадь» — «Площадь Революции» ""Площадь Революции (станция метро, Челябинск)""). 14 апреля 2009 — сбойка правого перегонного тоннеля между станциями «Торговый центр» ""Торговый центр (станция метро, Челябинск)"") и «Проспект Победы» ""Проспект Победы (станция метро, Челябинск)""). Июль 2009 — сбойка левого перегонного тоннеля между станциями «Торговый центр» и «Проспект Победы».";;;;;;;;
6bf92d23-531d-43e4-b46c-5950c9d18329;knowledge_base\Челябинский скоростной трамвай.md;"27 мая 2010 года на Всероссийском градостроительном совещании главный архитектор ОАО «Метрогипротранс»"") Николай Шумаков представил новый проект пускового участка Челябинского метрополитена от станции «Тракторозаводская» ""Тракторозаводская (станция метро, Челябинск)"") до станции «Проспект Победы», который на 30 % экономичнее предыдущих. В проекте описана линия с эксплуатационной длиной 7,4 км и общей 8,5 км. Пусковой комплекс включает в себя участок из 5 станций, электродепо (ССВ к которому расположена у станции «Комсомольская площадь») и инженерный корпус. На первом этапе предлагается ввод участка из 4 станций (без «Тракторозаводской»). Оформление станций выполнено в стиле Hi-Tech.[[1]](https://wiki.nashtransport.ru/wiki/%D0%A7%D0%B5%D0%BB%D1%8F%D0%B1%D0%B8%D0%BD%D1%81%D0%BA%D0%B8%D0%B9_%D1%81%D0%BA%D0%BE%D1%80%D0%BE%D1%81%D1%82%D0%BD%D0%BE%D0%B9_%D1%82%D1%80%D0%B0%D0%BC%D0%B2%D0%B0%D0%B9#cite_note-1)";;;;;;;;
a1e5d51b-fd41-4378-9c09-b00ff759fd80;knowledge_base\Челябинский скоростной трамвай.md;23 июня 2010 года на градостроительном совете руководством Челябинска одобрен архитектурный проект пяти станций первой очереди метрополитена. Проект представлял лично Николай Шумаков. Там же главой администрации города Сергеем Давыдовым были озвучены размеры освоенных средств: за 18 лет, в течение которых ведётся строительство, было израсходовано 12 млрд рублей, на окончание строительства первой очереди требуется ещё 25 млрд рублей.[[2]](https://wiki.nashtransport.ru/wiki/%D0%A7%D0%B5%D0%BB%D1%8F%D0%B1%D0%B8%D0%BD%D1%81%D0%BA%D0%B8%D0%B9_%D1%81%D0%BA%D0%BE%D1%80%D0%BE%D1%81%D1%82%D0%BD%D0%BE%D0%B9_%D1%82%D1%80%D0%B0%D0%BC%D0%B2%D0%B0%D0%B9#cite_note-2);;;;;;;;
c39ef87e-b4a1-4538-b9d7-fcca52ad7d33;knowledge_base\Челябинский скоростной трамвай.md;"В 2011 году было завершено строительство в конструкциях станции «Комсомольская площадь» и наклонного хода станции «Торговый центр».[[3]](https://wiki.nashtransport.ru/wiki/%D0%A7%D0%B5%D0%BB%D1%8F%D0%B1%D0%B8%D0%BD%D1%81%D0%BA%D0%B8%D0%B9_%D1%81%D0%BA%D0%BE%D1%80%D0%BE%D1%81%D1%82%D0%BD%D0%BE%D0%B9_%D1%82%D1%80%D0%B0%D0%BC%D0%B2%D0%B0%D0%B9#cite_note-3) Вскоре строительство метрополитена было прекращено из-за недостатка финансирования. _См. также: Буклет «Челябинский метрополитен» ""Челябинский метрополитен (буклет)"") и Статья «МУП „Челябметротрансстрой“ — 20 лет» ""МУП «Челябметротрансстрой» — 20 лет (статья)"")._";;;;;;;;
e3d1cc5b-93c8-48eb-b4f1-4a73e0e44273;knowledge_base\Челябинский скоростной трамвай.md;### От метрополитена к скоростному трамваю В 2021 году по итогам работы комиссии по региональному развитию правительства РФ эксперты пришли к заключению, что заложенные в Челябинске линии метрополитена не имеют никакой перспективы и достраивать их не имеет смысла. Вместе с тем некоторую инфраструктуру недостроенного метро можно использовать для лёгкорельсового транспорта — скоростного трамвая, пути которого будут проложены как по земле, так и в тоннелях. В том же месяце были презентованы и предварительные маршруты метротрамвая: ул. Чичерина — ул. Лизы Чайкиной, ЧМЗ — ТРК «Алмаз», Медгородок — ЧТЗс двумя независимыми подземными участками, идущими с юга на север (с организацией вилочного движения) и с востока на запад. При этом планируется использовать три ранее начатые строительством подземные станции: «Торговый центр», «Площадь Революции» и «Комсомольская площадь».;;;;;;;;
3dc77f8d-553b-42a1-aced-c2b451bfae0e;knowledge_base\Челябинский скоростной трамвай.md;Первая очередь включает в себя линию с севера на юг с 2 подземными станциями «Торговый центр» и «Площадь Революции», а также подземными перегонами к 3 наземным остановочным пунктам, вблизи которых расположатся рамповые участки. Длина линии — 9,4 км. В сентябре 2024 года начались строительные работы вблизи остановочного пункта «Улица Овчинникова» будущего скоростного трамвая.[[4]](https://wiki.nashtransport.ru/wiki/%D0%A7%D0%B5%D0%BB%D1%8F%D0%B1%D0%B8%D0%BD%D1%81%D0%BA%D0%B8%D0%B9_%D1%81%D0%BA%D0%BE%D1%80%D0%BE%D1%81%D1%82%D0%BD%D0%BE%D0%B9_%D1%82%D1%80%D0%B0%D0%BC%D0%B2%D0%B0%D0%B9#cite_note-4);;;;;;;;
26b7cdf4-5308-4bfa-95e1-3e5e3844720f;knowledge_base\Челябинский скоростной трамвай.md;## Проекты станций **Архитекторы:** Н. И. Шумаков, А. Ю. Орлов, А. В. Некрасов, В. С. Волович. Основным формообразующим фактором при создании архитектурного пространства Челябинского метрополитена является организация искусственного освещения. Проекты станций несут в себе единый принципиальный подход к решению освещения. Архитектурно-пластическое решение станций основано на использовании крупных архитектурных элементов (таких как свод, стена, пилон) в качестве отражателей или рассеивателей света. При этом номинальные источники света имеют вспомогательное значение. На платформах всех станций устанавливаются скамьи для пассажиров, совмещённые с информационной системой на светопрозрачных щитах, не загромождающих пространство станции. Для отделки пассажирских помещений применяются долговечные негорючие материалы, традиционные для метрополитенов России, такие как гранит, мрамор и нержавеющая сталь.;;;;;;;;
25ae3afe-7dcb-45c0-b058-0564b00958c4;knowledge_base\Челябинский скоростной трамвай.md;Для отделки пассажирских помещений применяются долговечные негорючие материалы, традиционные для метрополитенов России, такие как гранит, мрамор и нержавеющая сталь. Для декоративно-художественного оформления станций используются изделия местных народных промыслов — каслинское литье, златоустовская гравюра, применяются уральские самоцветы, такие как малахит, родонит, яшма. Вновь построенные лестницы выходов накрываются наземными павильонами из светопрозрачных материалов для защиты от атмосферных осадков. На всех станциях предусмотрены подъёмные механизмы, обеспечивающие возможность доступа в метрополитен маломобильным пассажирам.;;;;;;;;
102cfce2-d005-4542-af9c-094c13fcdf7e;knowledge_base\Челябинский скоростной трамвай.md;### «Проспект Победы» Станция расположена вдоль одноимённого проспекта между Краснознамённой улицей и Свердловским проспектом. Выходы из вестибюля № 1 выводят пассажиров на все четыре стороны перекрёстка проспектов Победы и Свердловского. Один из выходов на Свердловский проспект встраивается в проектируемое здание инженерного корпуса Челябинского метрополитена. Вестибюль № 2 располагается вблизи Краснознамённой улицы с выходами на обе стороны проспекта Победы. Пилонная станция глубокого заложения в металлической обделке. Водозащитный зонт выполнен из стеклопластиковых панелей. Облицовка пилонов со стороны центрального зала выполнена из светопрозрачных материалов (молочного стекла) по криволинейной поверхности. Для освещения боковых залов станции предназначены светящиеся поверхности в нижней части свода. Торцевые стороны пилонов в местах соприкасания со светящимися элементами выполнены из металла, остальные поверхности выполнены из мрамора. За станцией расположены оборотные тупики.;;;;;;;;
162a6053-4495-4334-92fb-0353d30990c0;knowledge_base\Челябинский скоростной трамвай.md;"За станцией расположены оборотные тупики. - ![[2fb67a7ac6db016c2075a9d0377efc29_MD5.jpg]] Центральный зал - ![[7e9fe903577f443d6c96c986f569e576_MD5.jpg]] Боковой зал - ![[8b198b30b4c8a2ba1cf3fda7afb121bf_MD5.jpg]]"") Платформа (1980-е)";;;;;;;;
c7b50c10-7ddd-4b75-93e7-7d86344f8368;knowledge_base\Челябинский скоростной трамвай.md;### «Торговый центр» Станция расположена под рекой Миасс между улицами Труда и 8 Марта и имеет два наземных вестибюля. Один на левом берегу реки перед большим торговым центром, другой — на правом берегу в парке у городского краеведческого музея, недалеко от здания спортивно-развлекательного центра. Односводчатая станция глубокого заложения. Декоративная поверхность свода станции выполнена из металлических панелей белого цвета и является экраном-отражателем для источников света, расположенных по нижнему обрезу свода. Пластика достигается ритмическим расположением разрывов между освещёнными участками декоративного свода. Обслуживание источников света ведётся с мостиков, размещённых между освещённой поверхностью и конструктивной обделкой станции. Блок служебных и технических помещений располагается под платформой.;;;;;;;;
f87a1157-4f51-4f2b-a9c6-ad20caf882f5;knowledge_base\Челябинский скоростной трамвай.md;"Обслуживание источников света ведётся с мостиков, размещённых между освещённой поверхностью и конструктивной обделкой станции. Блок служебных и технических помещений располагается под платформой. - ![[b5e03ecf357d8b4e9c9669622a6c22b1_MD5.jpg]] Платформа - ![[f8165fc3e13b64ebfa9bc1f206363f4a_MD5.jpg]] Путевая стена - ![[8db886b07ccec9f1eee0d9fd1706117e_MD5.jpg]] Вестибюль - ![[0ff4567c5ce5f37794ad35d5e8e12f64_MD5.jpg]] Вестибюль - ![[fa699a9adbd06e62e59dc55309e626b2_MD5.jpg]] Вестибюль - ![[7813fae72e90fbcb308bf2a6f6c95ea3_MD5.jpg]]"") Платформа (1980-е) _См. также: Статья «Строительство эскалаторного тоннеля на станции „Торговый центр“ Челябинского метрополитена» ""Строительство эскалаторного тоннеля на станции «Торговый центр» Челябинского метрополитена (статья)"")._";;;;;;;;
8276a236-c416-408b-b892-4139d17206dc;knowledge_base\Челябинский скоростной трамвай.md;### «Площадь Революции» Станция расположена под проспектом Ленина в зоне пересечения с улицей Цвиллинга. Выходы из вестибюля № 2 примыкают к пешеходному переходу под этим перекрёстком. Вестибюль № 1 размещён в зоне пересечения с улицей Пушкина и в перспективе будет связан с подземным торговым пространством под перекрёстком проспекта с улицей Свободы. Колонно-стеновая станция глубокого заложения в металлической обделке. Водозащитный зонт выполнен из стеклопластиковых панелей. Облицовка опорных пилонов со стороны центрального зала представляет собой светящуюся поверхность из светопрозрачного материала (молочного стекла), рассеивающую свет, идущий от источников, расположенных внизу пилона. Для освещения боковых залов станции предназначены светящиеся поверхности в нижней части свода, идущие через всю станцию над пилонами и проёмами. Остальные поверхности пилонов облицованы мрамором.;;;;;;;;
a7053a9b-aff1-472b-beb6-f271c51c980f;knowledge_base\Челябинский скоростной трамвай.md;- ![[33c4dfbc0347f3a058e9538b11280e4c_MD5.jpg]] Центральный зал - ![[ffe2dc082caf38c9ac17037287fc4360_MD5.jpg]] Боковой зал - ![[23e94ac38243cd7aa0bbd78d43979589_MD5.jpg]] Павильон - ![[7e6281a4412c18a645dd682c8a20888c_MD5.jpg]] Павильон - ![[40eb3194d286;;;;;;;;
0365533b-4258-434b-bebc-75b2fe859e3f;knowledge_base\Челябинский скоростной трамвай.md;### «Комсомольская площадь» Станция расположена под проспектом Ленина в зоне пересечения его с улицей Горького у детского парка имени В. И. Терешковой. Выходы из вестибюля № 1 производятся на обе стороны как проспекта Ленина, так и улицы Горького. Выходы из вестибюля № 2 ведут на проспект. Односводчатая станция мелкого заложения из монолитного железобетона. Пластическое решение свода основано на ритмическом чередовании освещённых и неосвещённых участков. Освещённые участки представляют из себя кессоны, отражающие свет. Свод станции становится светильником. Для обслуживания источников света по цоколю со стороны путевой стены проходит эксплуатационная галерея. В цоколе размещается кабельный коллектор. За станцией расположен стрелочный съезд между главными путями для оборота поездов на первом этапе.;;;;;;;;
7e477614-1327-4055-ac81-02c79195ced0;knowledge_base\Челябинский скоростной трамвай.md;## ВІО > [!Тір]+ > Source:: > Child:: > Next::;;;;;;;;
9b40fcae-74b2-41d7-8b74-90d1f643cf6c;knowledge_base\Шанхайский метрополитен.md;--- aliases: Источник: Дата: 2026.06.12 11:42 --- # Шанхайский метрополитен - Статья - Обсуждение - Читать - Текущая версия - Править - Править код - История Инструменты Материал из Википедии — свободной энциклопедии Текущая версия страницы пока не провер;;;;;;;;
c4587040-d815-4ac0-826a-70d642e82c20;knowledge_base\Шанхайский метрополитен.md;|Шанхайский метрополитен| | |---|---| |кит. 上海地铁| | |![[77d024af70db51b23b196ba9c144085e_MD5.png]]| | |![[e0537004e4e842f6d823979b30705bd4_MD5.jpg]]| | |Описание| | |Тип|метрополитен| |Страна|![[fbbc599e838093332e7279c2c8aca067_MD5.webp]] Китай| |Расположение|Шанхай и провинция Цзянсу| |Дата открытия|28 мая 1993| |Владелец|Shanghai Shentong Metro Group| |Эксплуатант|Shanghai Metro Operation Co., Ltd.| |Дневной пассажиропоток|8,486 млн чел. (2013)[[1]](https://ru.wikipedia.org/wiki/%D0%A8%D0%B0%D0%BD%D1%85%D0%B0%D0%B9%D1%81%D0%BA%D0%B8%D0%B9_%D0%BC%D0%B5%D1%82%D1%80%D0%BE%D0%BF%D0%BE%D0%BB%D0%B8%D1%82%D0%B5%D0%BD#cite_note-1)| |Годовой пассажиропоток|3 401 млн чел. (2016)[[2]](https://ru.wikipedia.org/wiki/%D0%A8%D0%B0%D0%BD%D1%85%D0%B0%D0%B9%D1%81%D0%BA%D0%B8%D0%B9_%D0%BC%D0%B5%D1%82%D1%80%D0%BE%D0%BF%D0%BE%D0%BB%D0%B8%D1%82%D0%B5%D0%BD#cite_note-2)| |Сайт|www.shmetro.com| |Маршрутная сеть| | |Число линий|20|;;;;;;;;
677b133f-c858-4c7b-a40d-e05e2967a11d;knowledge_base\Шанхайский метрополитен.md;|Сайт|www.shmetro.com| |Маршрутная сеть| | |Число линий|20| |Число станций|509[[3]](https://ru.wikipedia.org/wiki/%D0%A8%D0%B0%D0%BD%D1%85%D0%B0%D0%B9%D1%81%D0%BA%D0%B8%D0%B9_%D0%BC%D0%B5%D1%82%D1%80%D0%BE%D0%BF%D0%BE%D0%BB%D0%B8%D1%82%D0%B5%D0%BD#cite_note-noinclude-3)| |Длина сети|802 км[[3]](https://ru.wikipedia.org/wiki/%D0%A8%D0%B0%D0%BD%D1%85%D0%B0%D0%B9%D1%81%D0%BA%D0%B8%D0%B9_%D0%BC%D0%B5%D1%82%D1%80%D0%BE%D0%BF%D0%BE%D0%BB%D0%B8%D1%82%D0%B5%D0%BD#cite_note-noinclude-3)| |Подвижной состав| | |Размер ПС|7394| |Число депо|14| |Технические данные| | |Ширина колеи|1435 мм (европейская колея)| |Электрификация|1500 В, верхний токосъём| |Максимальная скорость|120 км в час (линия 16)| |\|Схема линий\|<br>\|---\|<br>\|![[0ccbc72b13663c8d730f5bedaab06545_MD5.png]]\|| | |![[f12cbdcd3e86b552f3d9624be7bc486e_MD5.webp]] Медиафайлы на Викискладе| |;;;;;;;;
4de3994a-f314-4f26-8225-eae7320f78c5;knowledge_base\Шанхайский метрополитен.md;**Шанха́йский метрополите́н** (кит. упр. 上海地铁, пиньинь _Shànghǎi Dìtiě_, палл. _Шанхай дите_) — скоростная внеуличная система рельсового транспорта, связывающая город Шанхай с провинцией Цзянсу. Является вторым после Пекина в мире по протяжённости (743 км[[3]](https://ru.wikipedia.org/wiki/%D0%A8%D0%B0%D0%BD%D1%85%D0%B0%D0%B9%D1%81%D0%BA%D0%B8%D0%B9_%D0%BC%D0%B5%D1%82%D1%80%D0%BE%D0%BF%D0%BE%D0%BB%D0%B8%D1%82%D0%B5%D0%BD#cite_note-noinclude-3)). Ежедневный пассажиропоток шанхайского метрополитена составляет около 10 млн человек.;;;;;;;;
644b002a-46cb-4a33-bd95-7b54dacdb06d;knowledge_base\Шанхайский метрополитен.md;Шанхай — третий город в континентальном Китае после Пекина и Тяньцзиня, где появилось метро, которое открылось в 1993 году. Одна из самых молодых в мире, данная система метро является наиболее быстро развивающейся, уже насчитывая 19 действующих линий (без учёта маглева) и ещё 4 строящихся, включая продолжения действующих. К концу 2020 года планировалось достижение протяжённости в 743 км линий с 457 станциями[[4]](https://ru.wikipedia.org/wiki/%D0%A8%D0%B0%D0%BD%D1%85%D0%B0%D0%B9%D1%81%D0%BA%D0%B8%D0%B9_%D0%BC%D0%B5%D1%82%D1%80%D0%BE%D0%BF%D0%BE%D0%BB%D0%B8%D1%82%D0%B5%D0%BD#cite_note-4)[[3]](https://ru.wikipedia.org/wiki/%D0%A8%D0%B0%D0%BD%D1%85%D0%B0%D0%B9%D1%81%D0%BA%D0%B8%D0%B9_%D0%BC%D0%B5%D1%82%D1%80%D0%BE%D0%BF%D0%BE%D0%BB%D0%B8%D1%82%D0%B5%D0%BD#cite_note-noinclude-3). Фактически, эти показатели были достигнуты в январе 2021, с открытием новой линии 15.;;;;;;;;
43766f74-404c-4071-9ea1-5d5759a9e496;knowledge_base\Шанхайский метрополитен.md;## Общая информация ![[974881e76f50a8c33072aa6d30eb1e8e_MD5.jpg]] Типовая подземная станция с платформенными раздвижными дверьми ![[b195f7f444cdfa23595a311d705ad561_MD5.jpg]] Типовая открытая станция с установленными автоматическими платформенными воротами ![[d76e414b3796d30802b23ba02a30f8fb_MD5.jpg]] Платформенные раздвижные двери на станциях;;;;;;;;
27520963-1eed-4d42-9ffa-cc94585f07f7;knowledge_base\Шанхайский метрополитен.md;Типовая открытая станция с установленными автоматическими платформенными воротами ![[d76e414b3796d30802b23ba02a30f8fb_MD5.jpg]] Платформенные раздвижные двери на станциях Метро Шанхая современное, быстрое и недорогое, на станциях поддерживается чистота. Плазменные панели отображают время прибытия следующих двух поездов. На жидкокристаллических мониторах внутри вагонов поездов, идущих под землёй, показываются реклама и название следующей станции, а на наземных линиях информация о следующей станции отображается на светодиодном табло. В поездах также проигрывается запись с названием следующей станции на китайском и английском языках и с информацией о достопримечательностях и магазинах рядом со следующей станцией — только на китайском. Метро оборудовано для передвижения инвалидов. На всех станциях установлены платформенные раздвижные двери. ![[8e2cfdca8c02d7bff4da5f1350eb5c26_MD5.gif]] Развитие шанхайского метрополитена 1993—2019;;;;;;;;
a9458d2f-b81b-4130-b95c-28f77c96fcb8;knowledge_base\Шанхайский метрополитен.md;![[8e2cfdca8c02d7bff4da5f1350eb5c26_MD5.gif]] Развитие шанхайского метрополитена 1993—2019 Среди недостатков системы можно отметить сильную перегруженность в часы пик (особенно линий 1 и 2)[_источник не указан 608 дней_] и недостаточное покрытие городской территории[_источник не указан 608 дней_], что, впрочем, постепенно решается быстрым строительством и введением в эксплуатацию новых участков. Многие также отмечают не очень удобные длинные переходы между пересадочными станциями[_источник не указан 608 дней_].;;;;;;;;
4ca8302c-cb47-4ff7-bdd4-5c66ea3d3510;knowledge_base\Шанхайский метрополитен.md;## Линии ## ВІО > [!Тір]+ > Source:: > Child:: > Next::;;;;;;;;
